tester_idx,project_idx,label,match_prob
557,553,0,0.013955010174107276
1878,504,0,0.034162962009982464
1012,258,0,0.01314264057905929
888,812,0,0.03367637504617409
1616,862,0,0.036871194612337226
1700,189,0,0.028237474884188242
1045,248,0,0.012847584265160486
45,97,0,0.045249734015094537
890,154,0,0.010056214227509437
680,930,0,0.05197656323161736
208,515,0,0.01436163442020554
454,128,0,0.04737455580786398
55,61,1,0.05485734990704937
1172,795,0,0.04851932170026404
1466,506,0,0.02892944699731044
796,769,0,0.026443337497447518
1128,54,0,0.03593954456771267
726,651,0,0.05705014716001141
1053,141,0,0.04795692923498521
606,345,0,0.49784430735412727
1138,525,1,0.05701357714220594
1843,301,0,0.046993531464181594
112,20,0,0.04732249113184029
1190,129,0,0.0454529594669135
867,742,0,0.01584835512675517
1619,792,0,0.030768868312873503
1062,237,0,0.02818050289923328
1161,202,0,0.03261368680292943
1553,177,0,0.019833025243646826
37,381,0,0.04032767037814199
1649,379,0,0.010824811617389598
113,647,0,0.03255830855668463
317,172,0,0.020675759148931647
813,306,0,0.012962974866789337
1384,240,0,0.021722684773637185
1441,981,0,0.01398007101741188
1211,742,0,0.04498951321292491
407,176,0,0.056079060855402374
662,532,0,0.0149315914141869
1132,98,0,0.015458669519003133
919,545,0,0.07707779349075065
609,484,0,0.01746601497682701
1629,297,0,0.04196912476123599
1675,496,0,0.3885073935385001
424,8,0,0.06050602401439431
1768,632,0,0.05136622487415835
1808,195,1,0.013898353112021122
231,477,1,0.5152845942930804
376,23,0,0.039891303665157724
938,106,0,0.04290562677727277
353,973,0,0.05274125225328537
1365,670,1,0.42635611160451586
1311,339,0,0.07986894589001665
775,634,0,0.025002331930712232
842,857,0,0.03688131219102937
1264,877,0,0.05975603115418081
683,905,0,0.011187850926675492
798,286,0,0.010926539825504008
17,744,0,0.36377267145302944
1262,453,0,0.03452821625624761
487,504,0,0.0587777398604385
640,160,0,0.04203173677784503
906,462,0,0.019315046873163773
1562,755,0,0.017137746392715605
1497,564,0,0.0509190259133442
301,999,1,0.015060599153536004
1279,683,0,0.017211617747754256
1084,71,0,0.05027427217203045
243,385,1,0.6270827436173343
837,195,0,0.022243300553778808
380,996,0,0.05057576076456779
0,750,0,0.03149680158603743
341,202,0,0.015031694888454364
470,869,0,0.0316682586655787
21,130,0,0.023835725306462198
824,539,0,0.04543059407689519
1044,280,0,0.04790280672794251
1012,869,0,0.04188076965558935
1786,527,0,0.05415098126159358
243,56,0,0.05290961683434062
701,820,0,0.032334582768980734
1635,200,0,0.0562958092436218
1161,23,0,0.01269624472701822
937,432,0,0.04335825330215527
257,548,1,0.48135337342760887
1743,163,0,0.013890449081401503
1308,611,0,0.47534345018300067
949,297,0,0.04201166643926673
248,443,1,0.0262901472618328
1362,640,0,0.02117123260362065
388,269,0,0.46239464125990526
1045,316,0,0.01710540148549844
500,912,0,0.04988748338615615
1088,79,0,0.014888551367261475
253,367,0,0.043121837851748994
884,136,1,0.5724778643465357
1824,313,0,0.053394035265549894
270,336,0,0.04844951966987528
1218,448,0,0.03548263006005787
487,848,1,0.25686022580040785
1384,46,0,0.04479650413008296
586,115,0,0.03734951050616277
942,335,0,0.04648143374374253
377,856,0,0.022733195878257464
845,209,0,0.05026491919339506
242,478,1,0.02478716861699833
26,794,0,0.034019046052094756
687,400,0,0.037860039895385715
301,898,0,0.19461899442415376
359,185,0,0.030195149109659015
62,480,0,0.041507252549922206
1025,68,0,0.059610376593272396
5,411,0,0.04673280693560194
608,444,1,0.33223639959320134
1307,909,0,0.057495146894770824
1117,890,0,0.0280780730290174
64,877,1,0.7837263551057365
1546,832,0,0.04011651948577928
1222,598,1,0.01432563207232055
1890,976,0,0.05856434479601078
1394,132,0,0.05125082058954513
141,450,0,0.07303896278123216
390,459,0,0.013942195611643506
97,371,0,0.07875611486572352
129,35,0,0.037097464236364744
412,791,0,0.3983727807718429
582,573,0,0.028624247928183806
1773,741,0,0.020770156993166006
465,822,0,0.5642525453898133
1498,71,0,0.04010242365226058
613,861,0,0.045336172870372025
1962,425,0,0.037374865038957296
353,380,0,0.05005336250744952
1046,923,0,0.024371697437678464
630,899,0,0.011070296402160009
1295,145,0,0.41605797388079474
766,612,0,0.06197151917540233
435,205,0,0.052998396638925624
1106,745,0,0.05968336735011224
858,224,0,0.0494021124838981
333,781,0,0.03218413319972891
669,676,0,0.04182180593367771
724,389,0,0.030351226016822747
1433,363,0,0.3372548267654001
537,731,0,0.30531923152928697
1706,383,0,0.05297899120525108
516,53,0,0.019759411038478572
1672,773,1,0.05110482649973006
1407,347,0,0.44450112541613196
884,896,0,0.028401426473870305
233,271,0,0.010584124219472427
1664,354,0,0.035513965221090474
761,135,1,0.4401503343951311
897,160,0,0.01575975610487042
1850,737,0,0.01554013761842516
594,966,0,0.047853544708950674
1926,315,1,0.7102409318640391
1636,539,0,0.059351241268336206
1540,99,0,0.043451408413014175
180,429,1,0.5904969122738724
1201,493,1,0.022027095787041498
1980,538,1,0.37746472952759613
1619,374,0,0.014024177225744974
655,531,0,0.05991020125123238
1808,177,0,0.06207232653735273
1538,454,0,0.040042149193155144
1450,559,1,0.07940278751637012
1168,421,0,0.023767432511429633
274,787,0,0.05817430455661076
1399,741,0,0.5575592892327688
917,398,1,0.04367718646546755
44,781,0,0.05359353212342154
1316,712,0,0.019577404470248812
996,157,0,0.05311850366948663
347,625,0,0.061237358429771745
864,173,1,0.37132827550178715
390,190,0,0.01995690605204128
825,315,0,0.027026342372133368
1374,355,0,0.05824755574090396
1616,263,0,0.013659740734120048
53,750,0,0.04654675326838411
1491,952,0,0.048661818434647
78,645,1,0.040757637389387265
1995,732,0,0.046066452718324206
1701,43,0,0.07785525837570846
1154,115,0,0.03553692191853707
1439,920,0,0.06892938808651508
1426,266,0,0.02756292362532598
568,866,0,0.032176736373646576
1028,115,0,0.04599495982073878
188,87,1,0.03325620949901825
1766,458,0,0.02079344572854008
1474,803,0,0.034808766170283646
342,269,0,0.04221765465272056
384,239,0,0.017920999945391168
1320,587,0,0.017881403466993087
1244,216,0,0.019710944901797083
796,698,0,0.0222126389289125
840,98,0,0.028411636575017857
224,852,0,0.5045581981935137
882,890,0,0.025925667254877882
1585,65,0,0.029167569105207125
856,1,0,0.019956118553474303
525,57,0,0.021780633775568017
1002,683,0,0.03685321967925186
799,289,0,0.03351284236112413
1385,884,0,0.0565268407598186
77,785,0,0.05842621730649271
1494,691,0,0.036948863769322486
37,763,0,0.03266331346608678
1122,495,0,0.041389697563265375
1242,84,0,0.05398705871673122
1073,113,0,0.017448314159296513
1019,62,0,0.03392502201595316
1917,26,0,0.048983541791540984
359,983,0,0.05097334247143249
1725,528,0,0.02714046240034345
308,861,0,0.025942708766084017
452,574,0,0.04195479444123678
29,817,0,0.4546864511689111
1573,396,0,0.07091000931171533
1575,126,0,0.027955982392356436
1443,792,0,0.04628547110771546
180,189,0,0.019905116266030393
835,612,0,0.05780959045858688
517,12,0,0.038002617619172764
1107,822,0,0.04831848465131209
733,410,0,0.04162664020628913
182,21,0,0.05428734543082174
335,164,0,0.0357173438488529
1466,124,0,0.028360839808081954
301,62,1,0.34737186716216745
761,945,0,0.012349183493424572
15,94,0,0.05154729938800048
14,640,0,0.03512630412456662
1131,811,1,0.45903319606637727
1301,89,1,0.5689884769674036
1703,216,0,0.04275991985679723
1341,129,0,0.049920759684597873
171,905,0,0.030843856565521043
432,737,0,0.0590596424225926
982,809,0,0.061998572589094796
1593,883,0,0.019913321548174538
750,77,0,0.04329101035315625
512,852,0,0.046624953046062165
1837,554,0,0.042451078304971114
485,660,0,0.016686716829394602
966,168,0,0.03290347283712036
1008,526,1,0.029402827316074395
979,586,0,0.04189867370558464
355,823,0,0.0552330092240656
187,770,0,0.047474973199042814
1207,36,0,0.038208803515074156
682,68,0,0.4617222476429093
228,286,0,0.0233590584050664
581,248,0,0.018334437959756478
848,675,0,0.02669158451773944
1831,352,0,0.3076850637378707
117,184,0,0.02930490927123614
663,361,0,0.04154312825684102
182,407,0,0.04834719462337462
202,494,1,0.05052580274127478
557,557,1,0.03896105041366473
313,882,0,0.055816631597386174
335,278,0,0.011043719562213762
1419,924,0,0.542133229731956
1187,287,0,0.06917849232266712
1056,718,0,0.03844515650306844
499,440,0,0.016653968150960614
1298,505,0,0.07069978424438317
892,313,0,0.053199837733041225
1377,861,0,0.03037619416110797
1485,918,1,0.3139474372566959
1955,819,0,0.2561502339366252
1781,472,0,0.04078475381002507
816,65,0,0.010623596077183408
1160,876,0,0.0193791996283786
169,5,0,0.0390415991459408
1020,120,0,0.02174291003113937
1427,102,0,0.5463199941924846
1017,265,0,0.025282523400938773
1811,417,0,0.03334749354447787
227,379,0,0.0444528151631874
300,656,0,0.048817771704597245
1204,32,0,0.06524622421537818
551,338,0,0.01757229112912622
945,564,0,0.023480372178966164
911,559,1,0.04611157434684973
1810,621,0,0.016853134454294896
334,792,0,0.06415238524359299
1097,509,0,0.5623349825157149
1502,460,0,0.029955983067854748
353,913,0,0.012197335963922591
1024,486,0,0.02332018771079237
758,878,0,0.05073327849454023
435,661,0,0.021784208565397634
1115,531,0,0.022603161372698286
132,85,0,0.04484584813929226
1545,506,0,0.023278056754843842
1453,306,0,0.027431595987262462
1898,614,0,0.0566612811003577
615,556,0,0.03558505454262265
739,18,1,0.4527789578454169
1445,244,1,0.05644330745357641
1586,428,1,0.0363448049867948
1284,633,0,0.040874467380134984
553,707,0,0.047267855495303816
320,414,0,0.012244687394244787
1953,374,1,0.59397466830624
1033,904,0,0.01663427131953011
35,167,0,0.013611242445634244
1118,849,0,0.016005439109628473
1918,447,0,0.220404716051079
60,996,0,0.03879234446455036
34,699,0,0.04488373913969502
620,14,0,0.05814474243096232
1642,805,0,0.04527921632493031
172,889,0,0.03541574918617556
423,914,0,0.02049795873164023
66,570,0,0.04882655784183471
1184,379,0,0.019184346533688938
646,100,0,0.04079317714132519
1424,7,0,0.05293435195256161
1035,342,1,0.3102515095076089
755,732,0,0.5234948123457778
1646,145,0,0.03693521446646659
1940,635,0,0.05868054424544019
800,496,0,0.025465733745025178
800,833,0,0.022059258653227623
101,353,0,0.03304523200983186
1854,655,1,0.452469149758527
1843,946,0,0.030263675280369058
35,862,0,0.05723359552734632
1027,549,0,0.0559800713792336
1575,185,0,0.019135675563491203
1989,823,0,0.5887712641610737
1222,689,0,0.02877327421195313
1348,253,0,0.0680059706734457
646,607,0,0.014282759856455225
1671,261,0,0.051343082256075
1392,829,0,0.04733484682503067
1234,59,0,0.041482957742444905
836,18,0,0.31142915507250435
1620,832,0,0.05761308899450203
1814,587,1,0.49220773906475135
686,294,0,0.033346947692807605
605,345,0,0.07175049885271127
877,569,1,0.48934594071171833
1542,738,0,0.019540300631022994
977,780,0,0.027439056359273226
1141,750,0,0.03479969505324536
890,343,0,0.3197959226422138
90,51,0,0.04932807749664368
513,806,0,0.015643590226715406
1343,603,0,0.04138324091853927
1934,825,1,0.043286054337084254
1902,105,0,0.018359892491319682
1639,371,0,0.05220901497614846
631,12,0,0.04141369850785408
204,997,0,0.043772371802128465
1355,600,0,0.42378994783411794
953,424,0,0.042092923213010384
143,532,0,0.03874585571833232
1974,56,0,0.022241121195061636
223,212,1,0.4417627824530013
1007,69,0,0.02496975361614446
826,251,0,0.03383396660258296
1053,177,0,0.017330711723645722
1813,292,0,0.03821450433530369
1745,260,0,0.038450859973794535
668,225,0,0.013150082814578414
411,262,0,0.05956690966339433
789,406,0,0.013838422879690301
1184,492,0,0.03101203746423893
1768,532,0,0.014890976003621211
738,167,0,0.026094734295052317
770,727,1,0.6673143451393337
182,369,1,0.4750395336239813
232,790,0,0.038818432177047585
267,785,0,0.0439924646776012
1320,195,1,0.5877898829298349
500,572,0,0.02340141799389533
1914,630,0,0.012527347270018748
714,403,0,0.05957055876567122
995,330,0,0.05266040186096699
1433,953,0,0.48444842511415537
390,413,0,0.040854900802841695
1984,312,0,0.03326147764195894
45,671,0,0.02143656346480079
591,553,0,0.0194488204769104
1145,702,0,0.014046802384800884
707,310,0,0.044433098915429535
61,240,0,0.01609313055913669
1556,903,0,0.05458411045092826
1444,206,0,0.02396246452142365
417,806,0,0.4023578836067826
1434,393,1,0.44913291957785734
1095,703,0,0.05503314073539185
1221,614,0,0.026813480953204134
1355,894,0,0.054824866488068155
1183,771,0,0.014904096309622613
943,101,0,0.3897539976656411
1216,690,0,0.011649732017553873
1588,434,0,0.07839116885683141
186,99,0,0.038339679291966466
1859,544,0,0.0413044595632134
1086,692,0,0.013541209187332334
249,910,1,0.3804458466485712
789,658,0,0.05054197369402994
1174,684,0,0.058446365262824665
236,165,0,0.011595503267978532
474,924,0,0.0572765543089234
1687,782,1,0.04981135392736577
181,949,0,0.019118651101920077
1601,397,0,0.026162474790218097
191,426,0,0.030812729190742176
1100,971,0,0.3339123075911574
1711,982,0,0.05057789179582723
1733,728,1,0.05192820741129896
1804,885,0,0.6003701386638308
549,648,0,0.02093620500142561
1036,298,0,0.043741367860794696
84,651,0,0.2863704066595394
699,379,0,0.011987230244243065
771,935,0,0.013627284547324765
1001,819,0,0.038572062769663726
842,332,1,0.8317256128142688
1621,976,0,0.011138053006523681
1899,353,0,0.05304523401492245
158,746,0,0.027118922070507166
776,687,0,0.04476958588394603
1297,317,0,0.041977647017396404
124,407,0,0.05437106783896888
149,128,0,0.05880426860193833
1844,942,0,0.01735818828347085
1091,667,0,0.031826549068591815
1192,881,0,0.04906447425682894
992,278,0,0.339545133887013
425,2,0,0.047943836699297596
1003,480,0,0.032056870604059255
230,835,0,0.02076682420732113
234,770,0,0.036034629170162105
963,535,0,0.047490694839310496
38,384,0,0.04878964898763987
1176,349,0,0.010206757042217783
1978,505,0,0.019633252173384533
972,100,0,0.029990911855909103
1913,181,0,0.03398482854626657
704,899,0,0.04006765958561141
1822,320,0,0.012443128364656254
140,876,0,0.028701747277556804
434,599,1,0.565411894634944
1401,190,0,0.015053526516476392
1789,238,0,0.030789725437144783
1806,549,0,0.02979480585082394
225,920,0,0.038185005270187436
973,258,0,0.03814986170591928
1304,403,0,0.010782272084496858
295,588,0,0.04755321383528851
294,261,0,0.05834637716047092
1924,699,0,0.02208826917868445
841,508,1,0.4435179617395575
130,712,0,0.020432788504367146
517,838,0,0.5443415858624868
697,584,0,0.03272793136635204
945,729,0,0.05130701026456945
1854,565,0,0.0518268777649191
1661,974,0,0.048323079024415676
1134,696,0,0.030315943470116014
717,763,0,0.02997670064266062
1297,648,0,0.058189970288839765
1502,859,0,0.03634730669777865
1878,642,0,0.06779527292915186
4,363,0,0.01677943715535901
1437,282,0,0.019927365132929677
1636,696,0,0.05170978746306198
239,22,0,0.04629180027890874
430,594,0,0.049300272708689676
714,863,0,0.3874707445068546
1697,673,0,0.01615045860589825
37,436,1,0.33847630047313054
344,762,0,0.24240673924228287
1885,48,0,0.07516525565470256
1798,675,0,0.015349804193426672
1145,324,0,0.045492758392342146
1640,987,0,0.013738498637506487
1206,53,0,0.041670635283972954
878,183,0,0.03523848121298627
4,117,0,0.0260179460119671
1988,991,0,0.05312839973362626
1643,129,0,0.041007081472723375
1378,936,0,0.06114515579944698
1317,740,0,0.03704473168305118
97,313,0,0.027595050239939654
626,225,0,0.029622343495941526
982,872,0,0.0440767117686409
23,591,1,0.0515118806526051
1883,224,0,0.03855778572144308
1546,410,1,0.39397590752908945
1460,737,0,0.010695577466622754
1115,311,0,0.015436969058642731
745,249,0,0.012058345755910357
1224,358,1,0.04382944489736655
416,152,0,0.5930155042389313
489,302,1,0.017774575898980932
556,107,0,0.045081270893377545
1528,914,0,0.05996247393644715
1278,789,0,0.06607287835045815
377,898,0,0.021653935786173646
1905,687,0,0.01878424201695455
228,272,0,0.05098690648190942
1410,194,0,0.020783373671227304
577,432,1,0.5246426346882356
971,99,1,0.054527580288587896
527,74,0,0.3925205657780747
1820,10,0,0.013447828243654165
1295,782,0,0.042564615861797675
1953,579,0,0.05172258018303237
1797,32,0,0.051276772988818435
347,335,0,0.05034553584376819
1339,557,0,0.020318500551448855
715,929,1,0.7359606215324024
578,498,0,0.045920887107288505
168,253,0,0.04176724751452717
93,219,0,0.016385846132310818
1402,958,0,0.04402155504795319
461,158,0,0.029580813498404905
591,150,0,0.015193991026843757
1131,202,0,0.019493985999830363
911,270,0,0.0434373401860775
1874,133,0,0.04293755767051625
800,670,1,0.4918291270844288
1768,370,0,0.018473825436004267
679,273,0,0.058908852498061895
281,13,0,0.010312032939792227
1376,678,1,0.049968519573102714
1303,627,0,0.4079087587685694
252,332,0,0.042314739951466535
619,365,0,0.027735068069165356
853,460,0,0.2943662800862984
120,40,0,0.02262993685569148
257,81,0,0.24867890575437063
1911,189,0,0.03935452077123928
914,859,0,0.056114710435957726
1326,735,0,0.04124828735654419
527,239,0,0.042890591938126575
393,404,0,0.057736255515949825
154,530,0,0.03424559763295902
1755,968,0,0.5737789846078527
1880,754,0,0.017561142667969876
1467,520,0,0.04181258894884348
1980,499,0,0.03325553710131837
391,262,0,0.011968495901403827
463,420,0,0.021634117940419903
683,945,0,0.6156846544153245
1367,102,0,0.04359470653179733
268,236,0,0.03369997737027718
362,982,0,0.04211603476574903
27,739,0,0.037765754908882655
1705,115,0,0.4172790834678984
1165,485,1,0.059721280597166596
613,785,0,0.05027525996864063
1062,381,0,0.015633297361195578
134,481,1,0.37293615779709827
1504,353,1,0.2832574057528952
531,493,0,0.052234225154104856
1735,289,0,0.4531320695581859
1540,735,0,0.05750762815613848
0,583,0,0.05055423944202491
266,799,1,0.35802359117852667
186,485,0,0.05856508474059881
539,171,0,0.45295858005075307
1073,639,0,0.06874693259829096
1048,773,0,0.013274768345291961
1907,677,0,0.5533052485733867
217,953,0,0.43113926854368917
57,228,0,0.033560524170046326
1755,310,0,0.058177179361316625
1920,958,0,0.046588229825760406
310,225,0,0.014079030069082905
1441,156,0,0.02645973735918415
1940,891,0,0.027254978500637225
1768,238,0,0.04427533466024967
1217,628,0,0.05480886919839047
1596,811,0,0.031835664328415926
1183,661,0,0.41060510021560026
143,27,0,0.01555375838252865
1025,229,0,0.017710786829377455
1145,695,0,0.013990199318913345
1629,991,0,0.02904256645965992
52,420,0,0.029041505531902205
1003,458,0,0.02871369158815664
1271,558,0,0.0180000303814625
582,495,0,0.02728174550738851
473,712,0,0.05575672327766763
151,495,0,0.05362062017194443
1290,292,0,0.024118590530869052
1020,849,0,0.04473417079800161
1537,87,0,0.05878589724430476
1986,326,0,0.04580053888333486
1068,416,0,0.03813822866102764
1642,503,0,0.021379069623328306
493,492,0,0.043221349016927195
1127,203,0,0.03710313727763264
87,659,0,0.07160581839802362
1152,678,0,0.4485400002020207
241,546,0,0.03780085708022979
1220,943,1,0.5517505570802663
1894,13,0,0.03215718473018016
1894,908,0,0.017640332152589786
154,806,0,0.019125448947621776
893,453,1,0.30918163035141094
1299,658,0,0.037017092441627854
1149,35,0,0.03887901998265528
211,639,0,0.01384838019157711
1778,202,0,0.05744377786033026
776,793,0,0.04218619957558394
216,284,0,0.44588292817908937
1291,204,0,0.03336999185159324
1462,480,0,0.03944292180396514
1511,129,0,0.032416687549491535
102,736,0,0.026523692455004265
117,809,0,0.05748885374861444
189,74,0,0.046751503258451926
717,635,0,0.5049116314743668
546,369,0,0.2700462010891332
329,233,0,0.02982319848456748
1112,460,1,0.4894505739749491
1448,12,0,0.030078169787696216
973,362,0,0.01731784646921582
160,811,1,0.5257582035565231
1028,437,1,0.42377569161844353
1117,355,0,0.033286155392686145
867,285,0,0.030256191674546483
606,742,0,0.057940562097541747
1417,884,0,0.020374035000222793
1434,260,0,0.05072229946187709
1474,157,0,0.042525984729878584
833,655,0,0.019656749875152382
1355,639,0,0.5118327505587896
219,676,0,0.04992580016394726
955,512,0,0.515535539365367
1810,49,0,0.011127409914798849
1899,5,0,0.018483256714222747
1922,255,0,0.030040499110174416
308,443,0,0.6681464612263385
1166,998,0,0.037987259241984206
584,9,0,0.3565288081048798
649,876,0,0.039266030502430514
1981,855,0,0.04272184161113743
1921,515,0,0.042053101162077694
1274,54,1,0.6781637810515113
577,919,0,0.04920074600103897
208,629,1,0.5623909933902411
597,438,0,0.016862064846518532
653,577,0,0.05348324926653655
774,559,0,0.020372740693957635
760,752,0,0.053527780621449576
1868,605,0,0.04419324278605799
528,682,0,0.02883545871701286
964,822,1,0.07736495471670048
1495,203,0,0.040887745515507834
770,845,0,0.0459851652595061
561,804,0,0.04640209689487282
633,463,0,0.028480080489695823
120,940,0,0.015868904796908778
1826,17,0,0.04217246547843719
1227,710,0,0.0418267248267886
914,930,0,0.033814093022815336
1016,565,0,0.036926862605976406
1747,56,0,0.5394808964670599
380,153,0,0.02499490395753874
1204,465,0,0.03513638541417559
85,914,0,0.017883325965444744
351,716,0,0.020513725028226914
1486,594,0,0.05646994670221982
1734,811,0,0.04128481401108932
948,660,0,0.018540045502029475
904,752,0,0.43083147684793516
1152,852,1,0.38795558452693263
1910,936,0,0.06187339473080799
337,243,0,0.036820503492527135
356,533,0,0.03475142630357575
1919,607,0,0.0270850389010786
1575,763,0,0.025577463453857474
1081,482,0,0.02569914527413348
269,149,1,0.5384382650818741
1086,51,0,0.5208582965917936
438,168,0,0.030325839921676576
1727,405,0,0.05287788113923018
1461,551,0,0.04598712087885712
1835,555,0,0.05172750948163463
993,361,0,0.03933126737834339
316,478,0,0.05324615188569003
977,153,0,0.36767933932288777
862,935,0,0.026118947510995964
1488,644,0,0.06439164581141346
1181,153,0,0.04418592422698927
1566,519,0,0.01256785665365763
864,150,0,0.0592368291076978
1318,692,0,0.03130957707743088
890,261,0,0.04585208249058707
1899,750,0,0.01684055910340105
1274,343,0,0.05573450389860948
1386,536,0,0.012403231326617222
1551,934,0,0.05751413685751845
744,962,0,0.021971677198604846
767,844,0,0.4862797988598804
773,377,0,0.04351568849979797
184,184,0,0.034157243045782736
16,421,0,0.02677101424652395
1560,954,0,0.05532689157970364
1963,687,0,0.015647680812166647
775,669,0,0.056907283444975074
1888,345,0,0.053401299320407804
1342,187,0,0.03514598004989454
1374,960,1,0.011802874459669628
1759,277,0,0.07033735422300971
1857,389,0,0.49020709750917707
1188,478,0,0.4528623506857862
440,369,0,0.044318655442195015
1669,336,0,0.039097389087227735
1833,595,0,0.03601907464832563
508,630,0,0.5070193699858629
1244,448,0,0.018484443821888553
1449,538,1,0.33827071055504454
1914,627,0,0.027708256843428723
1586,175,0,0.01345651253544159
1697,898,0,0.03690751548609862
570,125,0,0.04664308490929268
534,528,0,0.049902010962084555
1945,68,0,0.05351431755097953
426,106,1,0.7553532295946478
526,498,0,0.04985527534005347
377,461,0,0.03150666316508511
183,947,0,0.06446872551122204
111,245,0,0.3600452081790398
779,586,0,0.0317259288968348
997,241,0,0.06902405605705669
1583,604,1,0.3859797190374089
1247,274,0,0.025423449549766025
808,357,0,0.011071708706749386
1118,168,0,0.04896261393265011
703,287,0,0.029779571733993468
1235,900,0,0.07488005240529522
1188,882,0,0.020115647673934756
1538,100,0,0.051281795659012586
426,171,0,0.0232884101224424
612,354,0,0.05259935695095916
286,506,0,0.03651088743104046
792,989,0,0.36247834627265757
1341,343,0,0.03150340011820589
732,244,0,0.042988418000931415
1764,622,0,0.03683406891584493
1131,258,0,0.354241845064722
24,809,0,0.013308250649221028
461,692,0,0.05783707100140418
189,363,0,0.027199072533329503
1266,107,0,0.041229127897248675
1972,304,0,0.05977252712322223
1698,568,0,0.02087515443873468
527,450,1,0.028638152815606492
1490,653,0,0.41761979175810926
444,625,0,0.03333884326089151
1609,540,0,0.04634729637014502
1406,143,0,0.014036558358352377
845,947,0,0.03158206823263151
1992,188,0,0.022632531025080806
1028,130,0,0.23995084254575838
687,723,0,0.05487321185031885
34,337,0,0.4655981759726539
508,854,1,0.45352001477824505
876,984,0,0.03453559684508868
217,137,1,0.4946992256325434
743,463,0,0.032199424007679625
1992,816,0,0.013666310273923784
442,262,0,0.025518950988269385
955,865,0,0.44514680472812435
1225,188,0,0.017864424332340617
1766,16,0,0.4451377087420295
617,10,0,0.0747080271270347
1404,876,0,0.011302192684407322
1542,968,0,0.057037614833712294
268,134,0,0.014191222455478304
1608,212,0,0.05407403403382875
491,343,1,0.41892038894718003
1296,138,1,0.04349537985058076
1025,881,0,0.060969688272866585
690,714,0,0.058820242858935105
1317,796,0,0.041417871632441816
1813,310,0,0.04124322493938314
979,509,0,0.5159804139686393
52,584,1,0.4334643248804918
1684,140,0,0.052095978518397694
943,4,0,0.027980399147066723
477,477,0,0.02037819297146415
655,779,0,0.05043470326166092
1755,658,0,0.025821783984020498
651,20,0,0.0231596966338403
1502,217,0,0.05422756844257248
1401,12,0,0.028017438943160375
1148,547,0,0.05785895621817153
1757,182,0,0.0730945812622837
850,993,0,0.053906566480736516
627,496,0,0.01282730236001023
72,900,0,0.5965133359838767
1363,332,0,0.03156327091154228
1851,554,0,0.017736070511446596
1262,509,0,0.01613480396100546
1885,957,0,0.02229036695719228
1243,356,0,0.031612698121861287
594,705,0,0.03486420632364511
61,572,0,0.40517772270359276
84,716,1,0.3513700031140828
870,298,0,0.4933026433182353
745,807,0,0.04536259997645644
1969,351,0,0.04217695208182977
1653,809,0,0.016995324249399577
1027,835,0,0.02535510400062595
136,857,0,0.027559873103699395
2,355,0,0.01827170248128648
1340,740,1,0.7230550012989506
764,122,0,0.043335631221526706
1421,349,0,0.019527522554944637
1482,624,0,0.05469961913931622
83,322,0,0.057166420572150364
40,366,0,0.053360610093634506
925,15,0,0.05621541952994526
1652,121,1,0.2885110513585142
907,367,0,0.017024679838830603
1113,936,0,0.057830971666900065
1400,691,0,0.0404809257959256
579,766,0,0.040433275030504895
1288,102,0,0.04388960997054756
1521,41,0,0.07256106749702868
468,520,0,0.016340251093130045
144,908,0,0.01851269153413402
1201,913,0,0.04173546015868921
12,212,0,0.022769942613877388
316,807,0,0.04951104321528033
1988,949,0,0.04770704264200272
1412,781,0,0.010006328301723164
111,521,0,0.3262417552081111
550,91,0,0.057320074810164406
1214,485,0,0.028188884836194354
554,116,0,0.027318948363393672
479,537,0,0.04847405870398396
673,515,0,0.028769554612264492
1459,447,1,0.7178924613909178
1013,141,0,0.03326185370820332
49,259,0,0.029360275039945913
391,592,0,0.02573797808194133
1557,490,0,0.02106627702018913
1560,142,0,0.05687939517312458
1048,458,0,0.05538249616262659
1750,478,0,0.012982999509407823
685,119,0,0.0548733547443209
252,346,0,0.4689152469097728
1520,301,0,0.07311446790105718
78,162,0,0.015910010508849798
1441,601,0,0.05094951607880129
1500,383,0,0.015014308954684976
1837,865,1,0.42830280066214393
23,885,0,0.45854806653812996
1920,605,0,0.042839755085656246
1050,209,0,0.04616100807734469
1531,818,0,0.05428977475368977
887,459,0,0.03031851558862047
1433,157,1,0.04390121628107076
1270,25,0,0.03753211464506116
1943,247,0,0.05447327902601096
826,418,0,0.027665929798583004
1520,446,0,0.03571123888670175
1589,632,0,0.04538159542215411
1181,271,0,0.022135283001233526
847,293,0,0.050779636984291186
1087,728,1,0.4411061952777343
857,902,0,0.02166388121380347
265,222,0,0.03016600116768918
1128,797,0,0.4996756981008763
142,875,0,0.3078730217277024
167,526,0,0.03848369496933544
611,897,0,0.02610892662159571
580,328,0,0.05213398563599438
530,708,0,0.022581241217765786
736,986,0,0.4373531540964971
1097,389,0,0.032383269988765756
635,882,0,0.024531261067353767
1598,100,0,0.041505506058811356
1973,900,0,0.029921850381837457
946,906,1,0.5643681696304308
954,548,0,0.04953071881779263
577,347,0,0.03936763227143001
1693,262,0,0.05843693223777372
816,369,0,0.010123676988793287
1503,781,0,0.04600312407434561
705,274,0,0.04455407462946119
877,801,0,0.039088905286961254
1335,428,0,0.059213222941744505
1201,345,0,0.42971252116732633
1044,126,0,0.0552093861334497
754,272,0,0.4103992685201304
1787,156,0,0.014805061639199566
637,176,0,0.04151882489406806
1747,779,0,0.05481262423219297
1654,654,0,0.05552110017885192
1439,732,0,0.07693833139348136
1745,493,0,0.024044589594536737
1609,660,0,0.0361670723726074
1534,174,0,0.0210299628682364
1541,998,0,0.017977491906750492
562,741,0,0.052516762184475395
361,920,1,0.010885691271608091
1878,8,0,0.013952377069557584
1109,518,0,0.042288634070958564
1809,889,0,0.059668492864684446
1288,305,0,0.036720123151667595
1010,796,0,0.04150143358432611
25,136,0,0.025399232537889255
1857,627,0,0.056473393404888175
615,814,0,0.06483683183393059
21,275,0,0.05371820295512431
1551,898,0,0.020748951174638243
1922,175,0,0.019018668921436076
1427,107,0,0.028926462644762937
389,298,0,0.049414624089947505
1405,301,0,0.01884220767498119
1588,260,0,0.035853902197423224
85,136,1,0.03246975831004103
1596,490,0,0.026980770116160478
82,282,0,0.04700926176942106
1824,956,0,0.03403419374235867
584,654,0,0.39245349883294567
269,480,0,0.03415010897410335
1891,481,0,0.05985462270936093
1999,607,1,0.6742748578676689
59,709,0,0.029032282982663485
35,81,0,0.4293607107939304
786,992,1,0.48970258955187274
18,261,0,0.023998079445086307
1661,129,0,0.050690295722081655
1918,119,1,0.40829379737948296
679,450,1,0.4438583841195482
1659,942,0,0.012043786978653527
818,526,0,0.051342503980155635
1736,587,0,0.04073743013948867
459,220,0,0.07416961135564198
1134,224,0,0.014211927244931663
1325,334,0,0.010577716926954197
1410,479,0,0.05005277006356698
1729,885,0,0.07741466448606157
154,3,0,0.023836783902898125
185,152,0,0.05337731231952895
744,170,0,0.03372169832784176
577,568,0,0.015239878125989316
851,631,0,0.0559317424244533
1876,514,0,0.052233609281172835
1706,624,0,0.012574917683331995
1160,134,0,0.0718492618189125
148,374,0,0.05326864628954344
1447,466,1,0.6109910342570675
776,240,1,0.419718791974262
730,241,0,0.056125507028458234
336,47,0,0.045382463240724
150,252,1,0.4368859963934691
1308,61,0,0.4709556462278737
502,737,0,0.05714891215875935
337,438,0,0.016634385390063823
1011,108,0,0.03503041628531682
504,409,0,0.21260489499592578
1499,161,1,0.040860743021682036
1381,712,0,0.05393885998443995
1145,199,0,0.051752568365046304
1945,284,0,0.04481666868670906
1852,624,0,0.06850846149113421
807,787,0,0.02392262178507308
1470,585,0,0.04127089169121771
122,790,0,0.30085305125767736
1022,868,0,0.019293614747322687
1569,568,0,0.03832166377905858
1210,421,0,0.05676420608739897
436,710,1,0.3991948465785571
437,94,0,0.031001304637000807
1757,202,0,0.04248304483770481
1281,693,0,0.05461261535427458
431,924,0,0.027395103508517857
393,907,0,0.026353438549003336
1334,61,0,0.06503628348554502
1715,531,1,0.3820717542001347
307,977,0,0.013524886162637209
679,904,0,0.03066558133425961
1957,685,1,0.401750443657805
1854,724,1,0.44570152212925535
1591,12,0,0.39730741828495314
1431,566,0,0.02034571124764738
1443,267,0,0.034311954860583804
1265,354,0,0.05423417161173581
1792,152,0,0.016662793421259255
1948,506,0,0.4868669309026097
75,477,0,0.035794561216889856
1252,814,0,0.05349816959041115
1977,866,0,0.04300936866481072
1844,291,0,0.0571171263476379
881,682,0,0.05108375142320583
1072,408,0,0.017275713004403004
599,622,0,0.027035259372080116
171,164,1,0.30897250362681955
994,466,0,0.030212115893480593
1083,477,0,0.03598877459016879
1092,33,1,0.49776117025180455
241,318,0,0.5116584112578947
1123,960,0,0.02248567162815583
1302,424,1,0.5277683137997284
1331,866,0,0.3786056922738128
1696,297,0,0.05561518337994075
1759,54,0,0.024312332363753165
1451,803,0,0.4074544643794642
1649,901,0,0.04001802246854629
1584,596,0,0.493116449922785
1097,425,0,0.050078832182004894
1091,914,1,0.014390117482923294
1414,461,0,0.013680470010526342
198,406,1,0.6127823219296226
825,921,1,0.457231163170186
530,180,0,0.041926434463152605
987,379,0,0.03995874895432545
234,806,0,0.03131747440533719
979,872,0,0.013734512599945755
962,421,0,0.029157650261563244
1513,969,0,0.014809861092860773
233,991,0,0.04937167859430971
213,231,0,0.4148741134415065
667,528,0,0.22804059830715576
1213,338,0,0.4332330912913857
1460,844,0,0.04009237281873055
1105,173,0,0.025885704828543667
1628,515,0,0.050981514494616215
1835,837,0,0.06501681945391775
1985,443,0,0.05548846218910479
1021,2,0,0.017554170424590787
625,270,0,0.05267803542434388
899,96,1,0.029112463513766527
1798,344,0,0.010563411038112477
1144,789,0,0.03405549635120414
308,91,0,0.471285514044558
1794,646,0,0.025913896504409263
1033,533,0,0.04455461588865742
1487,895,0,0.05038834166749049
1325,487,0,0.01703897795284226
812,608,0,0.03850106426397763
1540,963,0,0.020319937446563848
976,112,1,0.374224334225596
1114,330,0,0.014757532716138496
1970,93,0,0.37381772429253296
134,813,0,0.05919059338873449
208,695,0,0.03353680565103968
69,759,0,0.046368498469058834
725,78,0,0.02941643534746373
933,860,0,0.02386441328866999
906,806,0,0.016921285464647842
1431,874,0,0.0324106292118904
218,430,0,0.05155750734068999
261,12,0,0.03304122515994865
1444,677,0,0.05946783625941306
1429,90,0,0.032826849898579244
1843,282,0,0.05729657690173524
1831,797,1,0.42681503121972036
520,807,0,0.04603881239183317
133,72,0,0.35357796294821914
545,718,0,0.04301734911259339
977,182,0,0.053421368594307045
927,428,0,0.030163990587775275
1278,231,0,0.04334921505257836
1425,936,0,0.03334092022156407
261,358,0,0.021607276112811657
221,912,0,0.02655806883971281
858,658,0,0.021103348522815108
1172,518,0,0.03873087156476855
120,445,0,0.04629485566461629
514,234,0,0.05871044774165827
1168,540,1,0.6947070170832057
73,4,0,0.42161982656790625
1768,906,0,0.06041431673374372
125,608,0,0.02806976544664888
1737,14,0,0.040018174944722186
1489,458,0,0.01557068484694581
218,722,0,0.04256663426407059
89,667,0,0.03884289442213995
185,534,0,0.01651468904374448
1947,791,0,0.03457820256911027
839,482,0,0.05154514463398725
1840,952,0,0.03676103257822653
1894,58,0,0.025543615982483975
1829,227,0,0.01071278961386657
38,718,0,0.45394174142930516
673,268,0,0.019481497357612072
388,817,0,0.0488641075644871
886,895,0,0.043659634588798645
313,366,0,0.03402805116598899
1242,243,0,0.042676843954426676
1015,114,0,0.024395326842831216
828,543,0,0.037418554455282485
394,969,0,0.04332730807909042
1471,647,0,0.04616496546210618
728,924,0,0.0789830844366316
1669,291,0,0.03743686237618491
99,44,0,0.06166242531029619
506,159,0,0.06381642049140059
1970,264,0,0.01882507143520569
891,244,0,0.011356068594812405
35,112,0,0.032638613059494975
1548,917,0,0.03296155540141375
1059,934,0,0.056222722208866815
1676,108,0,0.04537128953568745
1523,470,0,0.3346152397077316
1524,386,0,0.013184383950553033
133,932,0,0.02994960832096681
1948,222,0,0.04668094973313283
1565,221,0,0.020719211299467407
1413,821,0,0.036130225474602276
784,339,0,0.052950892216281006
1709,147,0,0.025039149814860762
973,113,0,0.03637520248176
493,957,0,0.028080571156892872
1530,345,0,0.07907804360444146
152,679,0,0.2524772449798215
1128,507,0,0.0389151979600056
323,746,0,0.04214762154195227
914,644,0,0.052954064086350894
1874,363,0,0.4654616549350413
1699,96,0,0.058435159034114975
285,7,0,0.042754867905910675
1226,429,0,0.04482589359304056
1607,904,0,0.046288714280013986
149,645,0,0.022335789286905133
1294,531,0,0.04132710329705145
1920,717,0,0.041053117644063546
965,334,0,0.03467462238678946
926,992,0,0.5824762466208833
522,504,1,0.7372933583870079
1627,598,0,0.4880683130590622
655,910,0,0.013946955022826675
269,280,1,0.47125700896614475
115,991,1,0.056512881726208615
510,160,0,0.04243743358325685
167,657,1,0.3916372759305807
1051,916,0,0.02061308829031462
1619,217,0,0.05795214186206053
1131,740,0,0.03796278741985849
1845,581,0,0.013508345999636559
1653,759,0,0.01730696979552033
1609,225,0,0.025959472116052255
60,363,0,0.05167033129732191
294,557,0,0.04940357242350317
562,885,0,0.03655510369585556
1705,295,0,0.057948155621063056
1431,787,0,0.024554551049138135
1031,989,0,0.07560703646658119
458,688,0,0.07991277186736376
349,239,0,0.4680237844901121
968,440,0,0.05933331697014991
588,432,0,0.02781558819266268
1308,233,1,0.508716995594219
228,180,0,0.04179519479193635
454,482,0,0.011361530891980462
1901,261,0,0.012460705142576014
872,620,0,0.023009498363431215
1101,45,1,0.5883839762678555
311,414,0,0.39533381450482663
820,992,1,0.6078078149359811
1463,608,0,0.47663885701641995
1785,969,0,0.044445541478160336
915,217,0,0.05971578104336253
1576,385,0,0.04338698608647619
1588,877,0,0.022379018149111182
465,150,0,0.020164255478989597
1754,50,0,0.049924901970632755
860,866,1,0.38745791195687945
714,688,0,0.03465317862422098
897,392,0,0.022352736066818802
1341,361,0,0.2216628756021104
362,32,1,0.07164337345819044
426,369,0,0.024084118326301418
320,949,0,0.0518172846600362
574,609,0,0.04351464789877831
1382,878,0,0.04359669306288854
1977,492,0,0.027687978654344983
51,39,0,0.3255852261447296
624,174,0,0.037904299269181214
788,369,0,0.04715005109901188
1661,736,0,0.046948076555487044
1718,699,1,0.4684026408530702
1924,499,1,0.562750560507178
1947,427,0,0.03591231924825224
1295,564,0,0.3961986048554787
827,464,0,0.021477213791163352
1429,745,0,0.034944038866473
797,530,0,0.0421635768257524
100,118,0,0.054445873439062376
1991,741,1,0.5223440766410604
1553,530,0,0.05078298232969341
1026,493,0,0.037694950155147025
579,40,0,0.02023639360095751
255,462,0,0.46433065817792707
1405,309,0,0.04361041386768048
246,410,0,0.050558634669776094
721,200,0,0.02976778637574482
677,605,0,0.037017730918373334
1760,228,0,0.010953560351332955
699,712,0,0.016184885874535034
390,418,0,0.024152189106344903
179,327,0,0.051705524014462
418,87,0,0.014091381905224895
1577,95,0,0.028384649806852742
374,679,0,0.026865394921585725
162,803,0,0.047286074352874345
1679,881,1,0.5231259241589832
650,734,0,0.017391037672154233
1943,54,0,0.015000744333353223
1747,438,0,0.04961951526903354
357,163,0,0.04521855894194977
1781,130,0,0.022506836730774946
700,779,0,0.055919948915395534
765,690,0,0.010086086750753268
1473,942,0,0.07593707421449093
1642,887,0,0.027952201568759133
1750,944,0,0.04661499115042757
1966,312,0,0.019582847216925818
1179,206,1,0.0779511123844513
1707,842,0,0.07563773247893199
1071,783,0,0.037843942348381426
1121,505,0,0.02803066314273294
1195,788,0,0.3431578973791529
1463,43,0,0.05886570753861263
1406,553,0,0.07487602187525343
620,258,0,0.46090760043381873
929,46,0,0.048380565618019414
923,311,0,0.03379055271962626
1723,967,0,0.04579488218380913
874,362,0,0.44169264202966135
1457,749,0,0.01463502346835422
1439,847,0,0.07804834937713782
874,782,0,0.03247919752615309
665,542,0,0.04914560459504611
904,731,1,0.4526406900538736
175,299,0,0.021919800997236977
214,306,0,0.025717930653135893
1706,872,0,0.01271337091264061
230,4,0,0.02384446167319239
1592,198,0,0.036926138611263315
1797,88,0,0.014598715102619394
1500,718,0,0.010453288502528553
208,227,0,0.05732283657088436
1238,452,0,0.3339334896068564
1132,336,0,0.030654980147134914
826,109,1,0.5082641701419736
137,766,0,0.03396481892957422
1290,988,0,0.3955911074849913
114,543,1,0.3697676743333842
1237,573,0,0.03608788261423406
1006,336,0,0.05241899132661905
322,828,0,0.047661690055502845
217,372,0,0.02808080888375001
1854,897,0,0.020688453261600348
403,952,1,0.5482618104519886
6,142,0,0.053690607606988655
1425,984,0,0.03923322528111501
1732,997,0,0.5541516576401428
1787,641,0,0.0474728301828761
856,417,0,0.052569142283034005
458,530,0,0.053450415182936695
776,868,0,0.020989868682290386
1239,908,0,0.02860154943606054
1520,91,0,0.047640536209430984
1886,230,0,0.05869312499580931
93,412,0,0.05746757688162678
761,53,0,0.03521799280868118
1414,703,0,0.03154486094457179
209,519,0,0.03285292948594486
232,808,0,0.06699910302660209
65,610,0,0.07653373695040425
889,169,0,0.04435798546915087
1124,283,0,0.04550630775347558
673,68,0,0.03970352685030511
288,562,0,0.05117687101124815
1595,307,0,0.030268690237262308
178,455,0,0.4062944389482351
1920,540,0,0.02753337274425062
403,760,0,0.5749743498036202
1066,364,0,0.05893270220162047
1607,390,0,0.014045008699101733
1865,465,0,0.01991330639798594
1959,258,0,0.06838625542629032
298,300,0,0.019322312693352793
1007,371,0,0.028053644575310545
796,197,0,0.031786566322891854
7,744,0,0.01737457154835766
270,820,0,0.02667633003601478
188,845,0,0.05200724058929419
789,171,0,0.03588542963981668
1683,20,0,0.0256548015781385
1145,243,0,0.05070147079805379
218,171,0,0.0413948054323647
1693,224,0,0.014541517331140954
779,674,0,0.027153133970919077
789,753,0,0.011186371048228845
1517,916,0,0.5583888600762992
1868,271,0,0.02085846390339784
1439,946,0,0.01944063230557016
59,131,0,0.03275460383191884
843,590,0,0.019330809797938033
1351,251,0,0.030321577841262284
407,422,0,0.015456339580944767
784,447,0,0.05409305268593657
1458,869,0,0.0296786817414577
1871,221,0,0.05964353813028588
166,522,1,0.4667168836192282
1772,820,1,0.5910858344285832
904,921,0,0.34525000015204266
917,127,0,0.03875607570342064
874,935,0,0.04124957647276099
762,343,0,0.024519972780188515
451,558,0,0.034710204246457335
560,147,0,0.015597335864231385
439,887,1,0.3303466176916007
616,459,0,0.0475046843754821
1414,147,0,0.0504072848613851
1173,188,1,0.05419009091321956
246,490,0,0.02219079777123689
654,7,0,0.05097141979919085
1785,23,0,0.056231067516332806
1835,493,0,0.059331322745977
1085,29,0,0.017991432394640614
600,345,1,0.481104574349173
1199,686,1,0.4066949894195744
609,116,0,0.015261983818523485
525,457,0,0.01658991010163584
662,571,0,0.030547140391190206
1707,270,0,0.04544402908048888
1779,390,0,0.01778960814994071
771,569,1,0.013297658067872416
85,503,0,0.01514241232296816
1946,631,0,0.053217370747824476
1159,242,0,0.24500788597095322
1710,700,0,0.024466848685679953
1858,747,0,0.040207644616567555
835,247,0,0.04037414277260028
1542,577,0,0.024677460123431395
1883,220,0,0.017657375152247242
1984,785,0,0.06585118258991028
1437,93,0,0.04394691356467127
526,930,0,0.02885919835701594
1474,816,0,0.03899195914123185
155,217,0,0.03932907868852021
1019,966,0,0.054833560966912075
797,678,0,0.024409840311354007
1843,143,0,0.03587230943099398
1369,72,0,0.23402290958728203
533,531,0,0.4058669628156498
678,775,0,0.031673631950519976
1962,399,1,0.39383590633646903
1710,762,0,0.0181583443430951
184,24,0,0.025379563675187473
1821,41,0,0.05599284146509058
257,67,0,0.3629053547531558
1880,675,1,0.6665600416932997
1961,80,0,0.035997016840639766
795,196,0,0.049782647781558075
1572,279,0,0.0518972093873444
1861,814,0,0.04097413377957388
1504,108,0,0.01796941392736181
1326,926,0,0.02196008779256774
307,494,0,0.03998823654106653
1956,466,0,0.05146744002048633
1111,531,0,0.027108835446357525
1375,91,0,0.023779478802146287
352,498,0,0.01788836113008221
1899,545,0,0.05586386553917645
246,615,0,0.03254538458498604
1268,35,0,0.04668564078061487
155,544,0,0.0588819965042499
875,692,0,0.0207293648667714
1846,832,0,0.021380628943451902
1175,319,0,0.056639849759082025
224,981,0,0.0450683942793646
752,259,0,0.03440961023611918
1321,52,0,0.058206196320077494
1960,434,0,0.5015791735972649
1439,823,0,0.03880833683326915
163,569,0,0.03963161273849118
1311,855,0,0.06402443265319527
1474,181,0,0.0238380551004643
351,347,0,0.07924279149713866
1859,677,0,0.01925450671729051
40,582,0,0.01766288741522536
835,408,1,0.45718851944665545
344,474,1,0.04923179456873122
333,808,0,0.34038243103034993
1605,269,0,0.05595415341239905
374,153,0,0.014407522786034513
1469,452,0,0.04420693732502985
1684,546,0,0.053821247660087224
1453,912,0,0.013919882154924847
296,775,0,0.036545559247492455
1177,4,0,0.03860064043249057
154,14,1,0.8223820190267535
355,331,0,0.03142192170675685
635,652,0,0.31270330209424074
612,168,0,0.0384325643972431
476,439,0,0.03184533997000066
1222,983,0,0.036201690073617496
1551,329,0,0.013148815249603749
321,966,0,0.02538035574144164
619,156,0,0.02801188766992746
402,579,1,0.42065031608960646
126,150,0,0.05390865848303246
746,635,0,0.05762056471075267
252,425,0,0.02028696043841613
677,645,0,0.03859010762284491
33,152,0,0.027029045699871017
379,337,0,0.046478546579370186
383,809,0,0.41502304072871493
1672,860,0,0.04990212795725582
178,27,1,0.34035828259648093
665,832,0,0.02314107245873917
396,91,0,0.02927010553610803
321,246,1,0.3674507681526476
961,890,1,0.39928993574909527
696,531,0,0.05186437611139639
116,462,0,0.02898254289101864
1642,55,0,0.013700397614326173
1445,419,0,0.03401521345835743
967,504,0,0.02700230086662115
15,41,0,0.022762841350955205
1806,379,1,0.37299464541868305
289,740,0,0.027969968283066964
1202,917,0,0.04454299229994866
1257,699,0,0.06297562434915907
319,359,0,0.025161936309754787
1071,424,0,0.02969713010682303
1026,174,0,0.0194461181927977
1366,717,0,0.052128124321268086
1302,231,0,0.042662056845557086
1307,203,0,0.0388722365452409
1771,476,0,0.04970635207434743
1803,313,0,0.03191858438858675
1971,131,0,0.011049566766469806
1348,579,0,0.018515066260367925
1400,295,0,0.07876418705518563
416,82,0,0.051033910730446726
973,646,0,0.03934262425305191
950,654,0,0.04179678073233805
770,202,0,0.024488472613930806
1761,942,0,0.018185904217480498
769,148,0,0.01441723402279427
810,696,0,0.047269299781055485
537,777,0,0.015033292914997439
835,879,0,0.3981840477072136
1284,923,0,0.0728544267698386
640,108,0,0.015548452425393225
241,912,0,0.03315827131112412
947,53,1,0.37022089446308226
781,659,1,0.3808691401633905
1308,616,0,0.013691229014119873
1081,207,0,0.03575396526304776
1338,54,0,0.0357466737302389
1715,810,0,0.4517800644049605
1416,530,1,0.345517887089037
168,980,0,0.025582264278623246
101,176,0,0.04892155069529622
755,441,0,0.04862114063174993
286,220,1,0.46287375612566817
197,351,0,0.012722618852184344
1835,235,1,0.045829831538486895
752,798,0,0.30217678073220333
473,503,1,0.4355501498440036
536,547,1,0.4838062454004809
744,669,0,0.0530910236128505
874,962,0,0.0322595541579226
842,835,0,0.020017578299297845
927,985,0,0.03585161148799254
1544,179,0,0.018158673943127993
1416,383,1,0.29623181116013103
632,315,0,0.018252324503638735
1146,943,0,0.025847282053468715
970,405,0,0.016876112980070947
1595,671,0,0.04823758359726218
484,827,0,0.011948644283722167
747,703,0,0.05744394157673092
1812,73,0,0.043814647445275044
1969,606,0,0.017274939457893924
1325,848,0,0.01741712907015105
770,101,1,0.47304553140633687
1111,139,0,0.3969635828312183
1124,800,0,0.054041421680181445
1535,48,0,0.04981417303035198
1347,366,0,0.03971901748835117
199,464,0,0.0260165009278368
1673,806,0,0.04765358408412608
1303,660,0,0.04766593770569372
1462,833,0,0.01431867471491027
1419,400,0,0.039495668327305354
409,20,0,0.031132239484926917
1101,290,0,0.020427339216308227
1828,957,0,0.03272045422372829
1793,107,0,0.010985258759290819
1095,556,0,0.38952899796243134
1757,32,0,0.0586281054512493
1813,6,0,0.0361275311711164
1120,879,0,0.03523427521038745
950,899,0,0.03414112210697228
1350,254,0,0.021484375677344528
193,444,0,0.04507550663588169
442,607,0,0.034985444269979585
1938,150,0,0.013272188457186631
1448,849,0,0.01686147534026053
382,93,1,0.40644567958682276
716,429,0,0.05662826153710258
1244,153,0,0.056998210557742096
1657,615,0,0.012972392397858802
14,582,0,0.027863703331999876
38,394,0,0.012087270851722162
1881,592,0,0.03523138154461907
898,507,0,0.03270975059590551
975,760,1,0.3631645107612866
155,750,0,0.0590366694217352
92,753,0,0.05725519732098604
1940,242,0,0.028828577389886742
517,190,0,0.045162651386781154
689,60,0,0.043993673311061694
1186,575,0,0.057555827761195125
988,14,0,0.03424209232275013
1745,917,0,0.025896999902427546
1396,426,0,0.016192784533908718
1579,677,0,0.053237013959386265
713,561,0,0.03061750059843945
617,187,0,0.06769008688171539
650,939,0,0.014322742249436056
989,769,0,0.015188904353150998
1128,450,0,0.04338561087395031
930,212,0,0.059994283113923734
350,845,0,0.012866627814569001
1978,677,0,0.03633043242072304
994,927,0,0.037248011205308074
1968,435,0,0.4557412109894079
1599,241,0,0.07104468588052125
1940,654,0,0.054164241849064466
846,654,0,0.010911618947434223
400,452,0,0.42130642774502464
551,920,0,0.0182270734450977
599,619,1,0.04297348697186956
794,266,0,0.052732454669932226
1092,109,0,0.03296267078690475
889,373,0,0.042340330341998196
1829,373,0,0.04153378906442859
1160,179,1,0.05101842197223462
1564,25,0,0.06610679479115067
1139,661,0,0.011449161177807895
335,29,0,0.3556295975052605
470,572,0,0.03896125230140135
35,65,0,0.018166230177651427
356,623,0,0.010466059439447452
1748,434,0,0.048795584452793216
356,392,0,0.03671130710675922
1434,764,1,0.49530057688351004
1362,865,0,0.02174027915168128
862,905,0,0.012807642643776809
982,486,0,0.059051271133250996
1249,47,0,0.027555058312934498
1860,194,0,0.029340864833601266
1120,286,0,0.05471482653400879
854,47,0,0.05399237643799128
3,881,0,0.028022301237298167
1713,255,0,0.3613912462087093
1730,669,0,0.041323334689811315
678,304,0,0.0484406640894018
1637,482,0,0.01664061353309253
1210,171,0,0.01919850399561001
797,840,0,0.040127941896850455
1778,668,1,0.04535308948788907
118,788,0,0.01774657143633709
43,962,0,0.033502732314578676
410,611,0,0.02961231122641326
1058,4,0,0.035958987877875194
894,643,0,0.07866094373942745
466,429,0,0.022823838995626886
375,194,0,0.24531375101241543
630,988,0,0.0433670365105066
793,962,0,0.058997080045395826
1300,242,0,0.04718480872873819
596,933,0,0.025546057322792793
352,110,0,0.04778524369756704
1474,62,0,0.015854407040511487
1526,331,0,0.059784782838576064
1760,470,0,0.04162058154299198
1802,573,0,0.07653125382142255
1244,990,0,0.0295730336314799
528,495,0,0.0762577020942075
436,235,0,0.01727499192544566
34,747,0,0.03316099466300398
740,180,0,0.04785553790807289
1207,724,0,0.057337537939387326
486,59,0,0.05383720642541369
626,55,0,0.051915216907191405
134,282,0,0.3186196597942399
595,86,0,0.031027240400148162
391,282,0,0.022719452983769345
1188,898,0,0.03176362776666378
323,138,0,0.4199460990979105
787,952,0,0.010701397089139166
626,32,0,0.04743107938520471
1269,172,0,0.011774124714973263
615,699,1,0.07915795398210272
1076,221,0,0.027288243472395897
474,97,0,0.021550158367262817
863,90,0,0.057102553561710866
1613,234,0,0.06823527976090725
1668,22,0,0.054517244772977834
482,190,0,0.032445236762978016
1057,734,0,0.06864411305734489
1150,447,1,0.07074088807983644
446,687,0,0.04832904510193148
1446,377,0,0.03328393914638546
351,702,0,0.054154607080848495
921,158,0,0.030431431590722716
1625,742,0,0.03635448014976301
1154,287,0,0.016620372202730008
1147,628,0,0.018072384324284346
56,780,0,0.07144904985858816
1292,267,0,0.015060621340486108
1917,30,0,0.05357473621356174
1145,463,0,0.019254829014670356
46,559,1,0.6360224069213257
533,450,1,0.04610282801066858
1376,382,0,0.02024550441610406
1740,943,0,0.016896725288299975
1504,361,0,0.3450381022330312
1459,61,0,0.031484794344277964
1772,620,0,0.02006385554848404
745,897,1,0.0340666054233473
708,567,0,0.03190163561036796
485,952,0,0.01851594582286116
616,971,0,0.013324045329814202
1905,550,0,0.031601125871071535
616,213,0,0.03975077311378023
650,294,0,0.03404526517400034
1667,242,0,0.01893605417296376
611,590,0,0.046514522154315265
1525,724,0,0.05975201441619092
1010,424,0,0.03666508209853067
1813,870,1,0.010969981849574264
362,324,0,0.03813052167719651
1493,950,0,0.0346801724372074
1193,454,1,0.4604722726861004
1568,792,0,0.0645290876783036
1640,35,0,0.017807358313006755
1475,471,0,0.03638122093398209
1263,83,0,0.46367739830932364
1416,714,0,0.028267999994428673
675,821,0,0.06713156626644246
213,709,0,0.01650307672198172
750,509,0,0.027709118008242696
1499,767,0,0.03921481060720099
137,669,1,0.5248403525493067
45,429,0,0.025776061511800223
1840,399,0,0.01710031518168354
1104,841,0,0.057384305101467144
1328,550,1,0.048757089321886056
495,546,0,0.0501394671943558
1297,37,0,0.058172042952631835
1612,322,1,0.42322246143177883
652,562,0,0.01052990489001542
9,968,1,0.4040399503354766
1822,607,1,0.7984082927241719
1154,880,0,0.04512401981584475
1354,327,0,0.06791923770089806
610,621,0,0.04886459665126313
1928,575,0,0.02199658286718453
417,283,0,0.5288523017689145
1044,798,0,0.04971376548301389
1749,20,1,0.44619454801609776
1638,293,0,0.02726192003492605
1705,549,0,0.03424464807108704
678,239,0,0.05043561153528711
1027,711,0,0.035101025804931504
1607,77,0,0.012975203779364099
117,386,0,0.029121534934537036
1361,343,0,0.012445507220873432
1323,905,0,0.05304072508498449
1490,302,0,0.053147575790787084
1632,425,0,0.03933726491578818
1638,307,0,0.3353639689196951
1808,750,0,0.05529762771789018
208,241,0,0.022791509984861458
1492,191,0,0.48618770701920433
1999,222,0,0.015142680631331513
697,345,0,0.06586681460164336
1499,474,0,0.0409036280010668
1802,19,0,0.07851673362256265
1047,774,0,0.01269371718600267
1432,42,0,0.03077987544581786
490,529,0,0.07733301430930868
964,551,0,0.020891938800164073
839,362,0,0.023004660962886288
673,275,0,0.01058165296866991
58,881,0,0.03588684274381838
729,340,0,0.05313389664736259
1117,161,0,0.03969493674642675
1490,584,0,0.01253046601468046
1968,133,0,0.05615334814229431
981,39,0,0.015096427805846892
1540,496,0,0.04310420743862899
440,373,0,0.023670225233715148
904,188,0,0.05076778823581579
791,685,0,0.041972926269450865
1548,346,0,0.05697081315287788
1034,798,0,0.04538655113482763
1595,321,0,0.5402851427856069
758,340,0,0.0475374360909697
680,519,0,0.018855981259888348
1232,123,0,0.3853659022437395
594,30,0,0.05209121352130794
415,639,0,0.458904201083166
1391,854,0,0.04584210255671382
1992,151,0,0.02563678879429989
1393,813,0,0.37004226467546364
914,135,1,0.5971365287580961
1345,839,0,0.01710979507929667
332,470,1,0.4747869151419165
457,28,0,0.029283233187446793
1479,702,0,0.022347026740047835
1195,201,1,0.3209435470460664
174,419,0,0.041453487065867684
1865,900,0,0.019672795536378136
993,380,0,0.04884664757143115
1469,272,0,0.03097973752156001
269,540,0,0.49064190385222417
1375,643,0,0.05101866574374667
1992,759,0,0.01642317290379705
124,103,0,0.036451578942512185
862,650,0,0.055143483738047075
439,336,0,0.01117559268198339
782,53,0,0.05733506970699685
512,578,0,0.3313393765492088
43,354,0,0.011693229543766061
1905,579,0,0.3878285354671559
425,231,0,0.03979122625327629
610,1,0,0.012687677885370653
945,915,0,0.3807202644709165
365,907,0,0.07282096803547755
298,362,0,0.03415867905312783
835,638,1,0.4422310467413859
295,430,1,0.566762806989348
347,785,0,0.0198750746458991
1433,603,0,0.030853579055168737
517,514,0,0.5192085667712762
197,474,0,0.04022530911666102
800,329,1,0.02990676449421372
758,176,0,0.010172229866404828
154,271,0,0.05425568046215684
1778,112,1,0.4510159880065278
1184,821,0,0.576440772833319
2,804,0,0.03983305056785111
539,102,0,0.4598407481345337
1211,937,0,0.01872284812754215
1937,112,0,0.05954584526108007
1278,884,0,0.01037631571195257
1585,217,1,0.03288769237705219
1411,992,0,0.05730678780612434
1502,182,0,0.03092128162138666
654,320,0,0.024268931236219756
1063,704,0,0.05464553258620435
137,900,0,0.04448644729768735
613,317,0,0.035121058122352056
1939,418,0,0.5025754835665807
1805,846,1,0.475861727732344
997,980,0,0.03260457187127245
1157,967,0,0.033245506606496195
1335,742,0,0.028321552209202065
1783,560,0,0.0416165379142158
1903,941,0,0.0718011008846634
1851,490,0,0.05691618293424273
1101,600,0,0.03237317977991972
180,369,0,0.030011964728399412
1702,103,0,0.053543822453493234
339,145,0,0.020229248488466314
1483,289,0,0.06943441857735466
1476,663,0,0.028477544808542553
1433,433,0,0.01975495700342752
109,573,0,0.03752851876283968
1529,394,0,0.05297558408212715
839,644,0,0.36380371070134065
1650,100,0,0.03179312690917542
912,431,0,0.01153909429140126
299,582,0,0.025478982905943914
136,761,0,0.05294551220813548
1884,395,0,0.033156206804862955
1385,762,0,0.04533821468619583
791,260,0,0.046228301542426735
1971,685,0,0.03783878663720642
956,530,0,0.05628718465905404
3,544,0,0.0171340580960914
814,344,1,0.23290177959539737
1859,957,0,0.05353862698949698
4,484,0,0.039154751953909724
287,904,0,0.017920087211815518
1631,223,0,0.021288644964720927
1044,35,0,0.07456793765252989
211,119,0,0.04251617077176575
183,176,0,0.02316155270656274
1990,526,0,0.014238340320401551
436,927,0,0.4534106891239593
674,189,0,0.033808105833294105
1755,780,0,0.025044426167658167
1613,625,0,0.023997644226856917
679,589,0,0.03019492281912474
946,956,1,0.4697500135792324
1541,633,0,0.04339006362187439
1669,270,0,0.4751231088338661
1016,224,0,0.03701803560770784
501,897,0,0.021196996268016
1586,675,1,0.47892690341175354
1332,856,0,0.05781180507975687
805,493,1,0.07659785176822148
1747,762,1,0.020642160189196276
407,80,0,0.013355695072997872
1355,916,1,0.5289374952083641
1620,20,0,0.03720475342122347
1136,900,0,0.04993041098000513
46,255,0,0.26458827240875404
1230,920,0,0.03028412280596271
1295,379,0,0.012714309858966762
18,715,0,0.05335742160371103
1870,577,0,0.02661175431710322
1526,305,0,0.015690495086181644
1584,934,0,0.02974054028934342
1854,590,0,0.04262564753945537
262,175,0,0.04855562126023461
173,699,0,0.027151559161280772
1872,572,0,0.04063090492775003
1086,696,0,0.04482652806702703
1259,424,0,0.017229697581086834
1215,62,1,0.3997899170526856
1244,238,0,0.07426941204108033
1780,50,0,0.03912779539844336
1231,91,0,0.04521849973928441
1682,493,0,0.05965669166119487
606,861,1,0.05988421466020713
15,287,0,0.010966801422661168
20,692,1,0.39913853406121286
976,834,0,0.02578611932300126
1825,810,0,0.04722077904487675
1897,234,1,0.43661528198931665
533,822,0,0.03051013124189033
1798,131,0,0.03309375147732304
44,674,0,0.4155066637356595
65,965,0,0.026099335124744445
604,325,0,0.037043624081381996
1852,107,0,0.03826757404078688
1321,835,0,0.435579204309585
200,613,0,0.3006384665742464
602,399,0,0.05793362345535414
1301,812,0,0.029070109051315823
1102,956,0,0.15668685957580525
1132,98,0,0.05743032349306461
157,995,0,0.045683931232098844
1055,123,0,0.4807386854976758
1724,262,1,0.031107409664137387
963,876,0,0.022246665077979417
1096,846,0,0.057840928336771395
451,12,0,0.033422034172376776
1068,190,0,0.021493352577920583
1720,854,0,0.03561653370979161
333,286,0,0.04358113028999472
778,242,0,0.056599508645513594
580,634,0,0.014920922976989083
1789,762,0,0.016902679228871915
1042,946,0,0.03983082089773647
1693,652,0,0.04216341524464227
122,505,0,0.012491112105971449
980,527,0,0.011010663618416
1616,481,0,0.04478472071385709
1331,655,1,0.4410487470919634
1457,270,1,0.31681598664301824
680,801,0,0.020148940916125648
928,150,0,0.03260081134154845
508,465,0,0.021832580850072066
277,732,0,0.01610012044395097
473,733,0,0.045986428058725326
1044,197,1,0.05091146745007348
1307,943,0,0.06967306606219521
669,200,0,0.01665686786149341
399,373,0,0.02538654572449317
758,109,0,0.04883848637788895
1007,553,0,0.035592192620409566
126,536,0,0.04918148279525868
1245,255,0,0.011421681655560553
466,572,0,0.024521532168589672
9,775,0,0.40018331092851556
1770,761,0,0.032000775340913765
610,244,0,0.011188543295271388
1955,773,0,0.046893656590017374
972,41,0,0.0392838567916675
1454,257,0,0.04725489012670489
502,366,0,0.041453175798188656
251,362,0,0.019778404794691173
498,908,0,0.01396058811972773
1827,622,0,0.04711087324393884
308,22,0,0.03996930014179141
185,191,0,0.028978838219049313
1683,748,0,0.029840087567943777
1007,701,0,0.027801080094571835
1975,371,0,0.036539568541757585
14,27,0,0.04557667500222654
876,213,0,0.05241215041253315
304,375,0,0.05038092051590957
334,105,0,0.04864643186792873
1769,282,0,0.059295371997131835
1654,264,1,0.4453981319809686
1711,779,0,0.019267227461796224
1699,845,1,0.5004117630698989
1762,156,0,0.02080377465131973
377,859,0,0.041789487550655785
1794,134,0,0.030358529789184054
414,530,0,0.0486752204452043
920,78,0,0.05056467947782449
1807,412,0,0.0522371208416144
1188,903,0,0.03528343237654864
830,500,0,0.055033438815840136
135,718,0,0.018971775719764175
1098,0,0,0.018881986422751098
1353,710,1,0.05946530854225136
583,837,0,0.051672537404368966
1293,91,0,0.014465267507260678
952,569,0,0.0168330462815181
1670,115,0,0.05246100397610708
1737,805,0,0.06447196824951712
1090,273,0,0.01395501311771268
1715,218,0,0.04390141592920396
1663,778,0,0.056635217566792524
1989,309,0,0.036227296551331625
877,65,0,0.337516832142817
703,49,0,0.6138087942280203
1064,662,0,0.0424413195739241
884,742,0,0.047326952443846375
582,493,0,0.04419660888003609
672,63,0,0.0439692357772001
1916,12,0,0.012136880452162376
1726,33,0,0.05631659105969056
1162,419,0,0.023166777622887953
310,225,0,0.01910515451502867
1651,952,0,0.03320688855719509
1393,333,0,0.026130645490534288
488,633,0,0.029481893312621063
1633,184,0,0.05186195241670747
288,602,0,0.41710727468640707
1142,769,0,0.015744944467779104
620,262,0,0.03751810612894073
1845,651,0,0.025420785798873663
1290,685,0,0.059818293163342535
1209,726,0,0.043341821856550916
1264,148,0,0.05003736094733901
1048,938,0,0.0515660075605262
1367,780,0,0.013909041894688919
733,451,0,0.02055214596991028
766,19,0,0.04756667438252125
318,381,0,0.015814471738220127
1784,767,1,0.5521077629175325
1307,646,0,0.07178908310619311
1699,760,0,0.7048223403920573
1347,7,0,0.012501505242148284
1618,474,0,0.33714891505175776
345,916,0,0.5047779144106849
1859,702,0,0.358308132570075
546,821,1,0.2780340399962583
821,696,0,0.021696472721096108
1327,37,0,0.02622874513408391
1133,122,0,0.05149727229460002
701,918,0,0.014809286231593723
1179,721,0,0.030530235843403725
12,133,0,0.46461278887171414
1624,28,0,0.02363434493315363
659,827,0,0.03411553086435857
1749,723,0,0.05730366998624601
786,217,0,0.04691803639218343
1687,351,0,0.011270990920639046
525,518,0,0.02996478503124201
53,121,1,0.03282213292957438
1530,446,0,0.03390714535855802
1414,164,0,0.03217422207447506
1959,904,0,0.049738439308332785
1343,108,0,0.05507317805796342
1367,438,0,0.051021156214026656
1515,486,0,0.3854000082224729
1417,447,0,0.047588907544936915
348,907,0,0.07304217113621944
362,705,0,0.053195509017542005
639,366,0,0.020541788504787037
1311,838,0,0.07556853872370489
1189,104,0,0.045711143842661416
384,759,0,0.01386815750616391
1274,884,0,0.03692687581005555
1484,172,0,0.4002569349914495
1828,740,0,0.01490487555405334
684,574,0,0.04195871795033359
78,306,0,0.05582224119269248
1649,548,0,0.05207911106881524
66,306,0,0.054062963679698345
118,433,0,0.04253767678848615
38,725,0,0.05899777050414794
1304,865,0,0.02344631115990512
677,445,0,0.05131615019130341
472,85,0,0.06636028769598742
1802,661,0,0.07598045676578608
450,975,0,0.027253052991367502
1775,450,0,0.026990542466528572
359,760,0,0.04199120068633274
935,529,1,0.45352004892750813
142,541,0,0.02939596600239857
911,930,1,0.055031667711962585
28,446,0,0.059010488799706974
1334,500,0,0.0177701721433975
47,957,0,0.032464008296220294
1864,846,0,0.0560137790743231
336,315,0,0.05766871896313973
1783,721,0,0.05340880057268125
1104,931,1,0.30073613855765735
377,530,0,0.02284208794399231
901,698,0,0.05987487360702889
952,498,0,0.020298198122976098
1641,323,0,0.049587421569761245
507,982,0,0.05711855907212134
1484,977,1,0.37618706117071493
295,168,0,0.024808091701381714
956,786,0,0.04644265260366594
1639,678,1,0.4570324202992523
1622,328,1,0.0663486523982796
159,348,0,0.027439601416786974
1263,432,0,0.036690207530879315
182,285,0,0.030769603154839793
290,384,0,0.026790096865666406
837,504,0,0.022392177951410942
1143,95,0,0.024058715362307505
1667,330,0,0.03311993478061382
574,346,1,0.43075119929013916
71,278,0,0.05668246316124751
120,602,0,0.029807062358108392
1940,41,0,0.020445228330582568
1216,850,0,0.058029389126208406
147,148,0,0.05510215405474515
1695,643,0,0.012394968076377657
1981,605,0,0.057176331856601224
1660,972,0,0.04165311407535514
596,528,0,0.05574406946304629
1883,661,0,0.030173567559265424
1791,120,0,0.028091228319572753
1461,794,0,0.07882795974185675
730,835,0,0.037372474110884554
151,978,0,0.03351110469072942
1838,874,0,0.6174450010777075
617,433,0,0.02695544635293004
1588,854,0,0.05824000445206062
171,794,1,0.03770902699928304
975,525,0,0.04799632541261593
665,740,0,0.026452173337432536
288,665,0,0.04548049307576882
1100,575,0,0.0477679980831856
837,725,0,0.061284361370345784
857,457,0,0.06765908349410091
91,338,0,0.014604201610148406
115,737,1,0.4608017142103728
501,815,0,0.030107027994677377
1783,406,0,0.01386567616095278
1130,993,0,0.05489283920407481
1503,587,0,0.01645038870776456
278,5,0,0.04726121800036542
800,739,0,0.016484621332269824
924,871,0,0.03469872902557144
1181,152,0,0.01595818933969328
922,604,0,0.053459340031627306
920,205,0,0.0348856677311824
1735,230,0,0.05916415601058863
1067,986,0,0.050639367295678465
1033,957,0,0.020276938379119036
1211,351,0,0.055887074908366245
1710,542,0,0.04377287647529076
1778,830,0,0.0316829169105765
1386,323,0,0.04768240838336647
681,358,0,0.03959551221286842
372,425,0,0.022035681038908784
1724,880,0,0.01907643177494039
1214,73,0,0.017262430290167538
1228,80,0,0.054041176857914645
1718,116,0,0.058073550534562174
1431,441,0,0.03071494275706787
325,736,1,0.5061963025849956
1727,62,0,0.017453405225186527
170,879,0,0.03850398445037578
879,503,0,0.058826453174818195
674,550,0,0.3189034593380922
177,616,0,0.020611443924290703
1481,441,0,0.1899986611956589
295,592,0,0.04345845408010964
1369,222,0,0.041029549502058234
1058,29,0,0.02680415231463211
1578,959,0,0.01868676307575222
545,768,0,0.05934229652007112
574,522,0,0.03316365126597751
913,184,1,0.6832075975929193
996,576,0,0.03015281104111287
713,376,1,0.456941235666144
61,420,1,0.030799938450634286
338,375,0,0.020479062200770837
143,347,0,0.4466119483385278
827,609,0,0.36660083968841833
1018,801,0,0.041480825209364025
745,152,0,0.020100366138026363
1926,566,1,0.4377072659468595
1083,551,0,0.033754072130310744
1300,465,0,0.04240251835628647
447,180,0,0.04936765696023994
1557,899,1,0.03474129628946622
1722,562,0,0.016720735953088782
878,204,0,0.052720185600384134
1345,134,0,0.05968597037379295
275,147,0,0.03487542252389157
667,820,0,0.03881463242163259
1512,167,0,0.040122151600211105
1232,117,0,0.04415204865679058
830,689,0,0.022045003253958414
1700,585,1,0.365466779956788
1139,477,0,0.022735685371602032
1106,732,0,0.5082492770829724
24,447,0,0.0589720136066572
176,85,0,0.02701300346769512
1908,382,1,0.6046977326185239
1122,576,0,0.018489467447053008
1134,238,1,0.34954419495428773
1417,485,0,0.010738382503134289
1963,845,1,0.021841065662411133
845,433,0,0.4463784013700132
209,41,1,0.3707037224541381
416,120,0,0.05575243876354903
200,10,0,0.055783149156270036
155,880,0,0.4346818193461289
1127,813,0,0.024252258041874503
13,544,0,0.02159002849596335
527,238,0,0.03481562645057613
1247,413,0,0.05744703696049098
1253,29,0,0.02834411598525346
588,240,1,0.3281467638346973
1895,435,0,0.036699394658571985
1209,550,0,0.027049616701515865
864,205,0,0.030587073494659577
761,858,0,0.04240448908591379
1154,132,0,0.050578974176058535
874,16,0,0.03140681043199484
66,790,0,0.05231178654468323
1538,709,0,0.05491786096030241
1124,413,0,0.03462712469568837
1470,348,0,0.04516956441393567
1122,427,0,0.04580501346783417
105,46,0,0.05271136116524228
153,464,0,0.05978856050403733
1600,444,0,0.06796229252414611
794,479,1,0.5520426071538037
1958,974,0,0.04591819139051528
731,773,1,0.5324550564097507
164,435,0,0.010433917156690089
1382,486,0,0.022008281945487918
1811,751,1,0.03294805634732757
1938,577,1,0.28905515072804866
1222,725,1,0.3016281594376624
786,284,0,0.028982870982176022
701,907,0,0.011252633549427063
90,296,0,0.03868440298307492
56,957,0,0.011118694131423143
1566,677,0,0.02046309432490705
190,973,0,0.05099668082667299
137,27,0,0.05715910090803818
891,556,0,0.05174661438761559
1586,75,0,0.4472150194035798
68,726,1,0.05381045959542613
1381,712,0,0.047562611798227225
931,935,0,0.07562907304080536
1762,742,1,0.4454175842714057
1610,713,1,0.0281797037790635
108,613,0,0.07526608194909762
1699,9,0,0.01166719284690372
18,146,0,0.5091258664665111
1775,83,0,0.0550923275598378
1272,948,0,0.2800758547579968
373,56,0,0.05382941662589004
64,879,0,0.04719926613553515
1185,561,0,0.05709830646263017
1323,469,0,0.020792045339533154
1611,191,0,0.037560806191565724
1013,899,0,0.031500325640573985
588,958,0,0.010160866871360127
162,481,1,0.044759962357529486
1213,739,0,0.45834359004864195
439,427,1,0.30564920983166805
1177,800,1,0.03932234781891696
1429,722,0,0.04198102885316234
213,435,1,0.034268477489168225
1902,234,0,0.05920539502560969
882,823,0,0.018794464187629447
599,595,0,0.026919046830021706
272,864,0,0.045437831901886765
1531,399,1,0.03878949930158624
1988,389,0,0.0662254501817095
1586,866,0,0.01743991452942116
1498,872,0,0.05487253479191778
1887,171,0,0.06625313098467886
1736,823,0,0.030254490290050347
4,123,0,0.02540244286365537
215,14,0,0.05524260535649644
1213,113,0,0.047841449213941296
781,314,0,0.01866275470860812
491,974,0,0.0308501875493591
837,292,0,0.013418340938438527
475,340,0,0.0668193669220522
1292,437,1,0.01738217719503003
1458,754,0,0.053575732829486127
631,910,0,0.011591799644515696
1848,322,0,0.012139879249989528
55,439,0,0.020261744818038656
721,503,0,0.05270548198158309
491,203,0,0.04095618412966263
1002,980,0,0.036644982446931054
607,51,0,0.015915736916761125
1381,779,0,0.03587771475604164
266,184,1,0.43603284554440586
240,580,0,0.535240592142348
1980,142,0,0.057524175262924526
1738,914,0,0.04344474388027959
1413,783,1,0.6695671633839981
1304,197,0,0.011254541609032076
1335,573,0,0.03898738546809914
1180,966,0,0.02710102638464952
439,36,0,0.05956393105024391
1986,826,0,0.0532917483354095
358,862,0,0.023938141420756804
138,964,0,0.0538848740593443
1312,278,1,0.5159807504159284
998,819,0,0.039823042542919254
1737,105,0,0.06776515328856719
755,333,1,0.7445037441403971
790,985,1,0.023817513148157804
925,354,0,0.047818157952130805
1966,98,0,0.40695639993567917
1911,697,0,0.012079220672216215
209,948,0,0.04141165701037439
1147,730,0,0.033650262874869746
448,166,0,0.01793521760146905
153,22,1,0.3252702120124558
815,731,0,0.037975532167418904
888,715,0,0.013873305145917593
932,340,0,0.024277635359363593
1263,966,0,0.04446300797611087
1826,159,1,0.4757335710597387
1821,544,0,0.0463229078443362
833,264,0,0.0358804543541465
1076,201,0,0.07046150271182598
73,43,0,0.020027137220866555
771,632,1,0.5292409160279968
530,64,1,0.44772193914164216
665,866,0,0.030747941716774398
1051,437,1,0.021556545579062704
1447,241,0,0.02633283114863797
346,896,0,0.48988069128053496
1560,480,1,0.47996409981312493
1915,409,0,0.03986595661095922
330,246,1,0.466991512305055
901,804,1,0.04401664607296715
174,595,0,0.04264698506134529
1077,559,0,0.01837893247029887
905,704,0,0.032407860430868726
171,927,0,0.041962131745427476
1689,884,0,0.04921024392086893
1115,44,0,0.04284645237421105
1726,272,1,0.047552245490884514
1387,13,0,0.05641035797800263
1570,526,0,0.029514720699356338
183,689,0,0.05904551833225552
1870,539,0,0.017590460895052264
711,198,0,0.03459592219037186
1922,699,0,0.04190899736505526
583,126,0,0.4123236143967376
1550,113,0,0.03397582642184607
21,39,0,0.06671104545755731
1776,713,1,0.5657560206872896
460,489,0,0.059762197568312345
1478,269,0,0.027712975711823552
1397,455,0,0.023901094082809528
1109,978,0,0.03553857716268334
393,965,0,0.06433119803816761
1506,990,0,0.02803768303999578
589,182,0,0.05782114560403374
462,200,0,0.04594150387965776
585,637,0,0.03873076401517363
145,689,0,0.02489975996832961
1268,307,0,0.021309818024618024
703,209,0,0.030052853619020485
1246,474,0,0.04524568566134458
1545,165,0,0.039969746176934356
1437,63,0,0.018883717889756343
1678,616,0,0.035870195941350824
923,591,0,0.040482905319031884
1299,1,1,0.3807463180807175
1319,139,0,0.5177311962950206
599,69,0,0.04853777741719721
480,722,0,0.019568230879064365
76,16,0,0.01724820184172774
1805,867,0,0.04370524823293966
319,986,0,0.026627660288407844
1617,294,0,0.029865992615976195
1487,732,0,0.014975624112689781
1590,280,0,0.01521710628969062
1407,915,0,0.04350001787609461
452,655,0,0.05668532584202736
863,782,0,0.058301049794609754
809,42,0,0.056523162619097206
318,510,0,0.04786876242899686
1002,830,0,0.032606682396491074
175,643,0,0.02137061666322483
1306,282,0,0.03736804164282492
921,464,1,0.03808378225722914
506,461,0,0.025809734418660614
1916,903,0,0.055644456354764935
1201,512,0,0.012856939422193072
928,951,0,0.02840527222796138
660,789,0,0.027257602403507823
1543,323,0,0.017897441830497365
862,969,0,0.02908860768280483
1733,458,1,0.31847509976651484
917,433,0,0.059691302347312424
1088,734,0,0.021623033659724004
589,944,0,0.05014497858740911
138,116,0,0.04187972048100006
1522,823,0,0.029130347685286564
1714,565,0,0.03318410504676657
613,535,0,0.022477503513497518
1709,325,1,0.05031325125592154
1856,592,0,0.3159961973854794
1467,147,0,0.05597051574894381
932,862,1,0.46314003353775424
863,709,0,0.041707702170561474
932,742,0,0.029074023241896695
1817,71,0,0.026673306843248264
1251,545,1,0.36653354568972457
1582,474,0,0.05114470417030951
325,336,0,0.011810472607060581
279,381,1,0.03405914464329178
1055,409,1,0.4526715689445544
390,295,0,0.031270925661778075
411,548,0,0.02178062350769909
774,222,0,0.03390408078311268
1322,838,0,0.026290575939170086
1130,993,0,0.03873966387538037
275,286,0,0.04275206103593803
567,692,0,0.017692591258813523
596,310,0,0.32404234927597886
1831,816,1,0.05136577255667859
753,643,0,0.0475155537860305
1277,366,0,0.02918193701977597
523,366,0,0.035775909807843585
692,447,0,0.02372393389492954
1397,903,0,0.04478702201781234
1528,694,0,0.05548075779745727
1074,503,0,0.04621562231584751
717,600,1,0.47937260370176393
523,692,0,0.41039318831783134
399,961,0,0.03867275077984873
1802,783,0,0.04298450145674349
1927,517,0,0.056144348174759044
1069,650,0,0.07837555216198493
65,901,0,0.014963039044012699
524,426,0,0.02132149641186557
1611,419,0,0.0301613450225098
1402,46,0,0.054211886200149335
1500,53,0,0.31979567685495525
467,814,0,0.050044783513071366
1190,669,1,0.039785918432022775
314,976,0,0.048130528384342196
19,309,0,0.05064481283794574
1864,980,0,0.038163707298190144
337,672,0,0.05070949656217417
1023,658,0,0.04002599116737269
1430,248,0,0.023287046234783754
1550,840,0,0.04564431943537744
1203,329,0,0.02358014019246748
1830,762,0,0.02988604322558313
895,428,0,0.05133770043738134
1026,57,1,0.45796458912437704
1641,691,0,0.05347095014846376
693,424,0,0.03497849980406629
1977,476,0,0.02402084947135453
368,117,0,0.020605391439684696
538,2,0,0.011350944764554496
904,332,0,0.01439862201908997
1009,673,0,0.04422851049309303
1217,57,0,0.47277993793561773
998,83,0,0.025981964126271358
1671,931,0,0.28160782920097505
355,553,0,0.05221226514345197
479,768,1,0.48516129480507336
1424,914,0,0.04400326187363875
452,15,0,0.04812799523268201
1288,585,0,0.044307677351506904
1045,659,0,0.05602073583645238
1624,100,0,0.05246009787837305
96,155,0,0.023234150418114177
839,946,0,0.05927066346149843
1812,99,0,0.022986287669923684
1814,400,0,0.05592897986445471
1615,788,0,0.015791936352334064
1568,517,0,0.061901113092505816
79,294,0,0.011297340484011755
489,282,0,0.02452011861595492
301,132,0,0.05822086635153453
1671,226,0,0.010964392493900656
1012,846,0,0.030343204790788954
788,737,0,0.04191418126224555
1434,871,0,0.019879070056723538
1058,226,0,0.040684226576708185
1079,485,0,0.017835752073341562
507,192,0,0.01897892684346025
1029,911,0,0.44142594977472926
1777,932,1,0.5429500450032128
295,952,0,0.042153108789694596
1878,869,0,0.06499364231062926
1621,827,0,0.02550105068524597
1973,798,0,0.048537940437850896
1647,900,0,0.04768318752317403
394,857,1,0.04482887870233102
1983,800,0,0.059183161924561814
196,938,0,0.045554393793670205
954,449,0,0.04882126094108842
1106,615,0,0.03772413944074178
591,16,0,0.014723150315624815
1230,949,0,0.05924985469315102
1073,519,0,0.06249544534619644
515,18,0,0.020506543084452693
697,501,0,0.03671794312126747
561,219,0,0.44737547504210795
95,925,1,0.8092918584724411
1472,576,0,0.03794328948017954
190,939,1,0.3021228742452903
905,530,0,0.6043617844844954
1529,402,0,0.05028615477644121
586,505,0,0.4770255454135231
1201,713,0,0.03927374983480495
1146,137,0,0.05522715718572695
794,903,0,0.044016109957884055
1336,288,0,0.03533634461086696
820,701,1,0.6082482346594205
103,509,0,0.03543244404919222
851,289,1,0.5792205831120891
957,325,0,0.02252943047011934
1061,359,0,0.0409095564107614
1094,266,0,0.05350951407687159
1670,655,0,0.05206237218681749
448,517,0,0.03935225996306944
1046,481,0,0.024430432271384906
1283,452,0,0.05514296362546645
382,774,0,0.023057754185118413
790,284,0,0.04574793491807441
1136,682,0,0.054508495573267535
406,637,0,0.05325033477261473
1358,167,0,0.445032641456769
422,779,0,0.32364579077977146
1712,776,0,0.016189169081003714
603,753,1,0.4052396061510741
1887,764,0,0.02115138624672962
340,591,0,0.07052436595144569
7,410,0,0.042806855968519346
42,396,0,0.05251566888701878
1219,357,0,0.041081035730393775
91,913,0,0.02700362790410784
359,750,0,0.06269737520126399
46,938,0,0.044833136086953176
151,125,0,0.023480050827752376
1147,545,0,0.44425694989033154
398,401,0,0.011172052394312716
1171,155,0,0.029914944492909414
302,516,0,0.048689648385643595
533,965,1,0.3481971357017715
1604,890,0,0.05084603519047521
1543,562,0,0.047190958381614606
622,108,0,0.02907923964541472
638,920,0,0.034701445936419
1882,50,0,0.017679322677735587
1920,437,0,0.014301322715134892
1920,343,0,0.020214975930854383
1875,939,0,0.06597845686929037
269,667,1,0.49343935369987485
91,939,0,0.022613601277585046
518,859,0,0.03386748007248472
985,744,0,0.041389100858965154
1439,189,0,0.028770750794636334
848,922,0,0.04728221485524081
1698,556,0,0.05505665554672669
1456,231,0,0.01188272988914596
1842,394,0,0.024447452791443905
482,425,0,0.051444606021547566
1237,772,0,0.031150786565448986
500,849,0,0.059044945664399835
165,333,0,0.34761093107922775
1788,259,0,0.054027572180589886
376,494,0,0.5875803807959105
1155,883,0,0.3915791949007437
396,527,1,0.4575396994589729
1722,524,0,0.0722417310751801
20,170,0,0.04983064993985694
673,621,0,0.01709259170379291
1610,636,0,0.023702263551870252
1039,929,0,0.05233538199775499
236,279,1,0.31192632986311447
1146,905,0,0.01971860926419585
1907,834,0,0.058344544679152205
1981,77,0,0.03154906714590002
877,473,0,0.03336154542385667
1291,748,0,0.011780095691559824
1571,159,0,0.05014216794043052
1526,238,0,0.07395525931816037
323,255,0,0.012267244001601292
1893,42,0,0.050027429430884875
1469,187,0,0.053054407907458585
1673,319,0,0.04537818561982322
885,907,0,0.0357116171714674
908,508,0,0.022999096344692594
613,463,1,0.06791953854334028
413,234,0,0.021829073154060283
1647,181,0,0.015777598701433238
657,211,0,0.055703466728255796
1043,351,0,0.011123791700586768
1064,679,1,0.41376226052655707
1424,725,0,0.049188813590627385
1493,348,0,0.03303474673230231
1399,911,0,0.013704045360733549
485,89,0,0.0389493286945108
894,209,0,0.024610047939390582
658,704,0,0.05407853408113969
754,0,0,0.038332177405321397
411,425,0,0.04905584246172401
1208,900,0,0.0159573708269147
799,200,0,0.027233951960243467
818,981,0,0.04330971463431972
779,93,0,0.014526469406808825
446,833,0,0.03570607205978585
1060,73,0,0.0435580674683977
484,161,0,0.4207161857540239
628,482,0,0.3755721603940235
1512,869,0,0.054594667086306434
1469,593,0,0.35103912298507123
371,130,0,0.03185367221481502
1096,264,0,0.07729462786012746
368,982,1,0.36889496605559086
1304,551,0,0.07679936908242657
1112,982,0,0.46563179328855175
1460,630,0,0.42848306795696456
1162,447,0,0.025801166874851074
1909,293,0,0.035558160384862134
214,264,0,0.059286188173600714
1784,447,0,0.05155524552182312
483,62,0,0.02264820470001859
1924,428,0,0.03940881660628229
1312,349,0,0.3667071730889156
1756,380,0,0.02353111131595787
1516,338,0,0.014600316748365053
1849,29,0,0.03453142356781473
4,606,0,0.06436594824800028
450,665,0,0.031791667543964584
157,496,0,0.02780041854116553
788,900,0,0.06389672572714479
434,975,0,0.020683877997954667
1566,249,0,0.03807394272133212
1182,526,0,0.04969557220831428
301,614,0,0.05411227116852707
1076,244,0,0.06609105720704535
247,745,0,0.018783087636368073
765,41,0,0.04122159656195323
1327,515,1,0.5163048366127665
1209,708,0,0.025628805964957424
1599,462,0,0.012844501232267665
1386,609,1,0.5890906266209419
269,56,0,0.02585243548971343
1779,259,0,0.40556697288010657
982,215,0,0.01957445872867948
1006,663,0,0.041530776008921126
1990,337,0,0.04020815539307486
1148,952,1,0.053238222783250425
1654,410,0,0.058912102880337006
1984,223,0,0.07579195372263209
1679,599,0,0.05595605027915669
812,452,0,0.47254120770751606
355,957,0,0.055275263202159676
503,111,0,0.04514071995500092
1560,466,0,0.043942589822152635
992,723,0,0.04971089456369623
186,173,0,0.07404915625042144
531,991,0,0.01923746261069184
309,840,0,0.05418343867244224
752,186,0,0.053987823362465645
872,193,0,0.015879430901996217
1150,413,0,0.030259374921839728
1934,797,0,0.03837645136182307
1554,541,0,0.014200698020853712
1711,530,0,0.05955869750150787
581,694,0,0.03138392620901982
851,888,0,0.010888105617070385
680,804,0,0.029781490979114436
752,699,0,0.05761008389874359
269,656,0,0.01586610373794932
253,498,0,0.018589080359933948
1414,413,0,0.06195405535443102
1182,421,0,0.0171228289900762
109,977,0,0.026611533885613582
1547,139,0,0.4252005905157736
1216,865,0,0.02110665511747252
56,806,0,0.045389068807388626
1417,470,0,0.37656410625091985
1465,905,0,0.056319097031179086
1581,221,0,0.05164080386444749
653,416,0,0.032501366602234
672,114,0,0.020453154628071648
247,781,0,0.04926875162163363
1548,829,1,0.43767256251209846
870,744,0,0.44204123414133695
1375,686,0,0.05130333732913663
44,201,0,0.47427787122827303
419,205,0,0.051187852480377785
1883,996,0,0.5676693867883787
927,889,0,0.05316892958376303
409,402,0,0.027904714107549855
641,911,0,0.05678992553484707
206,33,1,0.25903420675897443
1909,332,0,0.059465165803125955
97,504,0,0.022185298333948583
276,749,1,0.4188292733942897
1638,704,0,0.03434492531194754
1798,893,0,0.021107582924951674
1628,823,1,0.03861789616555476
986,700,0,0.051339524847507007
881,790,1,0.2616077173689951
372,691,0,0.043202824821557725
1272,80,0,0.032056003336792586
644,328,0,0.056272805429902616
812,69,0,0.011481999437471198
622,102,0,0.03452680364822147
683,870,0,0.015225336497084681
834,365,0,0.019920883597975197
1013,378,0,0.04699020623194742
173,406,0,0.036217347730309865
822,822,1,0.012062838726015065
1996,970,0,0.03592305152345359
1618,662,0,0.04864859805973828
1635,345,0,0.028305254814467447
15,83,0,0.021640618685281377
39,623,0,0.021533606615252096
994,540,0,0.06814190377793096
408,835,0,0.01593883833540626
1403,945,0,0.02577504443641402
1702,724,0,0.19874024191815587
1512,582,1,0.5200815416724095
368,543,0,0.041168096293166936
1544,106,1,0.02304652466080456
1678,524,0,0.037892585234935695
1260,678,1,0.8067215377446371
220,267,0,0.29072009505722785
699,982,0,0.04217290917345914
368,253,0,0.2992578545904465
904,140,1,0.5151938255198271
71,683,0,0.42462238970529675
1130,705,0,0.045219464375161986
295,943,0,0.03502493860277335
724,662,0,0.01577647332687932
1774,11,0,0.019322587727415692
1809,708,0,0.05227489491724659
592,404,0,0.010822488494284679
1781,362,0,0.026594417299164064
706,963,0,0.04210438404235812
653,406,0,0.01709393372799905
944,834,0,0.023025504668716053
609,478,0,0.034094735837436455
1332,494,0,0.04341671455595381
1439,76,0,0.035208864003662854
476,292,0,0.034636675963512206
1848,606,0,0.028305941294360447
56,383,0,0.0415940009779026
1499,398,0,0.02953754769863931
859,279,0,0.02641363685752205
1932,899,0,0.05231639192975126
414,705,0,0.033792706382007195
1266,74,0,0.022707462737578267
833,295,0,0.033969339147183336
949,840,0,0.0318292560132337
1680,944,0,0.027418157425816318
877,307,1,0.23789829051248557
1105,149,1,0.4783863747050504
1883,890,0,0.6269617626841841
1211,569,0,0.43966324939576346
811,758,0,0.02845889498595621
1038,815,0,0.01022646123976175
727,653,0,0.011376728661602309
107,701,1,0.6723339088952269
222,817,0,0.04321696849669532
752,69,0,0.044744530081774564
1339,585,0,0.01079853754993936
1934,918,0,0.05875834242537583
623,511,0,0.04289218458387803
862,323,0,0.42903810416020316
279,662,0,0.03977558738542928
1860,320,0,0.3486938641599714
681,442,0,0.05480086539835395
1374,581,0,0.042992740628007106
640,23,0,0.028876869750816374
541,747,1,0.058945654732633676
877,723,0,0.010993132823129456
1046,272,0,0.04506112799109986
92,656,0,0.50832071970755
1157,328,1,0.04888382203539826
492,416,0,0.3311107624993136
1362,96,0,0.0496173741908515
999,98,0,0.023470941559905825
1299,647,0,0.4429044025060875
972,774,1,0.45706735903404766
224,953,0,0.3330830729567313
1285,534,0,0.014901634263622612
309,891,0,0.04585019222101704
1028,457,0,0.28666531299077724
787,452,0,0.04812849563593611
1340,762,0,0.025815573488883407
914,438,1,0.017992685120181935
1474,59,0,0.03194847519677322
1120,792,0,0.031402502120367146
1452,304,0,0.4613772239182075
1806,175,0,0.03685912020062405
1661,537,1,0.046238072902396586
14,93,0,0.0685092972688596
776,484,0,0.019248056388056725
1702,246,0,0.37743072157680513
966,830,0,0.010568809490239363
720,195,0,0.05126282578077817
1224,167,0,0.02409387809186795
38,668,0,0.030434102899790254
324,299,0,0.44560726167688886
416,475,0,0.05538108284448091
182,245,0,0.36635700921767966
6,950,0,0.04760043425829919
1597,429,0,0.013053697822842755
1269,972,0,0.011343617309145895
982,722,0,0.042950180852229784
43,489,1,0.4014435534263484
1165,373,0,0.05344178573118103
1121,782,0,0.018323313197964732
639,904,0,0.05803130101019836
1794,662,0,0.02243049804828237
942,682,0,0.010920836039399836
614,713,0,0.04263472646171875
1880,515,0,0.041117209672556956
426,760,0,0.04901740608684776
1429,323,0,0.05551115854293209
359,309,0,0.06568647990796656
572,650,0,0.4232097220454829
681,654,0,0.02609632665193575
490,78,0,0.015102649174478407
224,784,0,0.46721205387616194
18,424,1,0.049229786455842785
564,223,0,0.015095328307161766
1404,762,0,0.014306464376669383
1651,844,0,0.01345189118664878
361,440,0,0.01656290079931931
1051,731,0,0.05109116151229727
756,52,0,0.026793090987845873
1345,878,0,0.030917052920981035
1988,783,0,0.043151422160735045
655,543,0,0.07163327480771703
1399,950,0,0.011423811822913263
894,21,0,0.06330386029654042
49,942,0,0.043958266307847896
785,18,0,0.05541388515663608
1743,282,1,0.2335796015154239
588,660,0,0.252952576419807
419,728,0,0.05639545037562429
1207,873,0,0.05039927644176767
782,189,0,0.03549055974291988
403,521,0,0.025093428636290424
563,145,0,0.053704376151358126
453,211,0,0.03441273015825133
15,274,0,0.019674687673040116
465,856,0,0.010312524838171546
1050,48,0,0.03586264879032923
1630,868,1,0.4370473356807309
1511,498,0,0.027859198063857782
1871,864,0,0.06749703225679687
1458,192,0,0.01720297300463744
1504,158,0,0.052614439471517366
338,575,0,0.0592319561724422
640,19,1,0.5202898858608435
1545,507,0,0.054326188983008894
1286,401,0,0.017397421876589655
589,841,0,0.06477114337142091
368,503,0,0.01239233139860245
34,399,0,0.020558046943971987
918,355,0,0.044718742649838585
736,677,1,0.3156160276045078
1992,580,0,0.029441572188778124
1937,475,0,0.02421654418089663
1140,405,0,0.015929437297917123
1187,904,0,0.045414539770948975
346,493,0,0.04067987962334814
1785,283,0,0.05482118200698601
889,714,0,0.02522353257021525
211,128,0,0.0548254938231293
796,814,0,0.025962655328149183
1011,671,0,0.014240859160617084
70,216,0,0.02890217242537063
1067,340,1,0.4388879749113027
576,545,0,0.03570646326001205
1177,701,0,0.07586557188779171
1010,611,0,0.03700126712328388
119,225,0,0.7414823626361721
90,478,0,0.05571436281471541
944,544,1,0.04427563440629686
433,658,0,0.058946282153644766
1685,663,0,0.03757018262677881
1187,774,0,0.05931541351605521
1066,506,0,0.03476317229493595
1539,122,0,0.048639425866362544
1645,332,0,0.6419296447566661
438,788,0,0.01577970191006411
553,475,0,0.026507470440568393
1651,995,1,0.7528460567036405
392,683,0,0.04333545788319473
993,713,0,0.07383018521451958
1832,440,0,0.046835301919045474
1228,697,1,0.03257601016938377
876,859,0,0.025126035738635998
778,547,0,0.02253400269751184
76,800,0,0.049201929206478874
1265,749,0,0.01722941579889935
303,559,0,0.050348094923280594
218,893,0,0.05316571978245909
1030,692,0,0.04609902299004919
1668,501,1,0.5429131071856022
1072,135,0,0.050983547071238554
1751,879,0,0.024551512100284015
331,540,0,0.022925551380009845
2,875,0,0.025714916352990322
277,581,0,0.03758769670324107
1127,89,1,0.43684013696663226
1256,356,0,0.054460030778765996
250,79,0,0.05596570006321259
1399,833,0,0.5675783676447061
1062,319,0,0.059754404583592116
289,769,1,0.043956405945046524
827,95,0,0.03337436835245893
675,257,0,0.0539386691283033
832,535,0,0.03198107987935565
1746,789,0,0.056003480060684965
1419,381,0,0.03688642997098515
753,517,0,0.05909452011575069
669,857,0,0.05134530495849067
595,748,0,0.0545413250684704
161,243,0,0.03059736280418024
1754,24,0,0.03109156236280345
1300,809,1,0.5922162767775832
1260,663,0,0.022931519843682486
945,19,1,0.05196936153713814
1037,940,0,0.019174412510787525
935,978,0,0.014245988464168677
140,263,0,0.010767728478806051
1437,355,0,0.04397325509528291
701,283,0,0.03398058035564387
1620,602,0,0.014072012674560427
1696,450,0,0.05905952229354898
1505,845,0,0.3973435988919435
1476,731,1,0.40415576279713367
841,132,0,0.03854044085950447
1013,18,0,0.054757129629179814
1298,980,0,0.056871572358443145
1837,642,0,0.05211964414558237
1097,354,0,0.029785096382023195
997,541,0,0.06120616832626215
1227,891,0,0.024200741155531693
1738,25,0,0.019209566443908144
904,856,0,0.01737905199618636
642,536,0,0.07083271324127957
200,286,0,0.03981141676506728
577,317,0,0.051065546513503327
1212,607,0,0.031128210741469167
1761,180,0,0.0319557028472893
801,105,0,0.039255714105362015
1141,414,1,0.5604470871022256
1650,119,0,0.022383557798231764
1039,267,0,0.032945480613283826
276,512,0,0.028062135957610687
1323,307,0,0.07557151690252666
147,672,0,0.04707980981143676
261,700,0,0.011931087406652498
1915,483,0,0.05371986571744961
1953,532,0,0.03612380793471602
1696,422,0,0.03135937535951156
442,622,0,0.011891015079827103
1824,680,0,0.4170838281860933
1429,208,0,0.02255532589879521
1401,378,0,0.02323064155695652
1445,339,0,0.01134438768883119
1002,229,0,0.032354152329859935
1503,519,0,0.057803830894718855
202,34,0,0.04918281437598731
1886,943,0,0.040980142254650714
1134,740,0,0.0559975005075171
879,101,0,0.05888054812741398
212,307,0,0.02105217215551767
1074,685,1,0.3490649815248174
1025,871,0,0.023891797699248866
1664,800,0,0.05938952878639165
1507,163,0,0.034077748697648014
807,967,0,0.02856998174045873
1343,141,0,0.036296313895538355
1886,944,0,0.03927620104441899
316,370,0,0.020733309434100167
1502,302,0,0.04999893967406837
1959,512,0,0.06275216879427804
970,584,0,0.05546447419486307
229,382,0,0.051430173005557675
429,692,0,0.455115680359304
1794,45,0,0.013901922081437553
172,60,0,0.05437444823432312
812,220,0,0.04613857270621685
167,483,0,0.4473393934829383
597,378,0,0.01710214811674206
125,120,0,0.04323740497090049
1577,767,0,0.03608501569034206
285,96,1,0.5318296230225309
1010,41,0,0.05227893191459652
935,413,0,0.05412182959841704
1812,70,0,0.019186006055415573
431,766,0,0.46971327760509873
1965,222,0,0.04352068771633155
617,7,0,0.018003748842199054
1535,791,1,0.50699157787256
239,405,1,0.023444073048848615
169,828,0,0.057067739548699696
132,632,0,0.030986618186967227
1343,864,1,0.4036737040934587
403,709,1,0.49017890132814057
444,706,0,0.05416242281782699
1433,113,0,0.02573134869750414
1221,781,0,0.07019833617564641
1885,116,0,0.01684017328967431
1436,769,0,0.4197449746009371
755,194,0,0.05429933597545847
1652,790,0,0.02539212573713808
731,379,0,0.325501978089141
698,372,0,0.045055544981804405
326,705,0,0.0546075204827392
1934,105,0,0.011632671552849493
1583,852,0,0.01002494273612617
372,353,0,0.055353492135790015
243,909,0,0.04410175104996314
358,511,0,0.04138363060766491
694,449,0,0.04667627542923008
1994,782,1,0.3885535657157277
1581,638,0,0.03576008337848012
597,289,0,0.04553480775516246
845,579,0,0.029326836689372006
1765,963,0,0.039567152113548054
1334,47,0,0.06523432967716239
897,432,1,0.3756090824053951
1199,50,0,0.035809740925098796
1771,537,1,0.47699701072591655
1887,84,0,0.07161804689635493
1504,276,0,0.057896981177735896
329,625,0,0.054407160587673045
1889,102,0,0.040051057429206345
1701,670,0,0.03258284725208763
1275,892,0,0.0479887134652717
672,340,0,0.04209331763826623
651,530,0,0.01554296652955046
22,544,1,0.5362882488907412
1805,917,0,0.019736070507103194
1041,789,0,0.026638943586986007
1213,503,0,0.03256345765583539
1228,677,0,0.0283484898651195
1417,273,0,0.035547882888692504
469,652,0,0.047853203146164966
169,513,0,0.024906422233478623
364,649,0,0.32283129625047446
117,369,0,0.03036114833448641
898,440,0,0.013460833408568691
1277,161,0,0.017401557153215015
389,134,0,0.029024516549739164
1411,292,0,0.02519758276506571
625,899,0,0.02504352423249507
564,718,0,0.02541575442131258
733,634,0,0.05282618036696326
576,999,0,0.4389418224606228
326,70,0,0.051565105585087166
1506,782,0,0.04821775273779568
1780,603,0,0.30507994611111666
571,164,0,0.048875074926706806
203,878,0,0.018557944705621273
776,710,0,0.014792592537603878
1569,72,0,0.03190953991167638
1658,964,0,0.03211670870545546
136,200,0,0.029633226504116615
486,324,0,0.45119663816481426
266,100,0,0.03797574332596344
684,943,0,0.016060396217091773
798,109,0,0.02063103730943316
313,946,0,0.022363865849435456
204,187,0,0.07107187627872788
1600,368,0,0.07457420704443905
31,273,0,0.050510011735257786
1446,513,0,0.036779168362252264
1969,762,0,0.012376122313531098
1753,833,0,0.06343067598650877
1115,439,0,0.04023609928950487
198,57,0,0.4375398498801683
1798,49,0,0.015810915844619
1889,813,0,0.02023297496648894
1101,889,0,0.057058313086230536
1496,368,1,0.32712191364540394
1897,243,0,0.048744028742426164
724,292,0,0.025645343457448865
1427,661,0,0.05383087739593565
565,855,0,0.04413847421507813
1290,252,1,0.479577426025972
930,928,1,0.47067974231415705
1082,874,0,0.053471299929474435
266,252,0,0.04656423012989915
100,54,0,0.049909932088561
1509,230,0,0.026993865594390126
1490,836,0,0.48068622337052247
1803,845,0,0.022558965246635615
361,592,0,0.03889157450713928
1748,875,0,0.03202711054390033
390,438,0,0.04283684038437453
1640,585,0,0.03844552712075991
1429,613,0,0.02853485036178511
506,317,1,0.07938518959534922
1729,810,0,0.061454611280899546
1237,101,0,0.4641537106048909
581,164,0,0.03515201194695968
327,426,0,0.036032956994299904
1358,132,0,0.029604418679769186
1773,248,1,0.07915502645153531
1690,627,0,0.3936204085545778
369,273,0,0.42043075819368
447,498,0,0.3955021040311165
1171,778,0,0.027907286925493352
886,289,0,0.047038768234248844
1136,973,0,0.052843696187915914
1997,72,0,0.058853335125563996
752,760,0,0.030602558217346927
350,782,0,0.04511405276467683
839,519,0,0.03774706574147091
952,738,0,0.02994683976867594
1086,496,0,0.027284408896313977
545,838,0,0.040333363396878354
904,584,0,0.040854710508032445
112,578,0,0.05201764627378947
4,418,0,0.04277486506994942
272,491,0,0.03321123341470721
1718,734,0,0.020669697431413628
1593,885,0,0.04799287813638565
1397,194,0,0.02763424570553085
1599,936,0,0.022143370099437037
1372,39,0,0.013697785893814282
843,991,0,0.07604953796741963
1900,594,0,0.019287211808898454
1088,122,0,0.035491686710407026
1617,54,0,0.053153239210109504
1310,380,0,0.047210339241201896
1396,297,0,0.37939266204076544
1835,498,0,0.057659457771204396
1774,902,0,0.04445785844904608
1043,401,0,0.036828216313083764
111,497,1,0.3241916157493259
1470,365,0,0.04658334666404473
1962,575,0,0.03026131924747301
954,914,0,0.035880314614502695
1732,341,0,0.02391783561772976
1017,955,0,0.03492951215595565
1077,654,0,0.04269087293345381
1406,512,0,0.04064395023414448
1369,248,0,0.22783321659712635
947,310,0,0.303597031550239
1530,534,0,0.043060440436749815
1200,138,0,0.04205135467556727
703,242,0,0.02667728277344536
925,867,0,0.04771242799417129
704,271,1,0.7586266424328564
1572,180,0,0.029052257892797917
909,361,0,0.050275476763283235
1681,610,0,0.030869571194281693
121,610,0,0.012396592268202718
1667,676,0,0.015988957027059277
143,617,1,0.5789611637124246
1691,469,0,0.02175747991782911
1401,382,0,0.03115611865113741
389,183,0,0.052495826499943735
102,483,0,0.045381371648566655
1058,998,0,0.011046776574100262
1732,417,0,0.468753592769964
464,576,0,0.02661437800585978
495,410,0,0.05682964481187219
650,570,0,0.5424953386951634
99,245,0,0.010878621888267234
1585,104,0,0.019415094358706607
1709,841,0,0.06695703335985227
276,916,0,0.43336048088705764
1026,420,1,0.3879955561044322
828,255,0,0.018053492265591657
270,937,0,0.015702055552287066
1394,7,0,0.04529870096259212
1106,73,0,0.04562874258231569
187,870,0,0.07267405675241691
1375,147,0,0.04929061923477955
795,326,0,0.43379216311092667
387,726,0,0.02400820509267411
1705,633,0,0.03101851262322699
421,417,0,0.05603882064242524
709,484,0,0.024353903565041742
971,457,0,0.013770887815465684
505,128,0,0.026106932649011053
232,834,0,0.033708668877145645
1999,747,0,0.055450734949998255
698,700,0,0.04945970607426199
1842,617,0,0.038014773653943804
168,51,0,0.05994337310525817
262,628,0,0.016676937625269717
549,265,0,0.021183043824239318
772,380,0,0.014375125270663834
1259,9,0,0.02440999916995485
354,526,0,0.05642665196074096
1648,326,0,0.0425210462108689
501,266,0,0.011553029012061197
150,780,0,0.03610272909899222
704,706,0,0.04186801849631333
153,245,0,0.03538196978215121
1003,242,0,0.03856822262006329
898,553,0,0.04921547931741693
1143,813,0,0.35111512981643156
827,330,0,0.0505797592334048
1983,372,0,0.04174374138962366
387,337,0,0.054819342306171984
1123,393,0,0.0334269946952568
1746,811,0,0.04519010847889012
1438,286,0,0.015007303564603199
1080,861,0,0.02965042857528763
539,504,0,0.35274850072161196
55,928,0,0.016597373514933546
322,476,0,0.012908904110427352
996,998,0,0.011325441044367265
1010,713,0,0.04180999788783561
794,212,1,0.3985973008000625
569,439,0,0.03321499148325287
1170,873,0,0.0186651054456749
112,101,0,0.056571602859798335
1935,880,1,0.04177091499714413
1520,253,0,0.0774360739636766
783,828,0,0.016962776331319623
1865,605,0,0.05904933151182939
872,735,0,0.46692933319819485
1811,68,0,0.047033009975542876
374,841,0,0.3408779027653361
158,348,1,0.045558366714522305
1734,621,0,0.020124455100831842
525,436,0,0.02356517226342853
270,296,0,0.04526944998310573
1528,660,0,0.30692245394500317
506,544,0,0.020641252994218817
1440,443,0,0.04890712296835138
1146,861,0,0.011340975788701692
676,663,0,0.059788164090175976
884,263,1,0.029187850789787792
1586,231,0,0.04829029124441393
1715,131,0,0.023282072508075898
966,537,1,0.391319125334554
1658,391,0,0.4416083886948942
163,717,0,0.014499878992142853
1006,458,0,0.03466331412090407
1380,519,0,0.029517243187542598
12,840,0,0.04085844331290524
1963,79,0,0.04127276302453406
1831,442,0,0.05723809971514153
1869,333,0,0.04384173501440857
694,984,0,0.549518495312412
1775,175,0,0.053844296183439125
1584,232,0,0.38118200164476806
1288,721,0,0.019652080562469143
1153,833,0,0.030141084152610416
1466,940,0,0.018038541289656297
1484,728,0,0.03701154597014274
824,347,0,0.3934449112151028
475,332,0,0.04837269782985173
1407,476,0,0.02741715877157519
635,861,0,0.024581124323712122
743,926,0,0.05715804243582627
1490,38,0,0.01864360671421396
201,315,0,0.03371913804080652
1,482,0,0.035883471160467306
1072,300,1,0.4168380712363979
1278,43,0,0.03221575030699749
1151,352,0,0.04038096193921503
1335,482,0,0.010701417421536987
17,457,0,0.05861546207149036
1345,408,0,0.32866131065954185
356,186,0,0.058434578510283615
290,101,0,0.03556175239084682
56,737,0,0.03138355527290302
1326,855,0,0.029100319196654206
491,588,1,0.019860346965418232
100,245,0,0.02057742599498169
411,60,0,0.05690709790067905
923,89,0,0.017624677794701706
1105,613,0,0.0440055287634651
1149,520,0,0.045573059593556495
1463,366,0,0.04565891681276659
1967,729,0,0.05190064660252773
1063,801,0,0.010680005724997912
1412,240,0,0.02897665959388255
857,134,0,0.030185711397268472
1664,451,0,0.04246461502546109
522,791,0,0.030838752387107433
844,513,0,0.01538798268324282
256,881,0,0.042894249949127744
1818,92,0,0.052896083322728826
466,265,0,0.05651399956511078
668,772,0,0.02149430998578053
1903,540,0,0.056974209832076045
1906,780,0,0.04723935071353958
612,853,0,0.33979347884002614
101,709,0,0.07089561712949864
201,108,0,0.013432776598532167
374,740,0,0.04950151375671505
1825,620,0,0.03421791852953368
1987,818,0,0.05992540360492085
1492,606,0,0.0227142942754562
402,721,0,0.02635508861933602
1356,115,0,0.41791636279629896
749,779,0,0.01230468743706581
28,857,0,0.039397487387234156
1954,830,0,0.05898755110140197
694,712,0,0.027487662978596276
1456,711,0,0.01346264201785623
1780,193,0,0.03320600661016203
1518,160,0,0.017286707825670967
1420,640,0,0.018978526056958017
1573,407,0,0.03625242825869059
61,539,0,0.02954203278526133
1531,177,0,0.012425178563049345
1204,788,0,0.059618170495863675
1166,744,0,0.33828860878196815
243,147,0,0.013714431483017849
1302,468,0,0.043923572152350675
1208,531,0,0.02748810835153387
520,644,0,0.06292156110189014
1904,678,0,0.022873021566707084
359,325,0,0.053396686424221594
1912,979,0,0.03294842974442391
480,444,0,0.025635928626578562
55,789,0,0.029449211355469372
874,817,0,0.029728214686059233
1126,103,0,0.04557012971338927
832,481,0,0.015157059029373834
1104,853,0,0.05876921937458833
1469,574,0,0.04365038383470766
1048,809,0,0.029239943477159296
591,265,0,0.037919581748558084
864,954,0,0.4465563676812941
565,492,0,0.0508334327757463
1326,718,0,0.0540549131791557
119,486,0,0.039919833599436315
817,167,0,0.04213079047264925
1836,468,0,0.02823304175020696
892,741,0,0.013592132444139572
111,885,0,0.048736099478263184
770,733,0,0.04088402708153513
1177,530,0,0.01489712650944124
1965,661,0,0.025529847054953134
1109,216,0,0.039627255860296716
1528,590,0,0.012761496620701382
1010,430,0,0.052865844094292874
476,51,0,0.01936573579292436
1944,673,0,0.06313477886872215
1609,485,0,0.04202169570909216
1601,107,0,0.2600745655272381
1921,543,0,0.06130513929080289
800,803,0,0.030462209297150177
1103,653,1,0.07730094871200514
1555,484,0,0.05812645275066909
1808,567,0,0.04268071947603695
101,748,0,0.021037124947107966
277,321,0,0.0394549675806989
1142,93,1,0.03778429628068465
1529,449,0,0.017879406390465764
425,845,0,0.01232541737397709
1762,241,0,0.04845482260306765
738,970,0,0.02992572861455752
343,750,0,0.04574598126542249
426,9,1,0.7193872233185544
674,954,1,0.36224983021920776
1590,667,0,0.05165393103709141
620,914,0,0.036120386984049194
1378,322,0,0.056369125396966854
539,204,0,0.055831367131552345
103,801,0,0.013578316802000393
1542,456,1,0.5491808514846543
161,300,0,0.03557962518127876
1510,741,0,0.04363958062632005
163,811,0,0.016608657570435954
806,349,0,0.01679478942584775
1061,643,0,0.02490803898488388
1520,940,0,0.05601286166129378
1809,165,0,0.03376407540111413
251,644,0,0.4088695988111795
1942,388,0,0.07339571041309925
587,875,0,0.07205807807124742
549,186,0,0.035096031073799425
532,652,1,0.3850590646906231
1365,439,0,0.03890935738797456
554,800,0,0.045301741211015906
1013,67,0,0.5468570491012733
1011,85,0,0.0265570167925036
692,425,0,0.04880131510443552
1766,794,0,0.058967097554511946
810,588,0,0.04632889190733158
365,778,0,0.04050554599710448
866,73,0,0.018816786947866954
7,924,1,0.5070337387803495
1689,651,0,0.5019950243547735
1716,404,0,0.05758169057898789
1977,446,0,0.04455726016033394
325,739,0,0.03193699532515048
1634,697,0,0.03585642949254073
1603,297,0,0.05008562383213928
1789,780,0,0.04436509172030107
1734,539,1,0.3508318996549978
465,627,0,0.019714852345774678
1253,248,0,0.03682512579949208
1126,961,0,0.018210365985502904
1213,171,0,0.018676735633315532
289,307,0,0.05235435483827268
1860,57,0,0.0262814710916216
352,236,0,0.03677583899401647
371,1,0,0.04758577586623433
47,883,0,0.0354815492910626
740,600,0,0.03833665919816544
352,754,0,0.022656152204309034
16,103,0,0.03620931476139364
14,104,0,0.07333097520804831
1739,554,0,0.05352919665910545
1861,336,0,0.013801696960340717
895,601,0,0.05108578770166411
1972,944,0,0.0435222210654332
69,109,0,0.032186552806069996
876,92,0,0.02238773825179885
1913,911,0,0.0387535709075501
1309,329,0,0.02814433494150726
340,966,0,0.04522349582311609
1757,852,0,0.01767442465782783
1898,41,0,0.032534685783510195
760,817,0,0.01090371481711052
239,126,1,0.31765859438356364
868,949,0,0.04742139545466321
48,203,0,0.36168346134158125
707,438,0,0.03230023303827339
53,4,0,0.04989732192484042
759,261,0,0.011779981289535665
1376,992,1,0.582453404581918
1359,814,1,0.05369678381112321
1565,573,0,0.37015019471739763
396,668,0,0.3304104792275226
1503,900,0,0.03728403784755162
1187,930,0,0.062494545822807245
1559,82,1,0.5705968975730017
1303,869,0,0.039208669135016305
1297,692,0,0.021690574949749665
392,434,0,0.04759461750626716
1969,188,0,0.05366767276884586
668,754,0,0.056762981185981096
1106,475,0,0.024208376881269245
1433,281,0,0.018653494282597355
947,420,0,0.029620143597301966
1491,845,0,0.04508285053780905
500,102,0,0.3540732387091231
480,258,0,0.01239439211928017
1276,25,0,0.014953253547611236
1676,13,0,0.22334585684239966
170,72,0,0.011641774563910853
1228,383,0,0.05134644590098424
1816,641,0,0.03666643556489045
1302,118,0,0.01752329232157336
806,231,0,0.03695056190497977
477,116,1,0.01625008060477841
691,862,0,0.06835672707222862
447,520,0,0.03337341067114532
1849,957,0,0.026173606630205924
468,697,0,0.021559053453963462
832,496,0,0.042645964553253556
1426,463,0,0.46313599865658966
738,986,1,0.524632774370256
595,579,0,0.04731731320883744
420,621,0,0.03637367114209704
13,555,0,0.029494560639164343
1285,142,0,0.43665731042855405
1393,195,0,0.016613380650859762
56,72,0,0.028092853189655827
960,465,1,0.5133559653009897
1162,649,0,0.04026302798879822
1305,864,0,0.01772739724805619
1388,798,0,0.02296240813046605
902,804,0,0.025562404789301787
1764,562,0,0.05056935082890534
1286,134,1,0.05888009196851703
1842,841,1,0.029851471628282326
988,899,0,0.040743623352381936
1240,31,0,0.05584976505258375
1984,942,0,0.061999333761365044
979,858,0,0.03703021921681864
1191,137,0,0.029670186852765554
1136,374,0,0.030279107631727885
214,632,0,0.017210165343722685
710,66,0,0.364419644082389
1388,865,0,0.370158062837755
413,650,0,0.013498801028440314
877,251,0,0.04132517684464194
141,540,0,0.0415633108970278
1997,186,0,0.05442162642586388
1816,895,0,0.024155119764036698
235,227,0,0.01392769866650905
1718,49,0,0.05421197065532453
443,780,1,0.4282168326303708
233,25,0,0.01604357995772407
1918,136,0,0.017247672697927208
1942,36,0,0.07253429055773145
534,298,0,0.32805794904960217
1471,767,0,0.033468353213104006
742,534,0,0.04041707761607446
1878,101,0,0.027768955053158913
1073,859,0,0.07834451428809454
122,159,1,0.3289032276509154
222,652,0,0.01798539843580435
1026,479,0,0.05631503471925402
1935,794,0,0.013317537827217459
956,917,0,0.04158826027286409
1334,367,0,0.01907936424574591
832,515,0,0.022810489267279035
1899,219,0,0.41689057467897717
1551,855,1,0.4426997737237926
1341,788,0,0.22385399363599642
196,892,0,0.05407875986537004
1242,252,0,0.04679391187954385
1709,418,0,0.03124908254332206
1921,878,0,0.04629415097677551
1094,339,0,0.041512174941398625
668,900,0,0.015066924706120706
1472,234,0,0.028306438087655962
1146,566,1,0.5397131680559025
889,347,0,0.03213561221257886
179,193,0,0.02806874570158952
1510,590,1,0.058926581196013336
228,133,1,0.4331178375305799
1324,925,0,0.03822483157356481
1031,127,0,0.05452474702282182
1517,672,1,0.02112337951519412
511,787,0,0.029968100571710017
1495,463,0,0.010427729364412443
1350,554,0,0.016873208210330722
927,666,0,0.012951589475708932
1579,223,0,0.05841968174797395
1200,84,0,0.020983391085378302
721,79,0,0.04864359415830064
1470,107,0,0.052758359812865
684,326,0,0.03009347681483765
712,569,0,0.017793479311189544
163,631,0,0.038403128974751684
681,374,0,0.02849513646415551
823,251,0,0.025152601347589003
1196,658,0,0.03148302922213167
684,130,0,0.058106604226675365
1704,508,0,0.03626725967009919
976,91,0,0.038832334500485524
1508,716,0,0.03605572555370026
532,555,0,0.4653735456936212
1711,983,0,0.05660339002786755
1897,33,0,0.05702214743230753
580,99,0,0.05035186364714824
1981,406,0,0.036861305207279454
626,168,0,0.01614578416072658
1478,565,1,0.4162708232610789
1087,800,0,0.027332211425161027
984,533,0,0.04513982322896679
1924,185,0,0.053781074279931514
1655,41,0,0.014807599153647202
356,36,0,0.04510436681573151
762,232,0,0.054802543906637184
1630,468,0,0.026544614015509664
115,271,0,0.4810764380832271
620,559,0,0.5174998969678017
1410,500,0,0.010826646256395202
151,37,0,0.02798446976404311
1883,459,0,0.012201333892331025
739,317,0,0.05085581041739112
270,304,0,0.014349978988012282
1704,978,0,0.05677103596152064
1186,329,0,0.02583920328922789
472,423,0,0.016129064987640846
519,580,0,0.445053269426389
1848,432,1,0.04276828138417112
1882,322,0,0.013072072952384446
1103,197,0,0.0278265573547557
686,169,0,0.016913675292452177
938,353,0,0.04977551223580956
1230,312,1,0.04244594899002603
1997,972,0,0.018802463789281555
492,747,0,0.052061363823000945
675,237,0,0.05156902905809984
409,616,0,0.016233153899360243
455,746,0,0.0316699216923719
364,292,0,0.03785701989062166
9,932,0,0.3347481069884959
1324,289,0,0.03507385745938716
15,638,0,0.3170352711314192
1368,964,0,0.03436621699156085
1608,600,0,0.02506493586146335
1991,621,0,0.05393687164602155
418,498,0,0.04217521594681335
1357,919,0,0.016707903142694054
94,510,0,0.05710054798276666
1698,128,0,0.015452027899506612
128,814,0,0.06986316604325767
1881,925,0,0.013789001489836852
469,697,0,0.01559765980639349
1287,425,0,0.05854887735277531
894,503,0,0.03169750903493086
1465,124,0,0.01136936649209135
902,633,0,0.055096049148983375
1561,386,0,0.033940991303840255
808,69,0,0.03746253526829425
1848,465,0,0.047445183740647955
1823,958,0,0.011396623600720747
382,853,1,0.38846322798299915
864,929,1,0.45872756158116
865,237,0,0.048974987820384945
69,716,0,0.06899584632244796
1613,224,0,0.013482955715784293
881,82,0,0.04609097298854283
1241,990,0,0.4970424070209677
1581,499,0,0.3748352392891091
1074,882,0,0.04304160926605951
164,466,0,0.029058037768070456
1718,540,0,0.3277432625236356
1880,556,0,0.04855703248282511
711,298,0,0.056375774599323775
498,96,0,0.03277323576131021
1620,434,0,0.03502230347608374
568,836,0,0.04290462790553652
1303,965,0,0.016343472255838844
541,256,0,0.4620720848731864
1188,149,0,0.03541337453475831
1641,210,0,0.02268770231659767
1536,64,0,0.03615663408071605
1553,917,0,0.462906630404589
469,750,0,0.02228349925066564
1692,411,0,0.014359318466092931
363,950,0,0.031513260165369594
1071,401,0,0.03103062500203376
1803,819,0,0.023620720417668096
1658,634,0,0.04397159904035314
671,763,1,0.3109769736351426
906,590,0,0.06713255571975105
394,123,0,0.03941752392293984
1834,390,0,0.021143519254662926
430,403,0,0.05962730782906149
1229,653,0,0.042084502162451624
121,102,0,0.044395311750970216
1276,508,1,0.34225257651886065
1578,663,0,0.02701238897250565
1423,250,0,0.05941788325724964
33,990,0,0.017695054990430087
454,556,0,0.04238129100374908
1915,940,0,0.34241872105204973
817,752,0,0.024523052143928414
85,658,0,0.04917125291093243
707,885,0,0.03653598849023719
1006,344,0,0.03085769635855997
353,869,1,0.681019584336874
956,3,0,0.041558923400378686
744,181,0,0.04233929944063871
1962,50,0,0.026136687332378984
1861,222,0,0.04474006029966938
549,592,0,0.04964613792395765
220,564,0,0.03401295199262299
1058,636,0,0.055386335546862106
1668,714,0,0.020479845961727857
107,581,0,0.05568410399003682
1792,660,0,0.029343482175879516
271,644,0,0.46797115113509014
488,82,0,0.05447384330769528
901,241,0,0.01905165948374487
1756,889,0,0.05514172594948139
1723,769,0,0.010653276969854117
1293,971,0,0.33787064636795916
1827,110,0,0.011580726319360586
373,121,0,0.05081580110072527
108,652,0,0.06858471095412702
1278,963,0,0.05591182112402595
1087,687,0,0.0398085180085266
623,25,0,0.02524695818788992
1738,941,0,0.4845435114843912
1390,619,0,0.05193768765818236
386,548,0,0.012726451440385263
1641,800,0,0.0592692376652247
1017,259,0,0.01488353401952188
957,218,1,0.031797843256242485
1274,518,0,0.03452776362308567
595,186,1,0.271093901458487
1217,445,0,0.05500122909276021
609,725,0,0.042359173367181174
1786,408,0,0.03301289343431764
1093,143,0,0.022597395759681428
543,420,0,0.019941949572026718
1948,824,0,0.015048289767263558
1240,657,1,0.31198103272904104
157,183,0,0.010952877950323505
1124,289,0,0.053750116226193065
973,566,0,0.017736816292008614
1958,786,0,0.028446869450806406
892,510,0,0.06537119516931106
662,466,0,0.018050644594500963
797,191,1,0.0706071040655891
1657,60,0,0.03130814270954026
1072,938,0,0.37486430260523335
941,782,0,0.04039073700387264
1926,20,0,0.02304169933703065
957,430,0,0.01083756597128697
943,644,0,0.038340891846767367
795,229,0,0.04382796296769654
1901,249,0,0.041794458249978836
1057,938,0,0.06292443050036901
559,416,0,0.054020290383026234
998,904,0,0.05650309731785643
1958,274,0,0.06201943436720492
881,514,0,0.0563086588293406
1781,503,0,0.031198059238826646
8,582,0,0.022963691876512395
481,448,0,0.024829685862841778
1603,925,0,0.012500115278473474
1929,802,0,0.05225872158146897
605,513,0,0.0493265557830543
753,589,0,0.01542203506000647
1467,916,0,0.024366248474279612
1268,603,0,0.410018484316782
421,979,0,0.015065406118414107
1243,951,0,0.04101082001334629
643,3,0,0.029967797256881278
1111,487,0,0.3301154293643196
1715,110,0,0.022365194042569838
65,102,0,0.05971457282231919
1303,3,0,0.02099200167163018
1784,520,0,0.03619147301383811
770,935,0,0.056444849474641665
1442,843,1,0.5319589432974909
604,681,0,0.04521176121487971
633,71,0,0.021828455810030963
1437,575,0,0.02910801834033685
1686,235,1,0.49516591850591174
557,499,0,0.027472004053127178
856,538,0,0.0182533389506269
700,174,1,0.7526174101632576
351,763,0,0.07016534921148274
1313,528,0,0.02145177371586046
128,280,0,0.06883528110668655
1954,715,0,0.024496655654009127
1727,172,0,0.04025290769397545
62,619,0,0.025850712281033986
1883,512,0,0.023513808090288798
1,54,0,0.02222828887367749
1198,343,0,0.05965985237686104
1451,366,0,0.48423016796196483
555,588,0,0.04560569787600889
111,385,0,0.03915106668036164
1103,702,0,0.0742307146615916
1923,930,0,0.03287206026031604
1905,138,0,0.010831627414074166
17,155,0,0.03524516893581662
848,596,0,0.03119690532613712
880,10,0,0.023286590847078088
1234,843,0,0.02007965215677978
1167,124,0,0.048928714487304466
1831,850,0,0.3956887352665051
552,766,1,0.45349857413954103
1066,449,0,0.01900840058624443
1746,695,0,0.014841155377034627
1386,595,0,0.05017786185806455
1217,258,0,0.0472998397729237
1315,951,0,0.026997700085594573
909,726,0,0.020233472770801952
178,399,0,0.31911323391435015
616,870,0,0.04771046683087018
1496,316,0,0.02238372260572294
599,861,1,0.5607802660098511
1579,429,0,0.013693204519917398
1150,549,0,0.025812809593051454
1259,624,0,0.058103596007859276
266,617,0,0.014775885460320428
474,937,0,0.05496289936304678
441,174,0,0.051684085709711336
445,585,0,0.04507021294957644
1168,41,0,0.0252876625214767
1908,881,0,0.042668081725151026
685,925,0,0.044880876834005067
1703,997,0,0.0152281742249555
445,820,0,0.0390601433206733
1062,85,0,0.03593587103301611
258,626,0,0.012415533233256434
548,486,0,0.3078184837620134
729,30,0,0.022353874279731463
184,72,1,0.024282483563675007
513,258,0,0.03841556272938581
1756,108,0,0.043878195609097954
367,128,0,0.04075709883132531
1174,349,0,0.02425231306004368
1719,717,0,0.04538301439796057
446,14,0,0.025588123719140255
22,869,0,0.03173763109551678
443,154,0,0.028148070562017367
766,301,0,0.027769631303839915
622,20,0,0.010089982072736772
590,133,0,0.010852018878129584
1727,864,0,0.03692293323948208
1327,770,0,0.03371083806373576
1721,516,0,0.45249506522793276
762,960,0,0.03238872362898505
1507,608,0,0.053375464203590975
1928,485,0,0.03636372588459684
709,84,0,0.4882388865984088
1383,341,0,0.3587799044219011
1263,378,0,0.015584125198913897
1369,574,0,0.012735346666056836
1466,642,0,0.024815854956661755
47,335,0,0.07821597906509443
394,71,0,0.04955007333293323
62,778,0,0.019788334621330055
542,246,0,0.07648083128498384
1709,56,0,0.05550244406796705
1766,923,1,0.39804658288024086
1272,932,0,0.5354571938957184
1303,171,0,0.05105370017121016
1825,606,0,0.07665122220896778
377,880,0,0.6161924060253731
821,918,1,0.4372659162837429
524,730,0,0.02541264117604549
1703,405,0,0.028216632376130417
911,692,0,0.060742991844363915
1108,94,0,0.05253376317520829
905,989,0,0.026815053123656916
1955,62,0,0.04423459065490617
548,799,0,0.04902812870016162
180,297,0,0.04619201195645518
1744,628,0,0.04950825613886046
847,63,0,0.018229556093872577
1620,729,0,0.27540903599159267
422,438,0,0.05501226380983032
1073,900,0,0.05318665395128698
1446,146,0,0.042878249461342305
952,189,0,0.028091990027805956
868,737,0,0.0410546037982413
1942,652,0,0.024855894943263714
114,166,0,0.02241961313791027
722,808,0,0.05881075266301339
892,345,0,0.04060078153902615
1061,129,0,0.016611855557768326
1205,799,1,0.7183066970998381
1430,6,0,0.055230700010692295
1055,887,0,0.46437432619334273
880,185,0,0.03382400827599814
1947,609,1,0.47252017584710276
780,764,0,0.010000788537301715
912,31,0,0.03805554392455855
1002,813,0,0.3305095278381369
328,354,0,0.023323300790584547
1198,921,0,0.04931273116663496
1957,503,0,0.05794279641765372
1964,841,0,0.3661681762522243
1170,869,0,0.018402675437747644
1569,298,0,0.029811522812323306
139,469,0,0.010299954357868454
252,595,0,0.0491374502448186
1851,961,0,0.03541488164856148
352,736,0,0.015630810973642204
1176,376,0,0.06850463527430242
925,581,0,0.02318168059296218
351,44,0,0.022557831123422165
821,356,0,0.055999217063124974
358,501,0,0.027323603943288227
1917,903,0,0.028889101899589945
1867,622,1,0.030546565196936402
236,800,0,0.025837732828825455
724,376,0,0.029814106064125136
1913,79,0,0.04878256864355739
1728,652,0,0.05699008351989514
525,955,0,0.03464423925722651
90,318,0,0.019482080921926645
359,784,0,0.014043347855516803
954,946,0,0.04121462126675253
600,643,1,0.052080670010674124
1841,356,0,0.011668938561909316
1091,22,0,0.01637000310547275
267,128,0,0.05417228085070445
462,492,0,0.017027146540852536
1741,165,0,0.03571130628187644
511,283,0,0.010947565987107657
1380,880,0,0.04763383108388696
1911,903,1,0.4196243566926373
1858,556,1,0.2880586836282197
591,772,0,0.026611894541322463
1608,508,0,0.45849613174193565
1501,931,0,0.013636179931828392
1839,876,1,0.4106747186962551
1583,124,0,0.055367165376340635
1096,673,0,0.05202946527577545
96,524,0,0.056149011153463456
305,304,0,0.03491962655538379
1437,742,0,0.025382334050165864
69,111,0,0.043179109906885935
476,184,1,0.9458952938565687
71,283,0,0.017804425798777126
111,549,1,0.3899317236582848
1681,718,0,0.052077932743888104
45,691,0,0.02286225011328588
1834,297,0,0.04424877303016496
416,444,0,0.4530036525268261
1364,503,0,0.019149785919389976
717,848,0,0.012841135494429886
390,692,0,0.03298195492587093
369,609,0,0.03561345397734617
122,919,0,0.030958196049241826
502,26,0,0.030322352935888607
373,368,0,0.026209093612924776
724,907,0,0.023013718125156343
915,153,0,0.021871441966884987
1522,340,0,0.03403742856049406
563,724,0,0.019724348225776858
1902,778,0,0.0339454369031843
263,161,0,0.05549829157839441
899,557,0,0.45425714459389965
25,926,0,0.017364379710221457
1778,329,0,0.0592886060660172
814,923,0,0.018196766381186637
1044,698,0,0.027743468235796036
762,92,0,0.05854798391305337
1452,849,0,0.055494685823747295
3,132,0,0.04025586147582425
891,447,0,0.04456284430577475
1345,684,0,0.0443657079374263
1064,880,0,0.04897615068772643
727,870,0,0.07888905181380515
1897,192,0,0.051866969460607114
1955,278,0,0.356955880535325
1361,839,0,0.04733511913022117
92,617,0,0.02921262539723176
1823,138,0,0.055782880489940186
1423,146,0,0.03484301703868656
902,359,0,0.05981686157320607
837,414,0,0.06507307981188047
1220,139,1,0.0556832184725605
1899,255,0,0.027870534655372925
984,344,0,0.04769381560636183
1694,630,0,0.5067327773871773
430,196,0,0.01071506007611003
613,505,0,0.05818685260140401
1854,309,0,0.04156919827715783
633,849,1,0.8935390275539875
942,268,0,0.057225108708777214
351,667,0,0.07096744870314678
679,224,0,0.054259489028481385
409,90,0,0.0629414556453912
247,557,0,0.029953686648418305
365,78,1,0.050731546643478745
477,521,0,0.03311740674711232
1408,159,0,0.01581329445870014
1407,107,0,0.030242265330249055
870,11,0,0.4285302972844891
725,61,0,0.01886312174883801
1134,990,0,0.014622704132368576
1611,97,0,0.5665141490631606
1352,990,0,0.05868162844084488
1865,64,0,0.039318364554906414
732,634,0,0.03461915338196141
1487,539,0,0.03919954388422747
82,767,0,0.03887539294331035
639,982,0,0.05923806027444786
1801,79,0,0.025635295717206255
1259,16,0,0.05771807427360674
1369,948,0,0.18953217575719838
1511,219,0,0.032852458754526415
1410,809,0,0.012470108361984242
434,123,0,0.03470648660581744
823,886,1,0.5496804972930318
357,176,0,0.026654157503808756
1975,58,0,0.028095263157541864
1156,861,0,0.2824974220673223
448,193,0,0.030581633129521245
416,43,0,0.044399877821936856
201,493,0,0.04806814269156829
764,830,0,0.02680236412821796
752,148,0,0.01632516188881062
1744,554,0,0.042172979339365056
1335,246,0,0.041470550258294325
547,752,0,0.44254792716864727
1866,241,1,0.05634272753092207
813,172,1,0.5340185749438299
1740,64,0,0.03501437725275412
1088,971,0,0.023209689083953475
314,181,1,0.28984327935615295
1728,641,0,0.05389218330698618
28,734,0,0.05458821568484442
531,580,0,0.061178024085698675
1734,951,0,0.03483993023786521
1250,398,1,0.26018563991481747
811,79,0,0.47165680684020117
192,290,0,0.053368410367675936
860,323,0,0.02328278801200544
556,730,0,0.016923217253817752
227,127,0,0.05854436463582092
1296,624,0,0.02067139073473387
688,177,1,0.4939284343364697
1305,586,0,0.0379489340350087
529,138,0,0.012687416328757256
1304,994,0,0.07891691485873129
1848,883,0,0.032359269536246245
1866,627,0,0.05283589665718515
1533,101,0,0.02215650234968814
488,210,0,0.01884546354724003
371,780,0,0.04485140626758105
1098,441,0,0.030999360019855517
542,166,0,0.014109391942924848
403,820,1,0.39287457546882654
1607,353,0,0.024452881883617068
159,308,0,0.034335637137810536
1437,122,1,0.4660073046188903
184,76,0,0.03731640328131191
1943,689,0,0.029772121105440856
401,99,1,0.45610755243095313
305,679,0,0.3822839056725785
412,236,1,0.4917024523621094
740,790,0,0.019084049613881878
1494,442,0,0.05210847849265072
1427,107,0,0.057141954039155174
336,303,0,0.013296775870149085
1445,972,1,0.6234842512853046
1156,531,0,0.018655131461444645
648,710,0,0.05250602217932394
1865,212,0,0.011217271077058411
17,839,0,0.6272154358271996
1754,470,0,0.017244972129453764
876,451,0,0.03062059306234407
122,350,0,0.057976620321931606
1865,510,0,0.0698855844114545
257,388,0,0.04103925175305688
1558,487,0,0.05672332764599269
1040,838,0,0.02564464567454585
549,848,0,0.042489955008091405
1856,212,0,0.02883819087392471
552,126,0,0.3633412720056186
1203,490,0,0.01247106277059782
161,74,1,0.5235830750209695
644,649,0,0.01988947840630722
1279,591,0,0.010033430167844096
302,803,0,0.04150300869151748
779,268,0,0.045357142233668185
1771,213,0,0.010267257569950174
1840,935,0,0.025649865385661157
1908,927,0,0.0373316192898768
803,213,0,0.03344337229340775
1108,477,0,0.03662216977992976
835,835,0,0.035543439714955986
1952,861,0,0.020968657028012785
243,668,0,0.03158937963188426
524,581,0,0.05352201079378392
1865,63,0,0.020742794884490434
1921,700,0,0.06511074160953433
1918,441,0,0.04242500392766612
1453,233,1,0.4760980884580271
1924,608,0,0.04622606146641239
1872,282,0,0.047475379512369346
804,806,0,0.04136230466970813
542,374,0,0.07087837183033437
550,364,0,0.021838237803787797
966,392,0,0.05506640631536393
1016,235,0,0.04093458438813218
1913,933,0,0.020419534510023003
1540,45,0,0.015952372550718127
1393,810,0,0.02533865835084475
707,978,0,0.04638294579451676
739,325,0,0.05666114644510711
715,374,0,0.04383665225460127
59,833,0,0.04859465051424859
295,894,0,0.05155533818348263
42,256,0,0.044257023140544284
572,365,0,0.015666486495681527
1672,763,0,0.024475944282231626
1053,263,0,0.010351172758394363
1662,532,0,0.010494310212819572
581,747,0,0.04469773362093817
364,185,0,0.014514684123176032
693,228,0,0.42305357966403073
984,674,0,0.012752407586409005
1482,192,0,0.05300090618798111
1825,996,0,0.06853548969982083
463,995,0,0.033466304855690694
140,550,0,0.01067219021269609
1791,226,0,0.0566121819563948
1021,358,0,0.03947782957612801
825,858,0,0.033028250184142266
1842,250,0,0.016682767086167033
733,645,0,0.02498854380737387
260,425,0,0.0291529596587045
1353,937,0,0.062091372079817804
1543,566,0,0.06940018440819846
470,233,0,0.05045204115195073
1392,161,0,0.013309308034983168
1361,820,0,0.023181044678018466
956,284,1,0.44799404755453665
1137,903,0,0.05589845201315901
458,585,0,0.04805028393339682
1981,865,0,0.4711362985620157
262,25,0,0.02959192523059622
351,802,0,0.047552202052713516
829,933,0,0.02999231476900529
1686,33,0,0.02699723006576457
88,999,0,0.02597877313539284
446,144,1,0.05669994089415919
1098,514,0,0.029669219386727057
1976,886,0,0.4998455185580853
512,760,0,0.01773047962917102
1846,364,0,0.0445725228004638
1044,810,0,0.056689862581305886
415,607,0,0.02324594233496105
457,351,0,0.05721046835525309
1694,966,0,0.039230444012169186
475,115,0,0.07074479781857396
561,978,0,0.028424188801349642
109,381,0,0.03564351304068226
406,830,0,0.03725900873546534
635,333,0,0.02080136294130427
524,924,0,0.04999104178263399
435,949,0,0.03914706434890431
411,447,0,0.39745745910135205
964,291,0,0.024631194161090025
1774,578,0,0.03886102967977964
1948,83,0,0.03444340376545989
1515,200,0,0.023508783146644743
1533,476,0,0.05724482308063266
1088,543,0,0.07681899253472273
1001,630,0,0.0474152375686099
256,738,0,0.44815946070878565
608,894,0,0.01741677619616068
1903,518,0,0.04115045341173476
1534,905,0,0.030095125266329154
481,55,0,0.011633180391489131
1923,855,0,0.0179091819944184
719,277,0,0.04741885281374626
242,942,0,0.01476761916197565
379,302,0,0.4641435262287837
1123,348,0,0.0411876238088514
1781,169,0,0.031074813101022808
1737,410,0,0.05082253780282358
1635,169,0,0.04282328190219358
1132,37,0,0.0785783078863002
1712,256,1,0.46336795152905974
1953,169,1,0.22121325492868976
1677,268,0,0.04956772208753999
1625,889,0,0.033067736967018604
898,469,0,0.2678589080967752
1219,981,0,0.4918519629029873
66,182,0,0.03669335481602346
1733,617,0,0.05668536842356996
1303,378,0,0.02086056254847281
141,877,0,0.020282712972609848
1704,527,0,0.03320290907112056
1301,432,1,0.39779730253779544
161,551,0,0.04410110532770425
1645,32,0,0.04379429427416403
1298,910,0,0.07001903911272281
1196,720,1,0.8705744655477714
1135,981,1,0.44470752574048966
1371,611,0,0.030844291451658568
1453,135,0,0.052070026873903844
1032,958,0,0.050671629198355175
1158,275,0,0.018510352053849613
110,651,0,0.024280575074154633
616,77,0,0.023030399052314434
1453,666,0,0.02165540483252483
465,101,1,0.39506857685756885
111,869,0,0.46941578557507785
425,707,0,0.031671739275091024
1524,544,0,0.04802405717278417
474,517,0,0.3148118386799346
748,118,0,0.05472182034535923
1703,702,0,0.06745611933288599
1746,131,0,0.035635909239566235
1303,547,0,0.010052734303885754
437,755,0,0.04058663899746338
1358,148,0,0.03750828090323365
1582,855,0,0.06274037708112598
52,709,0,0.04842623774144663
800,854,0,0.023441009985712913
1337,848,1,0.058306060131106084
565,92,0,0.028494872917831746
508,849,0,0.05705138889175658
349,327,0,0.02060957242975698
287,957,0,0.021160223023048964
67,220,1,0.36325398697590555
1650,771,1,0.3989282222568826
731,634,1,0.0316524318682776
431,186,0,0.05219519118515698
758,739,0,0.017323398654903555
210,349,0,0.056236605475827164
1429,82,0,0.03411296593838618
1788,819,0,0.02521771498342288
512,771,0,0.3395530270815538
1326,268,0,0.012058258376972983
937,159,0,0.056238324435251286
262,266,0,0.06515837816883141
1920,890,0,0.034416527316472725
767,103,0,0.05780017004492845
1583,62,0,0.3523375012254882
806,936,0,0.010978961166788294
121,656,0,0.030355291624409468
1530,884,0,0.07558311357061297
482,915,0,0.04195894301691905
1925,631,0,0.4575244619846869
869,912,0,0.05087272765704584
187,914,0,0.021120507829447153
1097,542,0,0.030539316346177313
1686,242,0,0.05675344799747907
1304,28,0,0.045639420208433416
1143,425,0,0.3190306206044321
894,640,0,0.05259054039114401
1684,410,0,0.025273692339870646
1321,556,0,0.016075468128131522
282,323,0,0.041521565653512546
1324,669,0,0.519539873489186
885,109,1,0.4399596509743443
1921,759,0,0.01578611287496945
188,778,0,0.4688709466207366
1712,772,0,0.04574304822444047
1127,794,0,0.34678879262192375
1640,180,0,0.03995089522730128
678,880,1,0.39633551929294053
403,176,0,0.05261331546338674
1773,543,0,0.07827322791765219
709,89,0,0.05593500721150188
218,999,0,0.044359632553071175
1536,259,1,0.4108079746340515
586,131,0,0.05682747844212513
749,829,0,0.33226498129372883
882,828,0,0.03905584295104763
109,217,0,0.057557808510364725
1543,702,0,0.07049626773026857
800,905,0,0.05083809202649141
1925,276,1,0.029592896837170847
1675,697,0,0.04940298045069084
781,804,0,0.03092335555255827
30,643,0,0.03774538399021454
806,23,0,0.015373546965146175
1131,86,0,0.010940034815438163
1447,330,0,0.04199123054859769
1592,252,0,0.35474708845395037
1487,455,0,0.05954046801918689
1403,505,0,0.051065421492483186
761,47,1,0.4290692782547602
541,683,0,0.053870681070103864
535,746,0,0.04846178539076148
657,747,0,0.04499702301945889
1631,16,1,0.05726670327572639
556,360,0,0.043980971999424495
1919,923,0,0.05096002290140123
1302,376,0,0.017814293888151547
1455,563,1,0.3697370180525069
1867,959,0,0.012146989863896476
1718,342,0,0.012543328977310277
1771,649,0,0.4969746232043362
1596,953,0,0.030692752098024426
1425,483,0,0.39783927746526054
1933,573,0,0.0374929646006613
1720,725,0,0.05465578406468453
1759,536,0,0.0616103364049212
1089,217,0,0.05112663167233797
1897,461,0,0.44665386429932674
94,314,0,0.024903944004265505
1136,445,0,0.05121903799215196
1154,697,0,0.06639417817904007
1728,429,0,0.020393191666462553
524,905,0,0.05577738470035226
1166,120,0,0.03965874850896251
967,400,0,0.05258439380715114
1472,343,0,0.059118882109610374
103,231,0,0.04925110763534123
748,205,0,0.48463120790578856
1853,951,0,0.03444968852445311
972,525,0,0.041085772231222735
741,698,0,0.015151437525203634
1229,469,0,0.04584046234407912
1368,172,0,0.041871912777725916
370,404,0,0.0247905200842372
1998,849,0,0.013862673678775288
349,1,0,0.4350671428950017
1407,114,0,0.05101836364731427
1272,898,0,0.030123742994763544
1674,438,0,0.020513092165056864
745,166,0,0.03814160376130146
422,614,0,0.03405068380140073
561,988,0,0.04823954153761072
1666,229,0,0.016008430790460743
1506,173,0,0.04738637041373716
480,638,0,0.05298002907027097
1179,774,0,0.057398215190421875
1883,268,0,0.021208639631197568
217,750,0,0.02064555602884709
248,690,1,0.3125852221883295
233,17,0,0.027936554854325564
171,476,0,0.03149936537068515
5,377,0,0.05358706291320341
41,84,0,0.05446237544132312
178,162,0,0.0379549121230528
1435,55,0,0.32574956526456744
1145,717,0,0.059860814843904736
721,213,0,0.04186541097068718
1743,222,0,0.05222993144173555
1705,270,0,0.0373568867802077
79,886,0,0.027985735166975154
1181,279,0,0.03568041301236864
224,811,0,0.020415662751313925
503,601,0,0.04589586319315198
357,794,0,0.026841907133288524
1336,367,0,0.0320406625953175
648,405,0,0.032074907303800845
614,279,0,0.030182774615831333
645,431,0,0.03211071452576558
103,185,0,0.026117387359997482
835,220,0,0.042358217752363106
760,597,0,0.0228383772557876
656,956,0,0.02006232465321512
732,235,0,0.028129081626232087
1360,465,0,0.062173037166098954
1745,844,0,0.667015035542922
870,217,0,0.043682687068996084
664,139,0,0.05700983979198705
1438,970,1,0.4758386944175807
607,68,0,0.017031137024673355
1897,602,0,0.03443534312976741
1387,169,0,0.059913227882010464
983,970,0,0.03857101460091507
442,301,0,0.048365277937299486
325,928,0,0.04261078001894921
226,866,0,0.045557710701442745
1490,39,0,0.43990429314442503
1584,694,1,0.5569560917809179
488,149,0,0.05517973881773894
526,186,0,0.05054909096604543
876,367,0,0.04047366041832816
1759,650,0,0.06761283455077899
178,736,0,0.4666830714566276
987,844,0,0.03517121205752613
511,944,0,0.028768988706980712
1967,164,0,0.28918142988846557
881,632,0,0.3410592320977899
1845,468,0,0.05845499121699875
1772,9,1,0.5484066924474845
150,796,0,0.042173343091182966
1856,561,0,0.05723073256261094
1503,164,0,0.056956655848315
152,299,0,0.05545442869189544
1034,828,0,0.029788370724736384
1879,628,0,0.02611124206797759
962,183,1,0.40788306750400194
636,401,1,0.48481503301583345
569,69,0,0.019630814890034928
492,501,0,0.01569024624941682
1314,247,0,0.49178314802661754
642,249,0,0.051340120677117025
1213,862,0,0.047968032198237344
1452,518,0,0.0496822107360831
1867,535,0,0.05511746374062744
319,839,0,0.04327867203099145
1906,129,0,0.013933253813172064
625,479,0,0.056660471696518125
1109,85,1,0.05220069082300188
1059,802,0,0.44286549448254575
1188,659,0,0.023407181735548645
826,370,0,0.03822080061094942
716,823,0,0.039499396813388946
1117,133,0,0.602177237880087
1570,97,0,0.024231343950787278
1308,954,0,0.013958288780961699
163,995,0,0.055925817348549546
1400,993,0,0.06248010997668163
1433,213,0,0.012822356133771891
793,973,0,0.016700016433441406
1201,645,0,0.044373909346714493
160,937,0,0.016197779555547798
214,887,0,0.015686394450457594
1599,106,0,0.06344942993050734
1496,582,0,0.025245455809418883
938,790,0,0.35290184107996064
1868,323,0,0.373167884454248
1582,231,0,0.04599948235322378
1240,415,0,0.36951323691761373
1573,710,0,0.05863667432863783
1550,724,0,0.015935286985208377
1463,505,1,0.5402886229964214
25,10,0,0.021394323553914817
1346,489,0,0.0268024401069727
857,529,0,0.015214910115396548
431,725,0,0.03703701311579099
1158,508,0,0.04021310311699789
769,364,0,0.015852054837674552
1890,946,0,0.05929642348441122
66,831,0,0.01940341372953932
255,430,0,0.4225700114809918
656,468,1,0.21864845717364467
1941,168,0,0.49689708159303925
1544,390,0,0.03308025113756945
1087,724,0,0.03982137789591652
1453,641,0,0.05775748355762962
614,258,0,0.03843496381895835
1378,310,0,0.016629560124179904
815,506,0,0.011621206468917757
264,652,0,0.01531218617077701
338,666,1,0.39738872062186403
842,782,0,0.6972889183512448
1171,368,0,0.05155158026133097
1161,661,0,0.020854532413811622
1422,760,0,0.013876715870255692
1670,730,0,0.045037852073048494
1868,259,0,0.2919262726161452
1546,156,0,0.21180386283243186
89,176,0,0.018381656148024447
1186,498,0,0.42311359933417336
1105,990,1,0.42882741033663413
1855,950,0,0.047774485128264405
36,311,0,0.01606519043972091
1359,464,0,0.0388855358567072
288,752,0,0.038194015394725236
442,112,0,0.06531366840596613
215,32,1,0.4483924904721051
523,612,0,0.030048495775022888
1729,172,0,0.01988251189136194
1904,781,0,0.03347210759146225
248,135,0,0.032448300817600396
364,419,0,0.024692562240491565
1163,703,0,0.0405165061690659
877,975,0,0.29691835992817345
1882,670,1,0.39098794317218893
220,93,0,0.1908849440955768
1988,489,0,0.0200043092437575
1897,942,0,0.02012499784730485
940,431,0,0.03491938832510208
1186,271,0,0.03025254166660967
91,834,1,0.4393549035166746
58,404,0,0.014264631873758557
622,3,1,0.05691963505786449
1743,744,0,0.2995055129134555
1713,552,0,0.02542709667437955
817,362,0,0.02272799101461013
38,791,0,0.05165392526704462
394,930,0,0.05469605343778208
1097,602,0,0.48433353578224725
38,33,0,0.39638639605286435
854,550,0,0.015576982319757078
1762,25,0,0.03862068774129044
1652,671,0,0.44854021328635757
571,59,0,0.01766009451985794
1498,447,0,0.04314564048734214
1921,709,0,0.04809586517170438
1851,887,0,0.03189264170138649
1059,801,0,0.02872507264132179
955,482,0,0.040206183565798574
387,868,0,0.38217185746976007
516,18,0,0.5450040253222016
925,303,0,0.028174572932898677
1666,720,0,0.017028601381768378
1067,993,0,0.051070872794793755
693,770,0,0.05609681712345467
162,144,0,0.03011717993366758
911,927,0,0.07406453964392604
1637,66,0,0.4891727478234733
1338,737,1,0.0770948058933158
1481,510,0,0.05299528045548386
1607,576,1,0.4972500676179843
587,603,0,0.07772561437939073
377,262,0,0.0498266088130462
753,778,1,0.8913003298071314
1827,70,0,0.044596692381375404
857,425,0,0.059010048214992956
404,154,0,0.030917361974059733
621,125,1,0.055122335920610326
1153,917,0,0.03923923861009026
1618,320,0,0.05562207065843903
1447,843,1,0.4913715635568605
781,244,0,0.031726147115408616
1406,949,0,0.062375454002959456
977,280,1,0.32098575292008735
945,37,0,0.05230601098947003
171,634,0,0.03425847608915504
1381,449,0,0.03796879819628982
612,2,0,0.03995957765960435
1209,574,0,0.0292383600039018
897,821,1,0.05202934474930104
808,25,0,0.02147932498358218
1439,379,0,0.06675810255080293
1896,702,0,0.059664131895066266
765,142,0,0.04851864995613119
1009,417,0,0.05486172950267217
1370,700,0,0.06176517904666673
435,687,0,0.047748502179968774
1754,184,0,0.06412259289805619
731,798,0,0.02601271016164334
623,689,0,0.017792426089484507
979,512,0,0.04492601831208182
1228,261,1,0.018741765270284618
204,839,1,0.06677687412059341
384,848,0,0.5099842561985949
938,248,0,0.05939443881757232
1913,995,0,0.027091112161175268
958,569,0,0.05202355669249364
788,663,0,0.0107045506376133
1524,701,0,0.042209360051636224
164,577,0,0.49335359557810465
547,942,0,0.45351177361500594
1368,183,1,0.47700757478270767
797,609,0,0.04649087000806389
1648,656,0,0.045527943198361905
1800,442,0,0.019258034340958068
1392,122,0,0.02171928399364225
1221,549,0,0.028631403531833986
518,725,0,0.030668391561244637
1424,681,0,0.026576479995478387
1338,956,0,0.03647914266590355
1360,180,0,0.03209716716497265
31,912,0,0.48331561128300193
157,50,0,0.02097830208705074
1814,537,0,0.04415471004466781
469,620,1,0.016949978459402926
1381,147,0,0.05751248162072891
1100,786,1,0.055739343222819496
1304,812,0,0.019192098464778422
1237,35,1,0.5570878759904889
1401,497,0,0.054366684489317
1236,600,0,0.03516450354209178
1186,287,1,0.5023609313654623
1976,585,1,0.6552123581410093
317,360,0,0.051835253307835075
335,349,0,0.0441110212039909
1066,133,0,0.01221777487990893
1102,618,0,0.5014279156027395
1654,771,0,0.03410862177556576
62,783,0,0.07387990501145744
1624,832,0,0.04626790320848369
1091,259,0,0.012379898910393247
1849,563,0,0.04662602635998891
64,312,0,0.027110913795816788
1226,640,0,0.04495782396014634
605,543,0,0.02543251715423548
1565,768,0,0.013909964181038667
219,732,0,0.02180893379458613
657,921,0,0.019459372286200136
546,99,0,0.34625440738544955
1464,185,0,0.05917373525781716
1067,416,0,0.03693678305101072
1588,995,0,0.06320079238411538
1225,837,0,0.04600823079406873
1837,861,0,0.01110791322452165
1398,821,0,0.03929472079628652
770,626,0,0.014131068030988972
1986,811,0,0.022683606297186312
778,543,1,0.03310605971942728
1068,545,1,0.4519808856325892
1263,452,0,0.028865070646463792
280,12,0,0.07602736033506884
1996,133,1,0.4105896457165628
927,831,0,0.024660038737002378
1177,496,0,0.036110439839317006
1007,10,0,0.05838992402574113
949,321,0,0.46568415884599806
1835,912,0,0.04542445462076333
576,575,0,0.4036388341220364
1138,405,0,0.05303360828274494
599,686,0,0.01685571230313891
502,403,0,0.03053853887205303
788,289,0,0.0732986268986208
1667,93,0,0.04433426365945383
534,708,0,0.025902788891368565
662,97,0,0.05011811332918359
1078,822,0,0.028395693168364156
777,649,1,0.44922000105236815
368,410,1,0.4998326577670599
1538,801,0,0.030962139371881622
181,259,0,0.015862296744619482
1696,207,0,0.0420853328224833
1582,590,0,0.07793945030196277
1103,572,0,0.047139108152109484
1574,674,0,0.02260144533618562
1435,46,1,0.5865565622197461
1847,513,0,0.05440050376966958
413,117,0,0.058726754856243346
1380,677,0,0.03962340650513056
669,592,0,0.04845732685260226
420,989,0,0.0278316888612705
518,336,0,0.057113468452418034
1834,668,0,0.01371992873732878
1444,581,0,0.05836945532873938
1486,308,0,0.05333881068505299
1815,938,0,0.038245595545071655
1885,167,0,0.06120550742346821
982,545,0,0.039849027617416925
139,838,0,0.01310748310644834
847,850,0,0.056199918096367894
123,457,0,0.021809015683691882
569,22,0,0.058806636701894524
826,876,0,0.017320075000070656
401,612,0,0.38712928204586067
1460,594,1,0.03284643288839225
346,135,0,0.014011807081031405
816,992,0,0.04722719992226544
1630,876,0,0.03438452348213231
545,955,0,0.052905928763872845
772,117,0,0.04113117339945851
200,796,0,0.05409287134399928
1097,134,0,0.045168076435872694
609,92,0,0.04499937181810442
513,833,0,0.05089640661575119
329,31,0,0.36143630655223075
966,247,0,0.03009851795741983
185,59,0,0.042079836212370776
1408,298,0,0.0232435292465529
1846,919,0,0.037851191017398214
522,924,1,0.5302856772650864
1091,34,0,0.014389670206298368
1303,187,0,0.03367160810792149
282,873,0,0.01134154627793691
442,123,0,0.017030180334090102
1815,498,0,0.0667208051936221
1918,479,0,0.24639469061655667
854,242,0,0.02181251569457658
1616,469,0,0.05263707042722132
326,831,1,0.3974597920914442
163,837,0,0.02878301857191038
781,725,0,0.05796555590894463
564,114,0,0.01073410604094169
936,574,0,0.015554914818806626
600,446,1,0.5161704462637962
1729,717,0,0.02502098647531798
1492,603,0,0.3647429463936738
328,378,0,0.039607399611166785
943,457,0,0.023768423361784214
232,870,0,0.05579056761845962
953,100,0,0.6946483247220342
1572,751,0,0.058169758804445706
469,660,0,0.04795930401605024
1749,494,0,0.011148292179292654
1379,928,0,0.0373230473783734
74,2,1,0.29193754814393097
1167,283,1,0.37765426470841784
1188,509,0,0.5943778777119096
1409,913,0,0.046598373746663174
278,609,0,0.38261504625707726
1219,463,0,0.03708407329499766
988,152,0,0.010505134217229414
1618,445,0,0.0379101470679314
1525,520,0,0.0152684695165787
798,616,0,0.4950805397441263
1382,720,0,0.44606308836207115
511,259,0,0.04411192363278419
1291,440,0,0.02805290984150919
1028,96,1,0.4839151440955214
1364,708,0,0.01520670268507452
199,381,0,0.470065289756153
1155,919,0,0.029035709375308208
32,61,0,0.02633514019866632
1635,168,0,0.058522615641430784
208,996,0,0.043401914265478965
1244,936,0,0.03517313869274936
1126,323,0,0.05692450805404411
411,769,0,0.0552534704674328
923,214,0,0.025626974898219017
172,52,0,0.03837894637058334
1147,25,0,0.018459803024749345
939,310,1,0.30066998023274405
1636,878,1,0.33619765218697795
1153,494,0,0.029673398274191153
576,180,0,0.023384903782435254
1246,245,0,0.03585646419168504
1954,96,1,0.6603042886643904
1212,463,0,0.05580801392766149
260,55,0,0.013944034051895546
1199,277,0,0.017195209730942393
141,917,0,0.05345932672011073
1137,896,1,0.438574966855673
1805,441,0,0.011802948285856776
1064,883,0,0.03886668245308278
851,522,0,0.05077848651792735
277,239,0,0.025335306762008798
1415,242,0,0.06972948931362205
1099,369,0,0.04740973664016563
65,463,1,0.031834299078514136
1732,278,0,0.04347376181676856
1010,76,0,0.05303739738914458
1267,701,0,0.034354455386437464
1892,137,0,0.043858606979265365
1072,388,0,0.37474271128280134
1225,143,0,0.01833472619174501
636,617,1,0.053862992375762725
760,392,0,0.0357459982717039
70,810,0,0.024152471919216746
102,929,0,0.020761195093159046
375,807,0,0.056130770584354575
1256,527,0,0.01808017344627971
720,758,0,0.014954069491212271
1275,346,0,0.5425869632139998
1610,114,0,0.05927350968170811
757,207,1,0.07158721695625327
1825,501,0,0.06918069910963622
839,343,1,0.4713495704493408
1024,601,1,0.4351176522823965
641,983,0,0.03948830597224537
1246,538,0,0.0562589181472288
291,528,0,0.013668961315567382
270,864,0,0.016013899408245248
639,244,0,0.026956182953945508
1867,571,0,0.051389271403892815
1155,715,0,0.05209570603692637
253,347,0,0.05682800743241341
1347,551,1,0.5231542273588254
1614,309,0,0.29136680858529995
850,469,0,0.03928483742462569
569,199,0,0.05186981041493335
1609,485,0,0.03052339257986767
1460,431,0,0.042102644081428976
1270,429,0,0.016334077387416587
538,406,0,0.04713325924064376
1835,814,0,0.032001710586158104
1015,317,0,0.045706211417402366
1625,185,0,0.022895582497640093
134,192,0,0.05979325911639926
310,624,0,0.04737114426344113
1781,188,0,0.020477393531344437
1264,102,0,0.05043134055012059
868,888,0,0.015038117481488707
798,997,0,0.016734742317690395
587,481,0,0.044708484384632055
543,244,0,0.017299089199760975
1278,293,0,0.038206700194406425
1064,559,0,0.05052570343693932
1276,719,0,0.05587689201685828
1255,217,0,0.021209091059388077
704,942,0,0.020488612344814996
764,99,0,0.02166757609405541
1914,639,0,0.044279566471396
1702,725,0,0.03756761374675284
1741,691,0,0.040937005697465285
542,933,0,0.07227599021754658
115,694,1,0.44018095679873387
1914,499,0,0.041312267815836294
1392,654,0,0.015027138703456597
313,102,0,0.014982865959239502
1582,997,0,0.0664501585588914
1315,719,0,0.015529216192176322
882,425,0,0.048678747763770756
1894,555,0,0.05781637545018295
1506,78,0,0.04651682496440035
1857,858,0,0.49437149610031766
1671,838,0,0.048928175053259776
1304,647,0,0.034373684336617374
1714,120,0,0.02876201629879599
555,138,0,0.03266501389876046
1202,449,0,0.013096278409434883
887,671,0,0.051324727125932036
89,997,0,0.031184554769428843
1854,646,0,0.010186002508884153
989,342,0,0.011100500632652163
1711,166,0,0.30864021233196787
210,579,0,0.010297575427710218
1359,369,0,0.03397889522279018
1879,870,0,0.03254494352008923
1467,552,0,0.016685239964050358
1265,21,1,0.6827625203890265
1948,41,1,0.42822346594599847
440,548,0,0.030781021499415633
1319,34,0,0.02640335475101973
1163,358,0,0.030661304860994006
875,216,0,0.04616862069644042
1669,903,0,0.038627036670995506
456,928,0,0.025246648030478876
573,741,0,0.034124553278844255
562,133,0,0.02561938838415067
798,806,0,0.05778546608035039
1564,510,0,0.032061250639012544
1394,413,0,0.013040632565602818
294,730,0,0.022468839018603505
1590,478,0,0.012052767283239148
771,618,0,0.017717564597773724
1676,274,0,0.012549713501632677
930,697,0,0.014963226206029875
884,131,0,0.5497467010047961
777,217,0,0.031131983011363454
710,537,0,0.026346141190477713
1632,488,0,0.04032477160931932
824,556,0,0.026030647996644528
1306,216,0,0.3331358745918993
1913,211,0,0.03393907191740989
399,262,0,0.02891956172445366
1086,423,0,0.026122112161714083
83,753,0,0.43177975154695836
677,848,0,0.03072233755750505
1784,163,0,0.05258109372076762
774,307,0,0.023241876654202017
1578,447,0,0.030300097962100363
44,663,0,0.017620361785015505
1917,664,0,0.03622476614816702
645,529,0,0.050551416152758114
202,712,1,0.05496450993324467
711,197,0,0.029372134915188912
451,792,0,0.017659949011712035
273,968,0,0.02276022792467927
1138,761,0,0.020587176259984283
990,345,1,0.46919770388882276
1703,121,0,0.036919236443045185
1776,981,1,0.5137487621242436
247,669,0,0.027472470698422215
1104,113,0,0.02941190045719999
1803,604,0,0.012340051784444214
709,473,0,0.04274348896543137
878,707,0,0.0469784273749782
577,297,1,0.4708223940841732
1650,480,1,0.526177812849455
1015,980,0,0.07604331185845502
604,805,0,0.049587563552761185
111,890,0,0.012773255762986326
1299,410,0,0.02027833277793193
190,697,0,0.03339730542756482
262,600,0,0.046138111368567936
1052,816,0,0.028696453263938652
161,180,0,0.01579981402275047
770,919,0,0.03886507288934525
1553,48,0,0.04983981174323603
662,305,0,0.06538620940851576
34,733,0,0.04475597665809063
502,462,1,0.41954491276763844
982,83,0,0.06226635798751046
1491,411,1,0.8470213755189934
1410,366,0,0.019802554414098835
1507,690,0,0.044917164990344365
47,834,0,0.04393407052495967
1594,774,0,0.04763280858398685
953,936,0,0.02306396484687359
1406,169,0,0.03290779786595168
813,456,0,0.010979893989239473
654,815,0,0.04542550251892687
1076,794,0,0.02043122772093524
181,228,0,0.011636421791277198
1789,187,0,0.0483941537883761
811,114,0,0.034002966290509376
997,360,0,0.020655046564691276
63,756,0,0.035557321605625684
130,396,0,0.04054089592336749
980,437,0,0.02041425091434601
444,380,0,0.5543008148610838
459,404,0,0.04063235753399322
873,790,0,0.04701351218737509
188,236,0,0.05460622029028745
1305,736,0,0.02835485435203583
492,752,0,0.408316852904185
395,231,0,0.45619431308054065
820,163,1,0.3765818012092927
1717,987,0,0.05504050683198794
278,517,0,0.02686267250308015
674,544,0,0.020777141502005575
730,291,0,0.056353994713055744
799,764,1,0.41595526645027814
1427,406,0,0.04295773384920921
647,264,0,0.0428449435883708
1036,629,0,0.0200654014562229
1388,874,0,0.046197020789121
1560,831,0,0.0438245699704715
1142,172,0,0.028941325543368625
1076,371,0,0.020513614409250102
782,554,0,0.021757921649942426
424,667,0,0.07568258454226623
1502,94,0,0.05497281051080202
512,453,0,0.05189266590380044
1488,293,0,0.06526662283155785
876,295,0,0.5296400223367688
788,772,0,0.022004740453100496
1993,770,0,0.04436712081270081
1137,751,0,0.029418106898960725
1885,133,0,0.029990862408640365
1342,289,0,0.014875524777893048
736,267,0,0.03445958236493413
1885,123,0,0.026537408195865947
631,9,0,0.038481366076014316
942,789,1,0.05382271069050222
1047,573,0,0.044992306872674886
1070,73,1,0.5788356004637759
314,542,0,0.044320648756556245
1916,129,0,0.044223121978588235
840,464,0,0.03293018203456866
792,230,0,0.3519464704629066
52,756,0,0.019425039408054564
752,20,1,0.3539342431982102
929,727,0,0.029796637432476708
1754,152,0,0.06284852559551757
867,859,0,0.04566186588117898
1406,795,0,0.046063453798101305
1219,582,0,0.350397236668141
674,898,0,0.01967673757561627
113,778,0,0.01138340901771799
473,433,0,0.015311180090810868
874,154,0,0.02456193063232458
165,419,0,0.05269172886769784
1670,78,0,0.03909130015122764
900,338,0,0.4338029784251258
906,641,0,0.07350789007901938
912,777,0,0.029344503025694198
1713,932,0,0.4353768578574675
173,485,0,0.024598233334768252
916,87,0,0.04375634949948235
943,53,0,0.01539249182861422
713,584,0,0.45023254204022967
833,773,0,0.03496694805718018
1019,562,0,0.038265027117970196
1701,983,0,0.06941161931712084
1095,138,0,0.03169979344330674
670,851,0,0.010200815619096712
289,598,0,0.05887579191779192
1830,598,0,0.053478129664207494
273,723,0,0.03504895303180697
1835,441,1,0.07550442350391962
35,176,0,0.042445973845106864
1513,881,0,0.04495019061408102
800,361,1,0.39822055864703204
140,214,0,0.012611777224282913
1723,519,0,0.35758600184354666
1440,379,0,0.0338521656213218
1498,209,0,0.4612102933038656
948,474,0,0.04772787616435238
1576,717,0,0.05817955524961332
544,580,0,0.04656542390125158
195,405,0,0.05650235987547635
1501,308,1,0.3460625612758107
142,900,0,0.054945023373578344
1091,460,0,0.017077643699860014
1773,684,0,0.01663419490330592
613,164,1,0.020242431150270745
1163,77,0,0.02917217984734232
1784,841,0,0.028612425482346264
1317,500,0,0.02673847777870346
485,177,0,0.06260789486333206
1085,259,0,0.36942201238814504
621,695,1,0.509261012662871
107,531,0,0.032709004373684424
500,494,0,0.031984700597764454
178,698,0,0.018129763031816577
1029,296,0,0.020426164851559143
409,755,0,0.04984884720595887
381,766,0,0.057633280617699054
1069,38,0,0.07578907497709225
978,971,0,0.013593428922600678
459,835,0,0.02041104713839975
357,766,0,0.07425155696205038
77,500,0,0.40065047466516907
459,392,0,0.046737685146452476
708,934,0,0.03894608106563248
935,134,0,0.037190785498655086
1203,374,0,0.07352014213432864
1534,991,0,0.028145435056813932
690,872,0,0.06793315032625495
858,549,1,0.3924778572887967
1185,113,0,0.019392406689458984
1552,527,0,0.07553422228571646
414,935,0,0.05425778386455109
728,579,0,0.016399902783057148
1385,309,1,0.6353104436432577
1930,864,0,0.03755757762046619
676,746,0,0.033088926010850575
1385,587,1,0.055032333207424455
91,594,0,0.046663579789717594
1096,471,0,0.06310325091269535
1250,518,0,0.2985773223995026
914,355,0,0.04488499204089558
51,950,0,0.44239713655659024
1733,475,1,0.49979906456361606
1812,959,0,0.05016086718452418
1480,867,0,0.015148066218716526
1527,298,0,0.03767786056040819
1266,660,1,0.47963029677599817
515,576,0,0.07591018305737617
1251,700,0,0.0584675844773288
1612,794,0,0.046517633898382135
703,230,0,0.05163462404593288
1115,16,0,0.042709416858348656
959,337,0,0.03339281212348078
471,577,0,0.05697841532536011
1772,962,0,0.026734377573920567
1458,448,0,0.03219641932647786
864,366,0,0.03785426555477936
1253,649,0,0.03736421494723375
745,227,0,0.036487109373353276
688,223,0,0.023722113065742997
268,129,0,0.016557907350058795
1569,163,0,0.032813147686594955
567,630,0,0.042915506406714536
1747,651,0,0.05586682646761013
603,527,0,0.045220917621356535
1537,108,0,0.35543359778551464
1109,141,0,0.0306873575866633
1001,619,0,0.02357108027521186
738,504,0,0.010864567372659752
213,903,0,0.05066291063408712
1634,405,0,0.04220759628750978
228,665,0,0.01169086551179376
117,980,0,0.05135839205353907
44,947,0,0.33863147195071475
1075,655,0,0.0454495328474604
1654,861,0,0.0466585825157966
216,965,0,0.5139919774473196
285,541,0,0.04240245688711497
1633,993,0,0.029995077148363518
1387,569,0,0.022001747453024606
1439,805,0,0.03494745503459334
1255,209,0,0.25662110640704405
514,676,0,0.01599500201646399
607,430,0,0.05660885658154875
1091,216,0,0.04135852965486383
685,524,1,0.5158234376226143
1089,226,0,0.03494826563468899
1789,4,0,0.6149426516841648
805,511,0,0.014264201500755403
1053,853,0,0.05445332702955622
462,358,0,0.020231060542406833
143,448,0,0.4495731512592135
1080,482,0,0.05356977758273986
437,442,0,0.035140337062676344
403,108,0,0.03186623867929138
789,644,0,0.046352942631068136
288,552,0,0.048329659731892655
201,76,0,0.04368652107928526
1462,892,0,0.0552661154360236
1085,148,0,0.05305753648891355
591,396,0,0.031088604176478733
1867,717,0,0.035865649044749336
534,4,0,0.028319977918231543
921,348,0,0.025591137798817026
840,508,0,0.5635732487615666
918,984,0,0.010645256382193977
1439,211,0,0.0316231564284305
1102,320,0,0.042985103006226724
1324,841,0,0.3796734133765336
1088,943,0,0.02650777827429321
1134,810,1,0.3319757587629005
1440,111,0,0.01917632519428552
340,108,0,0.029050950827466046
826,801,0,0.03788714630730731
1475,687,0,0.03942467607479288
1213,31,0,0.02433650340391982
804,727,0,0.05609872708104189
1681,420,0,0.84820713752119
1165,232,1,0.30821769227361134
988,397,0,0.05260260475542698
1879,629,0,0.0458616083627699
616,654,0,0.02857944521498903
1041,28,0,0.04862329349368285
386,142,1,0.030314805249167874
1902,52,1,0.7208211485073291
488,745,0,0.02685861162996317
1665,266,1,0.3463881353750587
1991,625,0,0.04681622668941321
1875,968,0,0.03813134003627386
1852,254,0,0.07059086530228868
12,787,0,0.01874937201709511
1969,883,0,0.02162755383113788
1089,701,0,0.07024693304350949
1154,488,0,0.030986692458923104
767,88,0,0.02920504843235066
1217,923,0,0.010802593050621359
920,466,0,0.015005891652228417
1662,700,0,0.031181082559895296
726,162,1,0.058575782451496944
1237,445,0,0.015216482151825613
1157,15,0,0.056133190779602694
287,726,0,0.03214075342864041
403,612,0,0.045765838622047465
1794,18,0,0.02172609886953669
449,910,0,0.05293643762573341
54,440,0,0.053087058795657734
358,649,0,0.043736431884869885
1376,946,0,0.04150100885293974
1800,226,0,0.03551302061189206
877,709,0,0.0362865977938107
1745,318,0,0.04542890045449259
415,372,0,0.020500125370301683
728,993,0,0.07037827176134732
1391,2,0,0.03128158457590181
1350,378,0,0.02345704501151958
866,479,0,0.015934502877452347
1940,168,0,0.3729625977609795
1114,23,0,0.04595712211058185
1951,680,0,0.04542122413507562
624,355,0,0.04603056043931366
1727,621,0,0.04816776298129025
391,730,0,0.045241284984645955
145,840,0,0.06237005157342506
300,262,0,0.4402392970594927
164,329,1,0.4944033781066822
1252,309,0,0.6013424223313524
72,211,0,0.42458211503092524
1239,95,0,0.5474149422806724
1272,499,0,0.05267196227589358
762,286,0,0.05810347824956592
516,519,0,0.013002359882961813
329,150,0,0.03247082173284891
1433,737,0,0.04282119829693688
852,364,0,0.05324727228327989
277,904,0,0.03813161141204745
1585,219,1,0.6213909801026708
1270,292,0,0.05992894201716562
568,472,1,0.5565782926773755
1099,361,0,0.011250315075092276
1463,824,0,0.028461646159621698
1158,626,0,0.043112934158422586
1993,178,0,0.054701676017048846
1911,275,0,0.4919194814940438
985,298,0,0.031208885268889666
658,539,0,0.04352477648059598
487,175,0,0.04997661090921537
973,725,0,0.03284416569421601
1951,623,0,0.04912614848219358
139,381,0,0.032312428597953455
1794,350,0,0.01582284768594105
145,752,1,0.07237790198541844
1849,346,0,0.04011037670255253
173,979,0,0.010280797027071784
810,790,0,0.3672028550304302
1210,32,1,0.26169173397863965
1949,199,0,0.0376721448542046
24,428,0,0.014580140599642362
131,489,0,0.48820809755518013
1270,445,0,0.05104549130074879
1888,262,0,0.055167133356873815
1092,435,0,0.04552186661405452
1286,103,0,0.017150366020214004
1065,132,0,0.030708113978820416
1809,83,0,0.01969069064467674
1224,90,0,0.417357048713986
1976,972,0,0.264068745174648
383,254,0,0.057387455774198445
590,686,1,0.7036953432762788
849,773,0,0.045782195786214806
1909,104,1,0.35244936757132633
1425,21,0,0.03520232332362615
751,81,0,0.05334805790978582
1710,350,0,0.060705006869581406
1296,801,0,0.05139214005719823
1619,323,0,0.29515473941366
602,483,0,0.03978969959492692
1886,833,0,0.03302206517316348
1851,486,0,0.3485303916041289
1245,593,0,0.052515380968436116
770,192,0,0.011880629149601798
1290,137,0,0.041494233379719574
1277,76,0,0.047126226111133575
95,401,0,0.02248475740558147
223,931,0,0.033556007779640025
1453,735,0,0.3691692520531416
163,993,0,0.035668927965667264
1623,244,0,0.04344820470705216
814,64,0,0.27390083928650527
269,962,0,0.046118476978438676
1721,478,0,0.058913817461795796
1327,521,0,0.0519468040491949
783,284,0,0.01651498635507977
215,699,0,0.024336861671174156
703,764,0,0.024635645415306114
996,115,1,0.416011561578021
1195,752,0,0.017385480643767146
217,52,0,0.024308631010065935
1177,243,0,0.024193247706495027
793,936,0,0.03756716441713379
818,26,0,0.047613250288902
71,971,0,0.02508249864700986
1891,981,0,0.07746435782324547
285,187,0,0.04734947081802256
790,609,0,0.052424328694286676
1236,30,0,0.05105558793461668
444,571,0,0.052239684795632624
64,846,0,0.04377757209146065
1837,179,0,0.036820698323236374
226,494,0,0.019561145126293596
76,722,0,0.04640187216458768
1583,554,1,0.030926901834218437
708,959,0,0.05646858424193979
925,406,0,0.018476928383387905
1161,365,0,0.039108955057337476
178,122,0,0.03199871527797932
453,720,0,0.011399323028165882
1808,923,0,0.019016385061035895
660,343,0,0.026192232947207843
1076,794,0,0.05394599711259087
401,572,0,0.0546308892544358
1977,269,0,0.05591493597141277
1879,895,0,0.05341255338307148
991,874,0,0.02228702102907338
230,362,0,0.025252686825784645
1316,791,1,0.47503795193777726
269,898,0,0.03039479343914466
1864,199,0,0.03324934180509606
169,718,0,0.5271826106629083
1923,116,0,0.05015988329869498
530,339,0,0.5870029166916636
140,806,1,0.05197316355979594
1511,815,0,0.031677985976331285
1744,232,0,0.30486257047901283
1845,607,0,0.01446049484810232
1439,749,0,0.07535410855087263
1305,727,0,0.046152996505900726
1475,548,0,0.04279433636262158
1927,393,0,0.03910852970373713
1925,775,1,0.4055283570493765
230,752,0,0.022109536267710325
508,647,0,0.013126945587038471
1136,244,0,0.020657657069539915
233,954,1,0.04689262764463079
469,689,0,0.028679579289051037
365,29,0,0.032506612707979575
734,480,0,0.04136212152435106
1812,203,0,0.055109282878990654
775,848,1,0.41185917648967596
1917,130,0,0.015637667202351924
1668,570,0,0.043423789614384
267,355,0,0.04122203731559747
1078,514,0,0.05876991412051518
1892,700,0,0.043314562633146605
1173,938,1,0.4090267904080639
1919,328,0,0.01931939173500457
1508,927,0,0.02906057983944149
1154,614,0,0.01808805027604119
1694,945,0,0.4548676960741418
1322,350,0,0.02381822518547922
1535,898,0,0.03308086937210827
1481,89,0,0.011925981650540781
1945,889,0,0.29312583701820694
1552,86,0,0.02648004271368795
799,490,0,0.01559628279413654
1738,50,0,0.03351632729298616
1118,316,0,0.03795830973293936
905,402,0,0.0471770195596696
707,755,0,0.049133999674622224
501,104,1,0.39902178569919394
1707,960,0,0.05327712158965978
336,698,0,0.012463886368381603
1157,218,0,0.04209533251261989
256,102,0,0.023983342463064522
1900,331,0,0.45422165529040415
85,912,0,0.030043922555315787
989,927,0,0.030480571262606775
126,780,0,0.01786031236503101
1580,920,0,0.04918423977833818
862,543,0,0.058859006014781085
418,675,0,0.3649735644312815
1675,679,0,0.024524613624056397
302,478,0,0.013789552291372095
122,260,0,0.04651758273963302
1698,771,0,0.03574428398719577
1568,578,0,0.014628476868027977
1043,318,0,0.0100887595656826
775,657,1,0.3368016783148562
538,366,1,0.042644493895106515
423,315,0,0.042892813678460144
669,357,0,0.0632365201292606
572,850,0,0.046222515871289144
1111,671,0,0.03660693346247898
96,694,0,0.016644580009693932
1979,213,0,0.07199402569163345
43,985,0,0.052574114359242245
1860,118,1,0.507056108445867
536,631,0,0.34749920937897183
1592,834,1,0.4411569699763828
236,234,0,0.010764394587017731
1461,218,0,0.07343668920630135
1159,814,0,0.01826939743687858
737,594,0,0.041731906136544844
1826,471,1,0.4671471601630596
1436,950,1,0.3434549447985732
1960,659,0,0.050398291251172504
1995,891,0,0.39897181416809996
1569,703,0,0.030949481777146425
598,784,0,0.048678527646106494
816,255,0,0.018879176395535713
1135,701,0,0.01822737091401577
837,171,0,0.036863182762438114
1759,511,0,0.020695387928246295
1703,287,0,0.016374702798018774
731,513,0,0.03802832587926645
1078,132,0,0.015426142594323674
1008,486,0,0.011089727571984329
382,148,0,0.03219401591204544
1939,644,0,0.05144037010688919
63,562,0,0.04733069128859613
1252,157,0,0.6276520528519847
1228,536,1,0.4794243251823878
110,577,0,0.045782847996114755
832,811,1,0.6523893177310445
953,588,0,0.013365367857872476
8,30,0,0.02974015916760793
1658,550,0,0.030660158348176293
1744,230,0,0.056908895669489444
1707,766,0,0.03946608093227822
913,430,0,0.03698156396437902
273,992,0,0.011194132951382081
1230,787,0,0.03665436026069414
1969,972,0,0.0177112007904002
575,969,0,0.36403051245934664
962,214,0,0.05772826384384522
989,494,0,0.05982404436598623
1801,442,0,0.061655887862762666
995,997,0,0.011999962406934163
1072,517,0,0.021067009104393554
722,271,0,0.032220336650791034
1410,404,0,0.0501416693288597
202,874,1,0.38759672489477803
1219,692,0,0.3751199296408895
161,0,0,0.010533541103174518
1814,536,0,0.047731449123169394
373,242,0,0.0181322338185623
880,264,0,0.04195557212067962
1960,908,0,0.029114099918723664
1545,718,0,0.05963815343759948
1348,547,0,0.016966470729957512
1671,787,0,0.23357472019928488
553,206,0,0.033192715747127774
1416,498,0,0.026725938428818145
1027,729,0,0.019750981982986582
1141,825,0,0.010672695571352961
242,706,0,0.057119083735645636
1270,416,1,0.05602876992393869
593,987,0,0.02769019414355392
261,885,0,0.059164831377492816
1865,90,0,0.043464552048840116
1765,251,0,0.0204421766634051
1995,120,0,0.028945193220830473
1507,161,0,0.052205111011173616
226,842,0,0.02115644873914011
1057,997,0,0.06784118245575502
67,210,0,0.01445589615308653
766,594,0,0.035407808275779246
1629,436,0,0.017975746780995082
1606,774,0,0.03993371307107942
437,736,0,0.014183940556165934
1556,455,0,0.05325762119198487
803,906,0,0.054559720301250184
740,693,0,0.022937703999888526
43,921,0,0.01284134174058367
269,116,0,0.050092207658718094
846,989,0,0.045657752471107045
53,796,0,0.011849726295301113
1422,271,0,0.03584326127326718
1436,962,0,0.036020619640698845
1055,431,0,0.017966007992859176
1554,470,0,0.05894457952109203
1101,921,0,0.04900408615819962
1593,924,0,0.011229024192098452
1614,222,0,0.2592819006800743
149,541,0,0.022041908334243684
1473,718,0,0.07675043352332418
923,589,0,0.02133191143093745
1112,384,0,0.03089861294991337
121,607,0,0.012542954579066241
1494,992,0,0.045564664188822754
1413,257,0,0.028700724684243777
1401,504,0,0.014276411001117303
1557,680,0,0.04424412968539204
1926,735,0,0.4224745617025164
671,926,0,0.011687995360605337
60,84,0,0.3705139204147188
986,136,0,0.06743739487323333
799,238,0,0.3602409197330563
1720,356,0,0.014946475795277261
134,30,0,0.02903615661165526
785,362,0,0.6010869718318609
1147,339,0,0.012328123884939958
6,928,0,0.02752023109222637
137,734,0,0.011852085567928657
526,770,0,0.04525699517822073
286,582,0,0.03217186376224011
1394,58,0,0.0188575253460184
321,637,0,0.03590244810647167
1971,453,0,0.03442963871715939
1242,343,0,0.01939929959306195
1185,6,0,0.025629624778368068
227,117,0,0.014302053998444322
1368,794,0,0.03133779839129354
1772,349,0,0.021542688605724725
1319,498,0,0.016855926885351535
1888,679,0,0.010444298900505397
1565,825,0,0.052409420489250895
489,468,0,0.0554820176500897
55,522,0,0.059217111612687515
1341,682,0,0.029362219118566103
906,924,1,0.06225464076064734
809,962,0,0.016746397662829565
587,495,0,0.048916421958785816
1325,100,1,0.024398473852143054
1388,411,0,0.015562759339634843
1270,848,0,0.032771420053357356
1389,895,0,0.012400608465000459
831,168,0,0.054819092551737406
711,638,0,0.03648581234951866
1088,50,0,0.023783619864542107
1307,715,0,0.04649582811484128
1875,372,0,0.013685283845894593
1076,838,0,0.010049990888432224
993,17,0,0.03654248609025881
1551,948,0,0.05686228889881593
1378,210,0,0.05111870453271447
722,32,0,0.017019171461127643
1410,4,0,0.04165499438142304
550,120,0,0.46217999259098785
1814,915,0,0.012403583042924035
1380,901,1,0.6541684038409386
441,771,0,0.014547090040609003
1332,277,0,0.04810168383096797
657,689,0,0.0329177886355935
1719,657,0,0.05672723324136785
632,984,0,0.05666552089413048
143,986,1,0.6965159312842725
976,536,0,0.4478042760818202
754,751,0,0.04696053883576817
26,201,0,0.042595116070478084
1183,978,0,0.02027560925150007
823,535,0,0.04517285607104813
651,20,0,0.07867585050535682
1577,24,0,0.025036047428425096
992,738,0,0.027771660568365705
447,495,0,0.034352412431223056
1624,637,0,0.032504103007983606
31,204,1,0.3624665809956043
914,313,0,0.050916405835738386
34,50,0,0.013144107176077776
362,606,0,0.04582081539454209
1212,131,0,0.021488685652988976
1911,154,0,0.018402192640736045
436,606,0,0.04076269544270304
1838,791,0,0.04795315658923152
1137,129,1,0.033050949660316145
1797,324,0,0.015623476090963867
1960,791,0,0.036552162367396154
1184,802,0,0.04776085236790927
603,7,1,0.455766826286361
954,725,0,0.034394093676389376
1406,818,1,0.0731783089984655
75,293,0,0.019707429485091684
1189,131,0,0.31101355334053715
167,847,1,0.38959263691740026
231,883,0,0.05143984043132482
543,749,1,0.5557750732657174
1268,687,0,0.05894995787539697
1127,590,0,0.011597622167477646
1018,672,0,0.030550292004301628
1647,377,0,0.044843381962382876
1717,819,0,0.05523767443486953
1037,513,0,0.3291496672771036
1503,380,0,0.014127394654818356
33,537,0,0.04713354940078573
1042,513,1,0.05700071710488549
655,550,0,0.04909199255888818
1074,415,0,0.05825819445241252
1884,747,0,0.249669291881236
1858,935,0,0.030964130968266917
1167,263,1,0.34093269201342274
1385,740,0,0.02152979129351734
965,873,0,0.034604405942246834
1224,39,0,0.017154597024133047
726,11,0,0.011369954606622875
1427,619,0,0.04413093326826174
430,499,0,0.030527282778397974
985,168,1,0.3877471882999474
1737,117,0,0.03478587394252786
1440,559,0,0.0514451347565976
433,791,0,0.04280539115151528
938,618,0,0.011624295837850698
260,901,0,0.03318584775309285
1919,420,0,0.028365229342165406
256,341,0,0.37231369298759204
170,241,0,0.031730465888420455
1240,892,0,0.020798476523710925
1993,272,0,0.06259037571776767
140,666,1,0.6402488685355059
947,805,0,0.03467524053637244
736,804,0,0.04966653348082282
557,948,1,0.4775363559069555
1511,341,0,0.054474146867589335
297,590,0,0.05089882862206462
1212,933,0,0.04923163883465163
1716,115,0,0.03170111407226656
522,978,0,0.04579855615351649
8,777,0,0.05932123069577219
278,616,0,0.029075556164447576
1136,647,1,0.5200985612984631
1618,808,0,0.2113887133304624
1945,2,1,0.2692790622487066
395,976,0,0.4412690403167048
5,173,0,0.05581867833783715
1151,859,0,0.04637438852070153
1748,74,0,0.35512776485675146
1250,51,0,0.3314911310493029
1028,400,0,0.04643268494736687
777,53,0,0.48937491429161406
1443,538,0,0.052473882783957294
1668,492,0,0.013680437717761403
192,286,0,0.03199612183007153
31,134,0,0.37981853994482906
1607,845,0,0.03540111408559025
923,536,0,0.04364899281015783
1239,737,0,0.05262968348132355
757,879,0,0.030600933802768404
648,227,0,0.012641827642599137
1774,673,0,0.6227735511419218
67,113,0,0.4296966092026504
435,759,0,0.02192302929541769
1786,905,0,0.022691513213392175
1150,105,0,0.0736136146961766
1860,348,0,0.018873101822222536
1714,510,0,0.03263820313756636
190,680,1,0.3157089464820526
1698,709,0,0.03796218348743154
733,110,0,0.03615258070502576
1471,893,0,0.042825542196187776
1742,750,0,0.02122894700806572
814,209,0,0.3317520352988438
813,593,0,0.04239388540874497
811,966,0,0.014989967165383996
717,271,0,0.4625362459455442
329,23,0,0.03695138756696419
1541,678,0,0.05936218722952617
1523,114,0,0.02320957685736806
696,302,1,0.035031591285900374
780,951,0,0.0389257143065246
142,895,0,0.3891306735796545
1333,818,0,0.019854930682033336
378,725,0,0.04872075569430712
1442,735,0,0.6459451192124142
445,426,0,0.02588238939898472
999,723,0,0.01655643618823209
532,218,0,0.04121371210048481
1263,107,0,0.022081195729378635
1220,936,0,0.012320225917408043
1473,255,0,0.02232355263858505
1987,864,0,0.07154432027271271
808,684,0,0.05056915212358905
90,963,0,0.036628641646060264
321,199,0,0.33267257892976165
1912,347,0,0.050613375823818675
565,140,0,0.042436097089891656
1749,364,0,0.3922532943919166
1452,465,0,0.026661819667820018
526,456,0,0.05680580414280252
88,831,0,0.013524452940380263
530,912,0,0.02163766153097807
710,581,1,0.32780691079337543
215,254,0,0.016367996459132013
961,7,0,0.03888904985615794
717,44,0,0.040964671323008094
514,109,0,0.055071437965115475
1,949,0,0.05724117579935194
479,762,0,0.32203878316096723
742,880,0,0.025325268232867737
1462,572,0,0.3830420269772187
1878,489,0,0.07259877551192587
745,494,0,0.011767768527344243
1808,707,0,0.023967464277081813
1323,71,0,0.07500958664893013
702,89,1,0.33435326133266
2,998,0,0.05026098373990558
1657,936,0,0.039831462899478434
284,271,0,0.035385996466300175
1257,15,0,0.02551259752935102
1006,195,0,0.016928574408285407
1133,878,0,0.01161937126030145
307,572,0,0.022801071899526716
765,975,0,0.0660583937551769
228,837,0,0.01031707276062049
409,189,0,0.05580646701011125
349,513,0,0.03029826402709928
1236,126,0,0.02887494608501044
1853,914,0,0.04709557626010002
1916,776,0,0.015984535815484414
885,454,0,0.05433803288004356
1162,495,0,0.019377610310168766
1141,368,0,0.7605349932293423
1428,73,0,0.04350143037474108
1519,658,0,0.024641974083040225
401,653,0,0.04281130399816676
1852,241,0,0.07522817997805308
148,557,0,0.056985438052862124
1233,426,0,0.046693084340607066
482,109,0,0.05030083999663691
1637,252,0,0.3869882396023817
265,247,0,0.024133674101085245
882,855,0,0.02312189761139176
790,824,0,0.4356051862233229
689,619,1,0.050576346063261994
1816,795,0,0.05066481775331332
1467,422,0,0.04450215077060828
626,995,0,0.056650502622406174
899,132,0,0.421768758547361
954,72,1,0.5386794914330156
1289,859,0,0.031636565546768386
343,441,0,0.03139719492668602
1898,460,1,0.44259861742195084
1980,583,0,0.05687929644723673
718,388,1,0.3444770685956768
148,582,0,0.029357032352836557
1312,401,0,0.03511825682302454
561,253,0,0.03956690779734354
6,696,0,0.048741642576711874
1677,60,0,0.037960759786927395
461,462,0,0.03761388569890005
624,247,0,0.04726025932512181
1071,241,0,0.05331432213143954
1828,906,0,0.048435804104727496
1716,396,0,0.013072562584514957
289,186,0,0.05269676127880163
1245,577,0,0.018517538964775756
849,895,0,0.04734423693636156
1560,2,0,0.04646764789709545
1822,411,0,0.05393471911998913
814,315,0,0.023012559833702963
1519,231,0,0.05583241475549805
1207,30,0,0.06991071908548878
534,947,0,0.03335160836860869
1946,986,0,0.053631671177830076
1371,207,0,0.021618550721550406
479,568,0,0.028340889597522505
1854,431,0,0.04933435079828325
1865,690,0,0.041917686637887676
1902,817,0,0.05927161566940523
1738,659,0,0.0423767202956696
1579,106,0,0.056172010556558814
116,24,1,0.69344153466229
1307,878,0,0.07905417404158166
62,939,0,0.012210812211200857
1969,669,0,0.01548438305445653
1778,813,0,0.03047682601850709
247,115,0,0.03457004668174165
154,188,0,0.044072195256300205
554,755,0,0.39163769556235245
864,981,0,0.05831276150803037
707,468,0,0.04960435302437609
562,692,0,0.011584106229516519
1982,508,0,0.05970449721394196
40,595,0,0.023695717901018244
1656,873,0,0.04599731702791193
14,135,0,0.028167815116109968
64,793,0,0.05788633783887749
1357,55,1,0.7088812593735042
994,666,0,0.04292481218366737
1072,134,0,0.03980529126656173
1869,106,0,0.027879648286575416
842,169,0,0.048162547185562433
365,401,0,0.041608601045307204
1727,648,0,0.4121302163040344
1261,194,0,0.49172437689006615
1829,438,0,0.023822763461234936
1188,336,1,0.5364771194254295
195,75,0,0.03310881034203681
1795,631,1,0.5922627349745354
513,42,0,0.05745714824252527
778,941,0,0.3805538889043478
1473,524,0,0.013310980071450106
1110,745,0,0.035801842788689746
1309,350,0,0.01789523504292753
452,595,0,0.03700208137075383
746,89,0,0.017149383489836013
1850,329,0,0.0495853952806523
1456,433,0,0.031518809662669914
471,487,0,0.011677082146556291
693,259,0,0.3732479625989838
1835,460,0,0.03994827520980371
732,38,0,0.4899366091939187
1449,934,0,0.0325588707715746
464,372,0,0.017845271585436848
556,115,1,0.33467124150856997
1931,127,0,0.03808715882574981
971,935,0,0.026318778298865933
285,595,0,0.020116086492542786
1904,8,0,0.03366768349266786
1810,971,0,0.031160501787534656
770,722,0,0.05071447986809733
114,540,1,0.44884722339729477
1450,250,0,0.0680871849340997
772,698,0,0.032933935010291404
1821,864,0,0.019816526522928486
1326,217,0,0.01833882624895923
393,921,0,0.07495691563207531
634,269,0,0.014200837445039157
1346,491,0,0.32763827445162863
1218,327,0,0.036704735703655754
117,838,0,0.03931783153926232
1064,47,0,0.04933212324077182
1859,598,0,0.0566199661871623
1458,484,0,0.4999569912043274
1160,469,0,0.03505309040425415
1320,714,0,0.017016633536405597
1986,836,0,0.05974098958391693
1227,859,0,0.04585112789254374
398,948,0,0.05061008498771809
1071,597,0,0.023358717128927384
1733,371,0,0.030090373771756704
612,545,0,0.03243196791872148
1070,235,0,0.05042440993321853
1122,265,1,0.721022293716633
293,350,0,0.042569903584193006
1525,508,0,0.021024696690415547
844,247,0,0.04721957371479441
161,264,0,0.02544509395266341
1908,349,0,0.03449402989948771
1874,427,1,0.22142449319920587
1685,631,0,0.04345876788620709
1333,260,0,0.030590911659390145
168,279,0,0.039448404464426386
326,811,1,0.35282789341100756
760,302,0,0.020013765298928284
1437,287,0,0.011228897201850947
969,814,0,0.03849520935006332
1052,329,0,0.012266054650348742
1721,522,1,0.5173098663819776
297,480,0,0.04364137031691257
1393,251,0,0.050316070500603986
441,384,0,0.035928261607933845
163,218,0,0.012443467313374387
188,475,0,0.024756585285658078
53,108,0,0.03052791431155162
1497,12,0,0.023221517598267363
1249,313,0,0.01758249508700753
359,627,0,0.0698013437101457
258,808,0,0.4895086804210025
1096,882,0,0.06849647057863872
273,629,0,0.050282100174413376
1258,3,0,0.03598267759358398
921,968,0,0.03762489812821762
86,328,0,0.014209829426286727
1870,654,0,0.04613432393904913
1957,178,1,0.5044306051922882
631,630,0,0.03612313239751167
110,336,1,0.5407526870875549
912,445,0,0.455060609403691
1477,524,0,0.03392467061627998
1892,955,0,0.03524563806312776
1992,564,0,0.05962949427855725
1618,905,0,0.05615204316365162
1276,877,0,0.4233733712174556
1709,234,0,0.040493703652556966
563,974,0,0.5489315882914888
59,102,0,0.039413965154808044
327,593,0,0.044242771169420624
578,853,0,0.022450631562614166
441,957,0,0.04855299021595413
812,520,0,0.03131460248629962
975,154,0,0.2922450053962929
1048,335,0,0.05407418739120294
393,515,0,0.020111678183388007
309,25,0,0.011323718105890326
720,756,0,0.031434827074597216
1932,943,1,0.01529592281156897
1887,767,0,0.01027811712753604
946,33,0,0.5134276792850582
319,448,0,0.04736221457291969
624,266,0,0.05051734369879685
498,82,0,0.024443130783275646
783,349,0,0.018661776351081318
1516,72,0,0.46352878849433754
771,98,0,0.05269181036105916
1725,570,1,0.7397718659409368
853,968,0,0.02703489832968682
680,200,0,0.059954724251166776
82,60,0,0.0176713971443367
486,868,0,0.025345168287070938
307,712,0,0.04890920097249974
147,177,0,0.012365562022189077
130,689,0,0.012443990095033115
196,4,0,0.05513549746919907
1369,531,0,0.022957759252867162
852,242,0,0.280238848525046
1819,894,0,0.0522802073128972
1357,713,0,0.5172464562805124
553,410,0,0.35890987824479287
173,285,0,0.03626658164412401
1638,253,0,0.020587359798825085
1540,232,0,0.047735173743831086
1206,917,0,0.02036296072999684
1359,264,0,0.05881863404690041
1026,631,0,0.04671527633676642
1240,358,0,0.04545982902169054
41,619,0,0.044873671374064825
1570,156,0,0.39660895711586847
665,456,0,0.05868192044946425
45,369,0,0.04968390822030146
1198,529,0,0.037858740042601806
1891,681,0,0.033675452705709305
1319,404,1,0.45475900638656774
308,893,0,0.052775377416047486
61,532,0,0.2821583726607405
638,900,0,0.05077639654194426
101,225,0,0.0785086876694247
1225,650,1,0.028619883943499756
1913,486,0,0.024531974253299355
800,865,1,0.4478110733956687
922,586,0,0.06634986646754558
700,630,0,0.27332776914793616
1812,418,0,0.04763849346176103
374,335,0,0.03076091874298842
0,83,0,0.016739616998830184
1736,317,0,0.03661769884250252
74,602,1,0.302072949027272
1905,718,0,0.028996566719075377
834,748,0,0.051411113630064516
1781,276,0,0.013046221353944953
1406,861,0,0.07837394647239217
138,726,0,0.06297013060191346
1448,707,0,0.015072797831488896
241,749,0,0.024732429074180124
282,321,0,0.014009662548064857
561,739,0,0.025163679795705107
1437,689,0,0.042462742550427576
1241,674,0,0.017574935301881922
1109,537,0,0.028366905073153315
1798,168,0,0.022396357928758704
773,197,0,0.04142128718592634
754,368,0,0.05157714476674049
389,94,0,0.040304485044572916
369,849,0,0.031640135575229454
1123,498,0,0.041998972167438926
835,278,0,0.0358433154921322
1082,482,0,0.03409977460039993
1505,662,0,0.03908843965744982
238,222,0,0.6187032266557757
402,854,0,0.029189956312604286
1087,764,0,0.017641722980381982
766,49,0,0.07598697738231121
778,76,0,0.012448312508314387
1105,10,0,0.0512272660675684
1886,393,0,0.037801160944201224
628,443,0,0.011429603143978114
771,679,0,0.02869298625629574
1153,42,0,0.033296460756831306
1880,416,0,0.050003523143235994
1627,855,0,0.020406582887064064
1833,454,0,0.042892578630514995
1178,921,0,0.0576427217691438
1504,921,0,0.04206449547047174
492,259,0,0.01021007758221755
1836,695,0,0.031321158377124
146,657,0,0.03570503682083074
1912,209,0,0.05370748482007711
1245,939,0,0.014380292904154759
724,706,0,0.01297917628715606
1405,496,0,0.03303323761521219
1060,718,0,0.011295641139617847
1094,305,0,0.05590171689653454
475,869,0,0.04545309067184468
949,436,0,0.0490625495934553
759,834,0,0.026557758907364747
466,430,0,0.035490698458695874
1837,630,0,0.03374774521459452
1555,726,1,0.8045768690982015
1847,12,0,0.04907997120584898
1342,319,0,0.022959814992823426
1659,686,0,0.02399286648567362
276,815,0,0.04301797484992267
1121,725,0,0.03810589307857627
1265,269,0,0.029951986952175588
1503,515,0,0.020249106075179237
787,889,0,0.033570460514941614
1607,835,0,0.015459198209186654
1741,152,0,0.014848574766830339
524,827,0,0.047870815590574343
813,434,0,0.024194581631722573
903,25,0,0.01046683836472306
1130,303,1,0.3744082255191007
1288,520,0,0.03756227990968085
975,602,0,0.05611723956707662
1124,717,0,0.43381766353842527
36,354,0,0.03154678864199527
142,449,0,0.383111746934194
1687,738,0,0.03705672439979025
791,335,0,0.052030270677630164
671,20,0,0.043167943249657274
1422,532,0,0.05285742950457194
2,395,0,0.031014671239456094
925,651,0,0.051391554381442314
1100,500,0,0.030647329466272917
1714,111,0,0.34931315943576835
1016,847,0,0.0754816904044602
712,112,0,0.0342751496776233
1218,932,0,0.05487893177899916
1554,787,0,0.04061814067991628
1430,270,0,0.013654896191912739
334,403,0,0.07492359898120939
1396,970,0,0.05967382273104027
1643,465,0,0.020366189803883643
1741,636,0,0.041896318062049756
1197,106,0,0.03553167593942636
920,789,0,0.017307451952991437
1909,521,0,0.029493813841516184
1864,867,0,0.01791290575138607
10,415,0,0.033064759497546864
1210,725,0,0.01612151988202952
1721,769,0,0.011408211385827762
689,302,0,0.0387327122848843
1974,487,0,0.05525184728525107
732,816,1,0.4212453124005888
73,334,0,0.04952363124226213
78,123,0,0.018932077640733992
1170,851,0,0.011635675214212157
1707,680,0,0.04933331783000154
861,147,1,0.04713541062100409
633,420,0,0.021957426689239834
101,164,0,0.018292241965805568
67,369,0,0.02966088959360457
93,428,0,0.03711811117773485
139,848,0,0.05087000426649261
1290,966,0,0.05731858974231479
977,608,0,0.44684764619319256
1635,467,0,0.04101799916573161
1710,908,0,0.023024392272816482
1328,491,1,0.4289127301891367
377,912,0,0.014718909906029134
1345,907,0,0.4187454781198359
531,550,0,0.07195840283654681
1106,121,1,0.43221508421202254
1992,164,0,0.5119328578156047
814,460,0,0.03378972101067803
148,223,0,0.011704659767236022
596,817,0,0.028869339041107778
780,515,0,0.016586250524439773
817,128,0,0.5425892133728676
1715,79,0,0.015468755761827876
1574,966,0,0.05016432096792032
628,118,0,0.025013756514634472
1121,882,0,0.02974422151818224
275,752,0,0.048607373573600975
1439,584,0,0.05011883641675463
1135,596,0,0.011407629198958727
574,757,0,0.5028622042830418
1882,234,0,0.48735797433567496
1844,186,0,0.057412280645652784
671,532,0,0.04895430481237393
819,33,0,0.028285774777745062
755,899,0,0.010196052726452368
1810,281,0,0.03972849059562069
370,348,0,0.05014607729456853
544,337,0,0.0769971001324925
188,917,0,0.030437702007859828
1845,925,0,0.01620285614201469
1581,907,0,0.3483499592507513
1737,755,0,0.06516555913282902
1566,676,0,0.029035416304305617
576,355,1,0.4811041117246336
1396,139,1,0.5521025032804983
401,693,0,0.026376562791268758
1708,372,0,0.27633364133006716
1292,96,0,0.05326195536927814
1119,197,0,0.04789110368419765
855,147,1,0.05871484487890188
1527,590,0,0.49466318191553105
1396,805,0,0.27049941572211533
1324,294,0,0.0114560253185741
1166,184,0,0.38270495094135276
903,848,1,0.3011187684841468
1723,941,0,0.02614433057029608
179,341,0,0.013145700804116214
100,49,0,0.05709132204722594
96,483,0,0.06272079980571621
1432,44,0,0.04676668951519987
1652,930,0,0.056878785371494316
296,313,0,0.052939231054254264
1802,858,0,0.05627304544560939
860,535,0,0.05206635553088196
307,581,0,0.030314512546487933
1133,838,0,0.04384925260786974
419,463,0,0.03839825859618724
1664,465,0,0.02643960267244016
208,264,0,0.012690300495754328
159,783,0,0.012291591602195208
1432,758,0,0.045609227818619556
968,389,0,0.03051964144049102
1174,539,0,0.05415100990508587
132,971,0,0.037013592192538136
633,963,0,0.03261664529138168
1769,421,0,0.05882767405045808
424,434,0,0.0348401189669918
1945,132,0,0.01297157264868093
1221,582,0,0.06839125506189016
1471,554,0,0.027852956807765686
1036,848,0,0.024019707301874367
1044,562,0,0.04075834481568731
1598,11,0,0.031196642141311827
1552,972,0,0.016146630985000424
1893,24,0,0.019215319740854254
324,714,0,0.019441019393652448
171,132,0,0.05708490556334457
1065,793,0,0.03013741251116272
636,335,1,0.33362263086134447
379,743,0,0.027022223179800263
1384,295,0,0.07541319757062473
1579,442,0,0.036251465273805364
1275,864,0,0.012615628828447153
1355,754,1,0.0384317057760767
1264,105,0,0.03377751174311361
337,857,0,0.04693591147066287
1146,952,0,0.35610895872878134
223,722,0,0.015936679503025016
1007,971,0,0.03547609674492682
1001,504,0,0.017120799067368256
465,434,0,0.021421481695060904
1697,773,0,0.024150064106375185
1412,537,0,0.012942286774692032
121,710,0,0.012227780243034989
1955,895,0,0.02731087254051387
301,837,0,0.2293626349265198
883,644,0,0.07476020048276273
1998,275,0,0.034064131314065584
1515,273,0,0.033382953262315426
979,44,0,0.36502622001366436
1699,579,0,0.018344214654088642
751,745,0,0.018432128416866013
1169,892,0,0.017920621743567962
1783,605,0,0.04505688683479159
9,9,0,0.03527967444671863
1347,797,0,0.010299696595675303
1681,15,0,0.054288077593110946
1327,67,0,0.05135863123569838
1012,856,0,0.04911847356664789
353,229,0,0.029298102850860833
786,562,0,0.0562456148993528
931,218,0,0.06163949022410116
1820,604,0,0.07210601247958114
1383,698,1,0.03736468744304183
239,953,0,0.023040254336236896
828,503,0,0.5510303417738549
1253,382,0,0.031906807738424706
986,380,0,0.04447572661853366
867,193,1,0.05474571924462112
1126,589,0,0.048199555168227964
1689,542,0,0.04521408730287033
105,540,0,0.04919285481169703
925,759,0,0.04009771892696547
1252,519,0,0.05633197420415951
522,663,0,0.05877758412839411
1908,507,0,0.011194066565353301
662,595,0,0.061534587389087216
125,212,0,0.5494227338164712
693,604,0,0.013929328304256312
1739,669,0,0.019134997936166888
1213,751,1,0.7615010506544466
838,20,1,0.07884296994167436
1747,758,0,0.5889340637616481
52,306,0,0.4954429242781656
1412,649,0,0.014845119230895756
1686,68,0,0.04467328132703043
942,905,0,0.039107004700535505
1853,477,0,0.38799917325862937
532,902,0,0.037935186755154594
120,675,0,0.03347798071646056
582,847,0,0.022376962788891532
1642,653,0,0.04136509160653217
957,972,0,0.015417335984046323
1373,279,0,0.0426058979964631
733,755,0,0.0529911260112647
1147,99,0,0.021424435165283445
317,343,0,0.04264990976026461
1849,278,0,0.013910410458047747
1492,233,0,0.024055821706376563
961,359,0,0.31810917704919933
1523,238,1,0.0506475695026543
1930,437,0,0.0330353837667539
693,258,0,0.05705049708638974
101,114,0,0.02457285248755417
295,127,0,0.05154343645892747
586,855,0,0.04062659835023457
3,482,0,0.05590297923637021
252,221,0,0.049532648195944017
656,541,0,0.04303667058165983
1363,663,0,0.04439535471558422
1579,781,0,0.043128470664642725
15,792,0,0.36012974938882847
1360,349,0,0.035213186839388844
346,188,0,0.012405565400300958
1884,340,0,0.05961107499309816
767,280,1,0.05172679893760498
727,116,0,0.05581222230252405
1802,570,0,0.03966327056948909
83,823,0,0.05239792456799182
1197,988,0,0.01801916144712406
1204,206,0,0.07059214548770901
1245,170,0,0.011024000246330736
1458,877,0,0.01716411670425116
486,51,0,0.02290103837223817
707,437,0,0.7080375744854193
86,71,0,0.04398443309202956
1824,954,0,0.015098630472086268
1960,295,0,0.03733557196571266
773,89,0,0.02240185438148436
720,480,0,0.0318870690984296
332,887,0,0.024443729886527245
546,557,1,0.4461793122037507
1917,746,1,0.04476510293550382
1572,747,0,0.03926928581906156
1495,688,0,0.26980641985856585
1923,42,0,0.05937691270599285
1240,150,1,0.3564799178132795
607,452,0,0.03437233504098289
80,314,0,0.04134818229689117
319,813,0,0.04600109947644645
1055,560,1,0.49025123976771007
1044,761,0,0.055494884870133626
1934,919,0,0.03500427724164715
1748,492,0,0.016392217149211564
499,892,0,0.049247101349087864
1549,17,0,0.021906632464951628
1459,623,1,0.05150116069726584
1394,255,0,0.029257875568755344
424,246,0,0.028974326804169982
118,676,0,0.022206974772504513
797,699,0,0.028092787005828394
3,956,0,0.040387968650397475
873,255,0,0.39177685787712613
752,695,0,0.33201773052002614
44,341,0,0.04546809087163391
0,43,0,0.4452582091957336
1429,618,0,0.03713279399054843
991,585,0,0.015022259416849927
1037,718,0,0.024511782568717957
1604,106,0,0.07538499112789344
1263,101,0,0.025939413299714283
332,388,0,0.0324318501013885
731,219,0,0.025642970418940834
861,970,0,0.016482598602119838
830,543,0,0.02720580550299987
418,717,0,0.43185112693017447
71,624,1,0.39661927043010814
897,300,0,0.014370135068463233
187,678,0,0.0792747809940079
1852,604,0,0.0794144504640972
1972,763,0,0.02418184086005213
110,428,0,0.05224213355078585
721,906,1,0.38399981068405575
501,762,0,0.4549805229963765
1902,5,0,0.059321317222678124
423,416,0,0.014787072499538069
914,727,0,0.2735410081642799
1689,7,0,0.054102210409926674
1260,981,0,0.5674144830911447
1448,158,0,0.010680475872451509
596,565,0,0.03422503961217043
515,897,0,0.016317639304904714
1995,962,0,0.04577199620795921
1694,631,0,0.018673952935972363
1672,526,0,0.03503302340885224
1001,303,0,0.011184336575327827
29,496,1,0.4421589195276792
116,192,0,0.04235489254129252
1316,654,1,0.05840169304326556
1038,358,0,0.059171661548015925
632,384,0,0.046526253866016686
187,229,0,0.019677794115648448
1568,101,1,0.05917813052162139
1870,686,1,0.6269258503861502
1542,391,0,0.01406708004259937
1091,400,0,0.05867132141174964
1117,685,0,0.03451971532720084
1487,97,0,0.03565194472542031
413,277,0,0.0695610094774416
1538,747,0,0.05272661947592803
1933,942,0,0.0358159333563201
371,778,0,0.05528246733655587
1406,337,0,0.0522963299992098
395,856,0,0.038942977734775557
619,736,0,0.013743827184788296
79,952,0,0.05830468494627707
1028,0,0,0.42921036389905476
189,644,0,0.38592071341246104
1535,913,0,0.04320454481472845
1493,329,0,0.02759754566654906
1103,878,0,0.06450494746972149
1593,593,0,0.029901873869138625
1771,46,0,0.02561350429093815
1113,704,0,0.010501442374943113
638,75,0,0.010141898884503594
296,317,1,0.03064233652795508
1841,428,1,0.23643997689496288
70,396,1,0.06723468602481605
249,107,0,0.01682251536252762
1639,103,0,0.039655573822164746
178,493,0,0.020969364140105695
1242,841,0,0.07683405858518164
1392,147,0,0.07690227690932977
347,696,0,0.04473883144138672
69,262,0,0.05608439252193562
1039,473,0,0.04449684604741991
277,838,0,0.039236282836346656
149,31,0,0.028311682218909298
1648,610,0,0.033358769112910074
719,438,1,0.07828454605493863
1968,113,0,0.3358059078045089
576,213,0,0.3439113473219824
1156,953,0,0.02980882699580121
641,245,0,0.04558447768611229
1091,87,0,0.03278778656326535
242,569,1,0.4404773124775818
733,973,0,0.04270323530348636
1104,38,0,0.36523731232035245
627,237,0,0.012046325297546498
732,846,0,0.3830682714061778
284,702,0,0.021936315795599282
1199,37,0,0.02799825731051995
562,271,0,0.6342525919405697
1296,432,0,0.31530683439774587
389,33,0,0.03584391774230825
269,985,0,0.015176677486071396
1004,807,0,0.04408123004860689
948,54,0,0.03449684833856863
155,771,0,0.01353348190253293
1140,453,1,0.3548873974771381
964,14,0,0.06157025249183234
1075,853,0,0.2848205012440827
1581,440,0,0.023784556658060625
301,304,0,0.04294913928792744
1327,852,1,0.044395158556566804
1676,946,0,0.28322466317849293
888,232,0,0.03376749878423886
212,125,0,0.03965105145175969
212,912,0,0.04193099740072992
1935,388,0,0.05959263493625528
1192,174,0,0.04310447986037771
1973,997,0,0.011803781768732471
1295,533,0,0.04916043192218711
1329,39,1,0.058881229419179414
1850,124,0,0.017389505781008265
386,132,0,0.0189257274178653
1817,934,0,0.011629452474610653
1220,773,0,0.04779584688366414
133,556,0,0.038388689632827454
860,447,1,0.2528957870265677
385,644,1,0.3049991346801238
1119,878,0,0.041994695494482474
904,891,0,0.019773387712804215
397,565,0,0.043386856926057864
1444,680,0,0.05241210807641192
505,16,0,0.4454244377071556
170,194,1,0.5996230955756129
681,309,0,0.019936353038011098
814,692,0,0.23919317878438603
1674,908,0,0.05428534375218934
1543,154,0,0.07459747647863478
1328,18,0,0.058334233597417254
577,37,0,0.04071658833345216
1307,661,0,0.024422947519667774
1832,137,1,0.05425888646938572
1261,356,0,0.03199230354599232
51,442,0,0.02603665785401643
1664,297,0,0.058644612888334585
1771,691,0,0.05909150122534757
1887,904,0,0.07247791462018063
1096,643,0,0.05460427184972018
1218,820,0,0.04700097345938999
1007,368,0,0.029553572146152667
1363,932,0,0.03939095822297665
666,630,0,0.05869004135322702
829,548,1,0.05870970310352192
1518,104,0,0.022571657727529493
1100,102,0,0.03500453480650683
1935,793,1,0.7283340253052789
18,615,0,0.04034301680860018
114,922,0,0.058254118507426504
436,978,0,0.053479439840313815
1310,495,0,0.5259767928787741
1128,597,0,0.016223104642164927
1813,433,0,0.051631883196509985
495,152,0,0.03510191144570157
1488,813,0,0.0635936240335381
652,710,0,0.05941651989685971
46,638,0,0.028866222858444965
913,112,1,0.5553146456474651
1781,375,0,0.06696870208850428
1874,450,1,0.3789928542373669
1934,226,0,0.0314297703359653
1822,448,0,0.025561136673110545
1560,344,0,0.44107628376871555
1831,904,0,0.023229582929767123
756,703,0,0.05525939552478113
1524,577,0,0.03376527796272127
1883,485,0,0.41800032217771915
901,38,0,0.04762601837970338
1212,995,1,0.3719369915075611
145,262,0,0.0216470032209152
1458,661,0,0.014649261786262737
1053,688,0,0.012667425821218522
413,105,0,0.06580892449196675
735,164,0,0.028824594690257374
210,928,1,0.44351807902767104
526,963,0,0.03768014492467278
463,413,0,0.0480300185350096
764,166,0,0.5996812114330172
333,473,0,0.043550638113484204
935,995,0,0.44363801130555425
1589,532,0,0.04231596939085174
279,731,0,0.045632090129328035
967,1,0,0.045440486569744656
1402,113,0,0.04190426892639867
1687,867,0,0.01898502346144477
1632,170,0,0.037184996308434276
548,332,0,0.019588248016746548
576,471,1,0.28351038024220465
572,124,0,0.012227524849580798
362,545,0,0.07344059963905714
820,141,0,0.03687318975838371
231,453,0,0.049552005086651335
1974,588,0,0.4159244050877337
910,102,0,0.05737545363258861
630,523,1,0.01714656899780478
1059,135,0,0.020357328652116865
1666,559,0,0.03384492510326907
1096,33,0,0.04923402433632559
1620,960,0,0.04889508468605154
60,934,0,0.03175636323321177
730,617,0,0.013733447647870309
779,98,0,0.05037350677977712
827,344,0,0.017375010326857544
1372,895,0,0.03711473620106578
688,121,0,0.0329339604462709
1972,997,0,0.04135995447272863
1346,818,0,0.03901671525667513
997,770,0,0.012179832776266789
178,741,0,0.05771061986941366
937,185,0,0.05836891938626422
322,967,0,0.021867160938175215
1135,12,0,0.3838305489618907
287,618,0,0.04638216457083529
1525,500,0,0.05465812762817242
1317,508,0,0.054221663907915316
938,55,0,0.520181386112012
1087,955,0,0.0452324030965726
529,496,0,0.02980897529181746
886,418,0,0.03308431950749864
218,19,0,0.03643571770340241
1478,909,1,0.45995590946469117
1022,460,0,0.04641861039418934
1433,9,0,0.025743532500641812
397,629,0,0.03181436120826949
1596,551,0,0.04513536548073704
1257,787,0,0.05691999633518604
1568,15,0,0.0743111628895752
1083,496,1,0.3807330258181128
187,41,0,0.03191060791848301
600,917,0,0.019395284210270508
1200,845,0,0.023300722013610692
58,328,0,0.04174037304355457
1429,20,0,0.3974769142547739
813,365,0,0.057856356174940324
1507,892,1,0.5527604166845499
714,66,0,0.03229594145168548
738,301,0,0.029438847776428287
171,823,0,0.01283540734782492
175,725,0,0.04468966151330461
1453,944,0,0.33844054282328007
558,140,0,0.048681020972153384
431,441,0,0.023318607448514897
879,458,0,0.02556763227696144
920,381,0,0.012349186973202671
561,895,0,0.02564779186709435
773,167,0,0.03599936437600536
918,174,1,0.4673160002329635
690,54,0,0.05977069931921719
988,746,0,0.05386546517288789
1236,891,0,0.024235625694445997
1969,194,0,0.010248878418174897
1939,205,0,0.0391482894202209
778,960,1,0.46623940951423887
233,348,0,0.016096625802473175
876,271,1,0.59671813903697
336,824,0,0.027915500784967386
575,135,0,0.41166672821864847
999,679,0,0.02648010128931834
1756,333,0,0.01437430976128136
793,839,1,0.672940407961049
1321,856,0,0.03561940072657404
791,20,0,0.043150644642978006
1199,991,0,0.039029385026099414
1119,727,0,0.034487608888961255
249,695,0,0.04785790326644039
710,68,1,0.396586039594516
83,566,0,0.037914108189128735
662,71,0,0.04670396659908512
1977,595,1,0.8408397162850395
1010,947,0,0.017942491231895466
1648,169,0,0.018153683774763618
1036,675,0,0.036244615330118135
254,852,0,0.014137191534354984
1541,84,0,0.37278208417490494
286,148,0,0.011741358824552014
1972,666,0,0.48414334178665
427,139,0,0.03857255774843869
198,6,0,0.021230212849124477
250,252,0,0.0334092708353053
749,779,0,0.032688308307597516
1143,471,0,0.05818008630808955
1565,203,0,0.02128172743158975
936,507,0,0.014173810940525668
184,460,0,0.37370315743387633
1252,823,1,0.3469702505224663
156,140,0,0.010760126233378927
281,358,0,0.03696551992315176
1270,335,0,0.3656825709595803
1365,386,0,0.024485663615153214
136,115,0,0.0153809896527254
1659,596,1,0.450619770540938
1343,457,0,0.020612277136325238
1817,745,0,0.019135632383405238
1471,559,0,0.049338210894285785
711,968,0,0.056532927744833046
1066,245,0,0.07534685185226539
1839,51,0,0.023902760374479155
101,545,0,0.031121416821377507
1152,263,1,0.4031614582313904
732,747,0,0.4665102138004475
1383,683,0,0.0509840929753877
1428,662,0,0.05545439241295206
1282,892,0,0.5507000931062127
342,618,0,0.0336211142255871
1984,329,0,0.03905892334989431
328,769,0,0.028476174674366347
1125,902,0,0.021759851960254196
1960,54,0,0.05540548848561227
1382,274,0,0.3502807178526181
1698,842,0,0.026497919602639038
1739,18,0,0.02969915498963148
1144,86,0,0.06328986187906387
1963,579,0,0.018215256198830902
1401,306,0,0.04316950864036259
1838,152,0,0.42858938536678687
710,558,0,0.3876022783740843
1149,736,0,0.04380605865770215
299,887,0,0.0500199575533907
91,567,0,0.03664518395221124
1485,982,0,0.0364249157006184
639,499,0,0.0354693983618938
1115,101,0,0.03513413073051213
1341,795,0,0.01650238174022889
611,201,0,0.013074001935314236
1167,677,0,0.02711331401141181
1030,167,0,0.03785690622185244
814,770,0,0.0599337723965682
93,247,0,0.06121796480992067
142,740,0,0.4356534072497765
541,440,0,0.04604106563599441
323,74,0,0.4468641831544131
1755,672,0,0.02769736656073947
1602,857,0,0.0415209328924705
1814,308,0,0.3126648841995512
637,175,0,0.010383444203705296
1117,935,0,0.03142471994155742
677,493,0,0.028610259121382084
1070,904,0,0.04244116763780376
274,273,0,0.014135441342822894
1779,540,0,0.3427325328394991
1387,189,0,0.05806337020069602
674,874,0,0.3025304532840261
1901,949,0,0.02311882340855933
1718,750,0,0.024654702180189052
572,63,0,0.05077322774526703
524,693,0,0.02821981723617737
436,469,0,0.04632755403125951
294,624,0,0.020835849256442225
99,630,0,0.03969425884102406
897,339,0,0.48837455193750384
428,767,0,0.04109980796281404
1249,410,1,0.29402015724626906
417,139,0,0.04047218949306611
413,458,1,0.07803038961554963
1267,909,0,0.014202313621824272
1609,292,0,0.035662709391011994
1862,710,0,0.052393440384002135
1445,217,0,0.046191687099442796
1621,711,0,0.03495254042130663
1466,562,0,0.02175794870202254
1923,668,0,0.4015106010203507
342,129,1,0.4911705565882965
1643,119,0,0.026198643062726422
765,684,0,0.016615315555019012
1208,327,0,0.37275732662809247
1752,906,0,0.3336965423841597
234,270,0,0.5058357502073613
224,563,0,0.0532360282463366
1780,564,0,0.05197385005103524
1429,919,0,0.05200115361423891
460,422,0,0.03348454336959479
251,136,0,0.044945914983545644
877,498,0,0.045242677241041675
1678,19,0,0.01918810692400427
1677,186,0,0.3536840648079066
422,508,0,0.024365954634276505
1921,391,0,0.06768206962311736
1527,46,0,0.03356040000061817
157,44,0,0.05850862115715106
1201,442,0,0.059022849639518205
1922,11,0,0.30884303693477283
1223,276,1,0.6395485593854031
1505,105,0,0.052228961521568376
1679,151,0,0.03205682872908397
981,496,1,0.02497064934015643
388,748,0,0.017453382903121057
907,703,0,0.01644036801935635
1811,567,1,0.817996881605063
1789,914,0,0.04761494856435567
1571,693,0,0.020069417552859202
1583,688,0,0.024959288538522674
451,662,0,0.5463249991215947
500,17,0,0.010340274476906927
1728,333,1,0.03515907950449829
739,413,0,0.025072584236082374
1045,54,0,0.04672919365870761
7,163,0,0.36619798840611173
726,293,0,0.04377141046446034
1823,940,0,0.017009712223369305
265,396,0,0.05328317983933853
1398,511,0,0.044086636299054564
1602,727,0,0.04567175178858653
170,132,0,0.037870976111410826
50,767,0,0.027967456240280734
466,333,0,0.038128904285218417
1791,344,0,0.03436355088217952
1017,374,0,0.017145107779214405
1653,955,0,0.044292581834210025
26,693,0,0.04151840595598202
964,881,0,0.04597260994563749
405,223,0,0.039897352786417276
1642,607,0,0.014681641410288378
279,984,0,0.03904821986044427
680,124,0,0.011488401188990069
1059,968,0,0.025060955836410853
1070,506,0,0.03375293767403212
1497,936,0,0.023571683775624564
312,833,1,0.5401089878741798
428,317,0,0.11576701131914374
1685,688,0,0.04666945752006248
1243,665,0,0.0342795169794345
1945,931,0,0.017716164430469635
977,98,0,0.024199633777897106
1508,741,0,0.04804185538037168
793,213,0,0.01682479122235407
473,951,0,0.058245089286740756
57,417,0,0.05893523758202877
1186,940,1,0.03316663165544488
554,9,0,0.032422417023979265
112,769,0,0.0754715728567525
623,574,0,0.06698146585257259
1013,393,0,0.04988567894174423
1198,118,0,0.01751905267740709
502,679,0,0.04166273411764432
1167,213,0,0.030251861958898237
276,561,0,0.5077946746757098
945,762,0,0.039341322335316085
487,506,0,0.3898817789337753
857,278,0,0.03147300458001574
25,430,1,0.02271050074306996
27,819,0,0.049812586037838634
1721,928,0,0.010241164360761737
731,694,0,0.04575404678215591
494,70,1,0.6960699785451926
779,357,0,0.0593461451338096
378,935,0,0.017100071911816905
1285,661,0,0.033071845243726465
532,984,0,0.03403332563212037
271,266,0,0.012719793346866183
1907,669,0,0.04540780161479179
1088,25,0,0.011763525472969303
1939,552,0,0.02656067575265251
1417,557,0,0.017640258006095134
1060,670,0,0.03799504622474455
75,328,0,0.02716855858314312
1973,858,0,0.021542056931253512
269,746,0,0.040870975204927266
872,313,0,0.05745615130183265
1251,553,0,0.048180256127207936
1793,122,0,0.5138997469636547
353,414,0,0.04457406470688065
446,350,0,0.0405279909999708
210,756,0,0.046073624859616094
1744,587,0,0.015218071139685804
351,547,0,0.07447396532921782
1103,602,0,0.044267403233855154
1237,328,0,0.0178902186176947
1983,304,0,0.03952033656848443
1689,282,0,0.014342990435450228
796,284,0,0.4440163748766706
760,829,0,0.023682259190388653
327,102,0,0.0452533679177946
841,151,1,0.03341542320933017
349,566,0,0.036018783821673436
877,314,0,0.03166433686062883
572,458,0,0.04384871509835627
1497,148,0,0.018626346371194626
348,226,0,0.0723451294089396
713,596,0,0.3919156768723866
1900,857,0,0.016049439933478817
461,55,0,0.04948653388470716
270,609,0,0.04497322318215149
766,42,0,0.06522194069004035
1449,248,0,0.03513223037814752
1586,172,0,0.035092231200632526
758,776,0,0.050741108008141224
1399,561,0,0.012381712714064266
219,524,0,0.05621643279985679
1474,625,0,0.01134583276401129
225,124,1,0.4517844585225287
584,16,0,0.03227864138862597
1186,669,0,0.02757879471483205
627,652,0,0.028737121336732535
336,106,0,0.019214347375953504
1345,247,0,0.0433211237466778
1927,990,0,0.04827605688742187
43,765,0,0.03909612022859452
311,877,0,0.01580783669212706
1556,344,0,0.26642045353305144
1889,303,0,0.07033015735024213
1508,988,0,0.04601313949217185
1055,653,0,0.023362599477581326
502,564,0,0.025553698785772155
107,77,0,0.012543053723299143
440,104,0,0.451738499033927
294,388,0,0.012384258333454969
100,111,0,0.028881360596790986
1542,970,1,0.29775426034682523
861,298,1,0.5033772828411296
1136,686,0,0.05524327992454186
1147,861,0,0.03443780306141765
852,545,0,0.36842244281065595
1120,640,0,0.013147100273262283
870,121,0,0.5160629799973155
1699,549,0,0.012248682160310633
1538,470,0,0.3822252527560995
1374,197,0,0.020269650249013976
161,357,0,0.4464180979517798
1176,85,0,0.021422372577247502
650,794,0,0.03870537991840102
852,990,0,0.02345572793677719
1562,308,1,0.46474712547378266
1838,261,0,0.02747017040625497
949,629,0,0.010186648464975214
763,284,0,0.3501727917667282
80,543,0,0.04836399731548974
1256,755,0,0.029797338212216126
1792,456,0,0.04805236644602556
1634,518,0,0.0761416390072045
245,57,1,0.30002907627264996
1889,320,0,0.023999909664598446
138,127,1,0.037160859210024565
112,188,0,0.03765787247674819
1198,454,0,0.07793997340414821
568,588,0,0.057960245588666186
57,556,0,0.02661702571432894
885,952,0,0.04482653294946589
1696,429,0,0.047769126571384914
346,729,0,0.01185918615053512
1282,819,0,0.03488926454306281
1037,552,0,0.03337415090092912
580,683,0,0.04856957739181792
1859,15,0,0.05149375882784297
1568,292,0,0.07019163716439288
1274,297,0,0.45606437709599096
1333,54,0,0.015519747122746081
678,391,1,0.5011981296452771
1682,996,0,0.018535189775854857
1322,430,1,0.05046925333133118
488,991,0,0.023705624550848486
558,929,0,0.415750932951821
1291,506,0,0.05325792320680761
642,935,0,0.046574764162498526
967,668,0,0.05851100730981402
87,714,0,0.05205546223467353
1721,380,0,0.016934041128357075
1133,930,0,0.3703973460550286
1363,303,0,0.059792361522210104
1233,574,0,0.04115982475701077
1782,852,0,0.03087848886722537
81,553,0,0.04804718140481117
694,681,1,0.42403743671851746
1637,281,0,0.04690341074898678
1437,37,0,0.02661196604826853
1351,676,0,0.02592529401415683
575,644,0,0.04270344109264767
1816,16,1,0.03729002644980221
17,192,0,0.01425451704012107
1187,551,0,0.061975954116858537
1043,116,0,0.013194795475643215
794,526,0,0.017986032448851635
773,503,0,0.04567976715358645
756,214,0,0.01838829535320477
1535,39,0,0.040439714606028784
1570,308,0,0.02857715141662953
1620,482,0,0.011753003016541981
947,782,0,0.04681405139725876
1690,247,0,0.051392297987035616
600,382,0,0.02684465617101086
844,402,0,0.3844413907468352
944,944,0,0.04695103217223632
552,977,0,0.02773683700269393
1609,107,0,0.04500699911071345
1455,918,0,0.04128708709278515
354,826,0,0.01441285363420984
1107,182,0,0.03730120237167778
1215,69,0,0.33638040074394254
357,956,0,0.028401432751253834
657,13,0,0.01633388720480318
363,34,0,0.05537866098604549
1991,169,0,0.03853441534191075
1883,221,0,0.02057189933434289
1010,315,1,0.050021583741980444
67,712,0,0.03835409075257666
1592,200,0,0.03868615339718437
1138,693,0,0.0487876542701167
798,991,0,0.01775278418608154
1345,967,0,0.050733339634440176
10,883,0,0.4992757881363546
315,356,0,0.032861070369688876
556,561,0,0.026241719547095733
132,954,0,0.03111735556671129
724,779,0,0.05561942587088037
1558,199,0,0.018655971683442768
4,736,0,0.01176987839065067
1420,716,0,0.5262517150177028
1935,402,0,0.05914132048710794
1132,839,1,0.0795800126752475
1086,555,1,0.78587761070722
1551,408,1,0.044936178206821525
1319,395,0,0.017635552440308202
427,632,1,0.047273957143736216
1004,199,0,0.017658449104108527
1194,672,0,0.04553522350520101
1918,608,0,0.23457515947234253
731,543,1,0.47440145387999294
1516,278,0,0.028261795157266338
1539,555,0,0.059877844191286264
1673,496,1,0.5040766048941236
1627,101,0,0.5110627091558726
1875,489,0,0.02401530734397508
806,534,0,0.538439111402209
1359,449,0,0.012140838221103114
705,672,0,0.04230929742702658
87,49,0,0.013845428433101326
7,446,0,0.05745949127542391
533,323,0,0.2989868552592454
1813,365,0,0.016479740882010124
264,178,1,0.4956166794157823
1081,740,0,0.011924551222176068
902,324,0,0.5743936463669819
1824,603,0,0.038943199404699494
1434,660,0,0.012888542299681945
239,171,0,0.01593700959552905
366,485,0,0.02617819253617635
514,750,0,0.020326322171493307
1397,172,1,0.4909653849115579
810,809,0,0.02458398010635085
1147,77,0,0.04895803050656674
551,186,0,0.053563423061334436
118,998,0,0.044762625373134454
1583,108,0,0.038030521399492305
717,531,0,0.046212393953696834
1300,585,0,0.025841799335255267
645,81,1,0.3140687236464439
1540,795,0,0.039722439989113255
1245,5,0,0.0247425734326824
853,897,1,0.03873335755711159
1156,130,0,0.05657466344225587
1753,500,0,0.07549690616341755
1366,569,0,0.4677568474518863
563,621,0,0.05099131407473478
27,497,0,0.010694486374960108
1838,342,0,0.05703340485345582
1802,624,0,0.039655841825932875
1100,166,0,0.01135665176335859
1806,705,0,0.0266103549183764
1846,870,1,0.055914500890729774
926,406,0,0.01435859418275023
256,537,0,0.019534192980579748
260,681,0,0.058045524208517885
354,473,0,0.06105584687934273
570,195,0,0.031025057827566455
432,708,0,0.043251759201896424
450,901,0,0.030340725414039496
485,430,0,0.07371297265220132
35,139,0,0.05280038801958711
921,396,0,0.012823681925971322
689,712,0,0.039654547763428374
1311,433,0,0.06008142643903986
1224,277,0,0.04719134687541878
973,397,0,0.04006437427434477
212,343,0,0.05807437176284672
1979,911,0,0.011637439319308905
1124,934,0,0.011412016364048906
1594,0,0,0.050471762595800884
342,746,0,0.4607254725731238
337,423,0,0.010500857600335138
1046,929,0,0.018798329578318416
678,420,0,0.03462931458525844
1050,756,0,0.05696536646584901
1108,143,0,0.042132837052433994
909,10,0,0.051159356649102254
1254,99,1,0.6171009535692509
1793,525,0,0.034386528260991714
1820,434,0,0.025971253561559625
902,720,0,0.034037467283198355
674,931,0,0.016574112824200623
480,199,0,0.021894158848927453
571,750,0,0.0552191921703535
499,277,0,0.04790097779955099
1973,625,0,0.03572800072090408
230,674,0,0.03545419451719016
408,223,0,0.02259381987306589
1292,279,0,0.07732379410608063
1451,602,0,0.013465158360683002
1373,635,0,0.3197563465115201
1743,388,0,0.037501361976516136
457,243,1,0.49799252470707184
1650,277,0,0.02994446523218597
677,664,1,0.4811854609425162
1871,539,0,0.055367860583065996
1605,913,0,0.011194725433952349
527,378,1,0.44065855093956824
30,642,0,0.07452564695138131
23,116,0,0.014033965694228764
1899,868,0,0.5606214295406771
1089,516,0,0.026436068584801332
145,42,0,0.07504657733845833
1540,264,1,0.4738508520266345
953,822,0,0.03385431504067951
578,88,0,0.03223244032539215
1312,256,0,0.036172067584708666
1598,142,0,0.01871214751806232
278,915,0,0.033430883854466006
1742,237,0,0.010948545631873832
1526,80,0,0.022939327099611467
902,805,0,0.02348232533387584
1703,943,0,0.06076808432756275
361,981,1,0.7369794896973362
293,192,0,0.059901774527348246
3,632,0,0.05079867005408941
302,657,0,0.043093021322240625
1352,593,0,0.055539835052153916
714,569,0,0.01645882825711368
1499,780,1,0.36201641763809345
858,424,0,0.38983145804826247
253,340,0,0.04944309178148076
289,46,0,0.022281120785579717
1115,740,0,0.015082179244216983
366,425,0,0.04963572312838491
250,48,0,0.04759384715567433
640,251,0,0.015311868523576168
799,772,0,0.016555386437560604
1322,431,0,0.055038640170641
1927,500,0,0.06362937603000546
1249,574,0,0.032562063668353916
242,901,0,0.010234624595903638
1701,844,0,0.02404582671171237
823,950,0,0.37853312334249295
1910,758,0,0.021328275222362438
1230,721,0,0.05258550135704307
744,538,0,0.046364147536671445
1004,10,0,0.048646689075262615
1803,316,0,0.04480792857334233
36,17,0,0.04000461752255798
1549,993,0,0.0229155065195236
1585,911,0,0.02913836169260641
322,486,0,0.04624376237459112
1465,450,0,0.03459277654386722
192,24,0,0.018070514835679827
1580,160,0,0.031780206728222
1559,863,0,0.04100869720286032
452,490,0,0.05672986169042813
1226,487,0,0.014906884200166056
321,865,0,0.5815879431367618
758,129,0,0.05354769124279131
826,717,0,0.031229305958849526
1461,946,0,0.06256079890437412
201,750,0,0.0432038076804173
1107,72,0,0.41428899583824136
1857,856,0,0.029443685452745304
1848,706,0,0.05588838162098217
855,50,0,0.015122800473868644
350,780,0,0.39271058564705474
778,959,0,0.016415919781961764
288,520,0,0.021967103325978718
1300,495,0,0.054722220029870816
1725,345,0,0.04062699758488062
67,110,0,0.05825429308860017
136,278,0,0.04491658589785422
154,693,0,0.03706131148774935
1365,422,0,0.3110271162884667
1061,199,0,0.4251878321678335
42,881,0,0.03766057964734878
1365,34,0,0.04913599494945464
133,556,1,0.02349285306182108
320,977,0,0.04362006515243968
859,259,0,0.06388947702443086
270,804,0,0.04744952049023473
1390,308,0,0.021901886491911018
156,68,1,0.5248018749928298
1004,927,0,0.015789504638225118
759,145,0,0.018525304971982133
947,296,0,0.041653002554992914
1371,118,0,0.03895823547507225
557,877,0,0.0513490786401703
628,150,0,0.05512453943585153
1084,598,0,0.022398047492475887
996,683,0,0.3042974432467839
1992,799,0,0.01886760550940039
194,622,1,0.2896323256439967
160,575,0,0.04549221124955517
1693,336,0,0.020998657820442787
1116,875,0,0.05859125285492359
1802,984,0,0.032905425948448315
404,750,0,0.06358644939657052
1658,166,0,0.035707861541694544
583,905,1,0.5367759515981163
750,183,0,0.019287913830075866
1074,603,0,0.03703959497183721
665,155,0,0.01657841073798625
61,357,0,0.4150284649537331
1397,514,0,0.05247025852082857
418,207,0,0.056473593289111765
1567,167,0,0.052935903700996434
474,225,0,0.05408507378544128
1504,954,1,0.4329611331637118
936,120,0,0.043880694981535615
1369,978,1,0.19356447400020008
745,180,0,0.7083211310940557
906,911,0,0.024421936961065028
1891,413,0,0.04496304560819944
919,260,0,0.03917170406979771
854,683,0,0.04215857900204846
655,517,0,0.05604993617875806
1660,618,0,0.05698390270797697
1434,718,0,0.014160670381079245
1716,501,0,0.06290624233143592
1292,922,0,0.04611056944805388
564,266,1,0.6028334489134508
184,559,0,0.025183401060887477
991,111,0,0.06867901432615843
576,902,0,0.053257188921536955
1387,331,0,0.028076964842004067
1379,44,0,0.042408229472933955
757,158,0,0.05909809237834551
1648,797,0,0.057806670074788256
1776,864,0,0.0243786464162982
785,107,0,0.015844816708933358
693,441,0,0.04443472938694034
893,797,0,0.02126917366402036
1011,93,0,0.011126696260604016
1194,639,0,0.05257440385423206
834,361,0,0.342459990241622
387,370,0,0.027599634516194897
1059,159,0,0.48185910601364135
38,338,0,0.01216275440326016
474,321,0,0.015995965921768898
1264,603,0,0.0204572346217613
1534,847,0,0.016587144893936964
1781,231,0,0.05272723296645848
455,958,0,0.03197367022236183
1558,896,0,0.0471490341470889
182,258,0,0.032407436501788754
323,537,0,0.05593595114414685
1838,336,1,0.468602173478624
433,762,0,0.025728172804205356
354,457,0,0.023032762561000425
1003,703,0,0.04509786914053753
3,920,0,0.04658037798092343
1196,474,0,0.030506860435980665
1243,675,0,0.025775517697422035
1374,529,0,0.05059796867397758
1381,630,0,0.05239198096166448
932,73,0,0.045458825826392706
1948,230,1,0.46913284090733376
1269,913,0,0.012236517601078398
1097,370,0,0.02611927406812555
377,175,0,0.028128580718813682
1321,885,0,0.05342612787291902
1738,882,0,0.059400076987283265
1730,600,0,0.06827179005182776
1644,253,0,0.058993571598643796
527,297,0,0.03878407164905597
881,399,0,0.030786736739236452
283,84,0,0.012232004972464157
726,717,0,0.04351861302153894
1993,527,0,0.034542722006728255
569,616,0,0.052295564735089
1484,441,1,0.42273913181265016
360,853,0,0.019256349564823107
1724,273,0,0.04357098160159575
681,305,0,0.05252063156833875
30,769,1,0.07480859745083374
254,388,0,0.021284062921229748
1967,287,0,0.047210455296912875
1518,924,1,0.42393911149398544
57,865,0,0.03810436830071247
504,864,0,0.032991182172994835
900,243,0,0.03982305680704405
125,865,0,0.03097517245358862
1422,678,0,0.04615290555403243
1294,171,0,0.022320445140444563
1773,238,0,0.022967242512195014
1910,96,0,0.04232977201377825
1883,76,0,0.02155490455993855
879,14,0,0.05047729033437357
313,358,0,0.05819306200096203
531,265,0,0.06856785202635755
53,298,1,0.3288794029838199
1462,848,0,0.05233655074285141
1670,75,0,0.018609956576473442
172,178,1,0.45753840918019567
4,235,0,0.010394830820387562
88,104,0,0.4196404122887496
1791,273,0,0.05563660122058613
1762,565,0,0.3551850221795885
300,63,0,0.05516440829123063
638,207,0,0.31463460206861454
7,123,0,0.011866339500029324
1880,295,0,0.034714434259114454
1299,671,0,0.011041187649314157
778,919,0,0.04856471894998922
547,309,0,0.32976531614012433
759,913,0,0.021483859638587288
1187,696,0,0.05668603611555925
72,573,0,0.4947881364343589
229,510,0,0.06704861685722643
641,578,0,0.047639822001896384
495,368,0,0.01506600033956753
1658,819,0,0.03080160548970913
1160,113,0,0.04550480459680138
1024,858,0,0.5460014474093754
999,72,0,0.02783800204363806
713,781,0,0.041215183720789056
1919,602,0,0.053686568167043425
1877,797,0,0.05558826334812093
342,512,0,0.48755238565245834
480,125,0,0.011972978128339003
230,12,0,0.04672161292292667
1741,865,0,0.04783871353298276
1103,402,0,0.016908789860675108
408,389,0,0.5044048550387862
1454,496,1,0.36629319524789833
1329,333,0,0.04185454363589542
962,507,0,0.02037750433694236
1540,340,0,0.01846711326003766
1860,611,0,0.03652851201139656
475,189,0,0.030260308419157007
1207,991,0,0.03513974741746526
1477,663,0,0.03719414980039532
1209,141,0,0.03974060286124715
1921,464,0,0.051904709383639544
1181,773,0,0.05816047345371831
1573,316,0,0.056186285296743486
1736,787,0,0.017669927156906753
874,817,0,0.05965383144673689
1934,862,0,0.01853485820923428
1422,599,0,0.048082602647265084
1893,317,0,0.027904076578873213
264,362,0,0.3005619051221884
801,105,0,0.051899770765017436
350,638,1,0.3019425322386382
1305,269,1,0.5140039122423251
18,907,0,0.03222448134375465
1527,102,0,0.051229567663572034
493,457,0,0.05333274321455616
439,582,0,0.04133753032397545
1881,743,0,0.025236705260903176
612,165,0,0.053318844782526006
952,461,0,0.041597242584652964
1532,470,0,0.06301401818913595
444,220,0,0.025666771882008256
1860,321,0,0.42812665890644547
178,256,0,0.02199822871311216
1102,138,0,0.014224870274330394
1950,690,0,0.04383376385010349
688,642,0,0.010542131074020324
1842,122,0,0.0313702416976437
1414,602,0,0.0697772858579667
159,438,1,0.3237861249336661
184,53,0,0.012147711518078794
777,351,0,0.05735692222815056
1153,290,0,0.04583233713790063
16,538,0,0.06253963876494369
1169,64,0,0.05588575151363297
783,775,0,0.027708988656137773
1941,957,0,0.040168281731397165
1019,987,0,0.39637339782760467
472,538,0,0.07979255334052714
920,212,0,0.045998196806220755
767,351,0,0.2886267308344886
123,588,1,0.32876989480794255
82,522,0,0.02145652530829369
1028,88,0,0.4204339281834914
1172,153,0,0.026975263708789367
805,505,0,0.03877370940553739
858,119,0,0.03962099430365055
371,212,0,0.028493823633853513
45,161,0,0.4081342416481813
340,426,0,0.07975365266035057
857,158,0,0.012987672275630685
1678,668,0,0.039186523191538744
152,771,0,0.03191086871609854
549,896,0,0.04299500215686549
1645,973,0,0.05932286999550969
159,621,0,0.04956642208740987
49,149,0,0.03676662957306869
1356,385,0,0.0261930833154937
206,645,0,0.041226772435707604
177,548,0,0.0398541760040096
67,957,0,0.018444008470237576
1497,906,0,0.055573719844268496
556,653,0,0.0583891198203622
1991,909,0,0.03637733613677648
156,853,0,0.042075173924615634
1047,852,0,0.014775358539025582
37,161,0,0.03409499086646847
1888,745,0,0.02662633822031367
1417,550,0,0.05302692506690931
1401,460,0,0.030179473433113273
782,408,0,0.013996937426705599
1962,388,0,0.31871418958975173
1515,722,0,0.01294809334539326
1037,583,0,0.020849000054202566
1839,250,0,0.05164828366203146
490,449,0,0.018052568658316497
1830,456,1,0.2839447913907763
1096,165,0,0.0685780443117639
308,661,1,0.4486389016800099
1657,206,0,0.5174858935741038
1831,300,0,0.27741636355422195
1717,479,0,0.020860427480829676
1463,642,1,0.7831990786178328
1930,381,0,0.04455912396247947
1778,369,0,0.057612481643927835
1538,418,0,0.04186173550022837
1608,623,0,0.021224688565148964
937,805,0,0.034756981928415545
870,916,0,0.01756082809343297
657,503,0,0.03571323004534893
1513,105,0,0.028568724058640325
256,665,0,0.023132362648394994
215,324,0,0.0512980421408764
1971,821,0,0.5003878089891279
387,530,0,0.041895907224221055
605,161,0,0.03662710377092589
806,244,0,0.5810727768036732
363,790,0,0.38670910938221603
200,564,0,0.03746008589301192
1154,240,0,0.061388013426059485
1135,195,1,0.4134684170733579
1482,2,0,0.04959658092894819
472,88,0,0.05534342349440349
260,80,0,0.0779649442341666
1017,623,1,0.05640512214966116
290,749,0,0.03955128373902542
1335,360,1,0.47660255269022894
1418,66,0,0.07663203361842273
1562,715,0,0.01644932932281967
920,72,0,0.032630760874105394
440,674,0,0.04001983131882801
223,764,0,0.02816567038475249
1762,886,0,0.043751223172352464
309,391,0,0.04607946205177564
738,5,0,0.014417238510254567
451,671,0,0.05213748900712574
1385,774,0,0.05481960301039794
1536,248,0,0.39961296233828564
241,309,0,0.4502716931178302
405,836,0,0.011806557875337312
1042,588,0,0.05547011875471391
301,926,1,0.27531195247544277
674,679,1,0.27575641619168517
375,521,0,0.0302462011909995
1124,278,0,0.034640395247074365
847,328,0,0.036352847828193854
1163,155,0,0.03601934440063806
1146,934,0,0.05299278313683519
898,130,0,0.0423718544350463
1556,940,0,0.03182641165776297
358,155,0,0.03389597412343793
392,891,0,0.02087490935634745
1622,700,0,0.050203705620173115
1480,524,0,0.018184340046857178
397,384,0,0.03085407182329436
1366,634,0,0.014221698000189522
1107,96,0,0.02141469657125051
1184,524,0,0.05810192044877775
206,324,0,0.42437598075282346
1305,830,1,0.45567510470210615
883,831,0,0.02015498634842331
185,825,0,0.01964417514644498
1165,816,0,0.026400332283311324
47,563,0,0.07224662125563736
840,558,0,0.043761509822740435
1200,774,0,0.0258868400287849
1213,913,0,0.022830182632098385
634,588,0,0.020083564342270124
621,377,0,0.05117903195492011
1948,797,0,0.41259311478710814
140,550,0,0.034993080462538045
1185,143,0,0.01890620868067973
245,239,0,0.03130682535920676
1517,53,0,0.018065915133896326
1181,196,0,0.5315113481141797
1164,951,1,0.0331490605520047
985,269,0,0.036275516699036676
1936,280,0,0.027931128685417216
1849,906,0,0.01624982231295105
55,999,0,0.031546842599828435
1883,839,0,0.0599934526280131
900,173,0,0.05324355632737073
76,232,0,0.030894122938009368
760,660,0,0.05575538272928393
941,131,0,0.033624674879773594
343,864,0,0.0547721352784058
1687,148,0,0.040032238388319014
1968,100,0,0.02008024422056591
1784,84,0,0.04693850805484346
1679,19,0,0.02976938392038027
1538,41,0,0.05375616783644986
1831,487,0,0.4587873215361901
1767,740,0,0.05842820482920952
871,548,0,0.05499902416798584
564,278,0,0.04067816448652594
1455,844,0,0.4368936069896384
1363,983,0,0.0594622794641471
389,729,0,0.0322094437021083
332,853,1,0.48294174063368783
800,975,0,0.029233304277777525
1315,975,0,0.01921766320469044
1497,523,1,0.04606656793714474
1233,475,0,0.014512105090864237
273,869,0,0.050416480439357536
585,16,0,0.056443526591153786
1784,33,0,0.04425675422449978
1332,425,0,0.06861379772890185
1506,83,0,0.42978374061197083
1023,690,1,0.7816527840200229
1244,270,0,0.04211740250108992
802,228,0,0.0742785879928123
517,655,0,0.04752073266497782
1429,11,0,0.038403148125120905
215,613,0,0.04023843165307886
1121,856,0,0.021498305986195745
839,133,0,0.05706638460414144
1291,212,0,0.02437840753228511
1762,923,0,0.04881240705248017
980,884,0,0.02523191990147835
1003,320,0,0.5177444227597989
817,111,0,0.30798517887739224
553,766,0,0.04641424564523281
379,844,0,0.04082935740798163
203,285,1,0.4537484510495188
586,876,0,0.054999502430202525
1029,802,0,0.3113038911881185
1837,454,0,0.016966725860842004
758,675,0,0.5073678937380126
1567,132,0,0.021826229320782015
535,860,0,0.05025047930086559
1435,571,0,0.01885506184780144
1561,154,0,0.049042258543233484
205,585,0,0.012515179482168862
956,444,1,0.4187919258159616
1951,993,0,0.04116496684461225
1385,895,0,0.051919857328325
1073,526,0,0.032193231456659796
170,382,0,0.05705331658409254
245,183,0,0.03200676385402472
1240,381,0,0.05187150363018749
761,254,0,0.02895942314776473
381,587,0,0.04826988113563206
960,382,0,0.05325140099969245
1913,598,0,0.03574815116696207
1729,378,0,0.013243553455222415
116,510,0,0.03263120007204294
206,48,0,0.03135264114930865
421,519,0,0.04068593098852878
750,656,0,0.025077168000630857
822,169,0,0.029057508476185094
344,520,0,0.02533028682155762
1629,238,0,0.0486308226122124
1690,493,0,0.2911288145879439
1823,127,0,0.05884821298488315
1435,379,0,0.46696712804373125
183,570,0,0.07333018612915085
1730,233,0,0.03662138037423014
1866,194,0,0.037293146053450514
1845,192,1,0.021252849727843595
197,974,1,0.49414300514170706
804,703,0,0.049916620571394316
1236,751,0,0.04708818485355688
476,138,0,0.058938086000355314
327,255,0,0.02696134857752213
426,147,1,0.5854346290231006
1155,855,0,0.03268121338679629
1363,589,0,0.03618931185775386
483,827,0,0.476385210460192
310,632,0,0.485588304921074
145,250,0,0.06935499289409013
915,714,1,0.03674274371871688
167,930,1,0.394749043993031
1837,448,0,0.03215998218009879
1582,612,0,0.018528424546178965
232,468,0,0.07598502169356391
911,394,0,0.06179959903959371
1395,518,0,0.0567759584858188
622,104,0,0.051920141416776415
490,944,0,0.0306291453916884
1637,722,0,0.052971278696921
1292,722,0,0.06316270188621456
1358,325,0,0.025365609201311385
1872,7,0,0.021733275624952267
1171,427,0,0.32362411744812825
860,151,1,0.05954284711685525
561,394,0,0.038766541750068786
354,582,0,0.014203722871989559
1031,806,0,0.016225941557647453
1298,246,0,0.07971173587994913
891,527,0,0.032995663545639244
200,569,0,0.014482797216735984
1468,423,0,0.029819967240716665
1905,149,0,0.05296586529586965
1054,12,0,0.05015937194482319
1490,580,0,0.01511396742054908
784,550,0,0.040103979156599794
1876,130,0,0.033953072667323995
1717,163,0,0.02430619877818855
508,83,0,0.42416289397329343
603,428,0,0.24350985428024824
1170,613,0,0.027288387792776668
1392,313,0,0.04402336974320726
1139,349,0,0.056427211049015956
6,500,0,0.044135515214715745
24,3,0,0.030172183864201528
1522,806,0,0.03787827386767138
793,553,0,0.037640284883239165
793,708,0,0.03314065859852543
799,327,0,0.025948801079694397
886,274,0,0.057131312130708725
1524,895,0,0.031917231142150296
419,477,1,0.49383882720138206
553,992,0,0.01871908511702182
1736,477,0,0.39599643689881775
645,234,0,0.39093537561166464
31,812,0,0.0355784848539881
1999,30,0,0.0185731954530192
136,757,0,0.04737464998759238
451,612,0,0.4598421319625011
1111,4,0,0.4158724661155721
539,631,0,0.03356348257246988
884,352,0,0.054267033979915905
1170,482,0,0.03464350396372222
1406,300,0,0.05919614551672642
23,691,0,0.029770282582508974
297,829,0,0.024251045810710938
1034,810,0,0.05441277859441227
781,939,0,0.030723212916589283
899,533,1,0.037004433779771174
1431,641,0,0.028795644669574696
1269,910,0,0.02392450526617858
1784,414,0,0.050789376358483934
1964,214,0,0.022026964325492483
1829,877,1,0.02507768648374522
1413,81,0,0.05481105170633572
1712,437,0,0.042302254350407124
1869,990,0,0.05202846632623683
1922,482,1,0.3625539317480026
1333,172,0,0.3577501051902998
1404,503,0,0.049638913044504185
1829,961,0,0.046703236920129225
1877,599,0,0.0630181020970577
1968,220,0,0.04895548816611403
515,785,0,0.06352183402143892
1217,804,0,0.02678026118571363
725,600,0,0.023012817303885477
62,49,0,0.04780728137792457
1076,996,0,0.030130899662990165
1848,535,0,0.03712301437832476
1565,912,0,0.04802490673384138
1597,128,0,0.024857903024856316
1980,366,0,0.04154010386042933
1452,496,0,0.53799750088703
1285,516,0,0.019757484052758366
888,28,0,0.05967535351275517
1491,20,0,0.03427728514594414
1205,138,0,0.04183535517830132
1796,264,0,0.021901430433200905
370,944,0,0.051787696804036484
103,563,0,0.04693993295295725
955,309,0,0.46484971705589395
493,362,0,0.013307167558575191
242,199,0,0.05558353843074716
1990,425,0,0.030926664724815048
228,900,0,0.055975945001914676
498,735,0,0.02664357753692264
1829,229,0,0.05731696026905347
36,996,0,0.050834555213815844
466,195,0,0.04230529492232344
394,16,0,0.02130839322862009
702,268,0,0.05268264137999416
1527,230,0,0.05516708321437787
1842,595,0,0.3681572330574553
1332,968,0,0.031267684751940854
892,607,0,0.014145614691817887
956,668,0,0.028066498924513315
1918,969,1,0.4540375973806955
763,293,0,0.02210342429498411
1337,48,0,0.027619900968188976
1047,958,0,0.03360060862007759
1137,473,0,0.019422116995233996
1091,175,0,0.05602563612328508
832,875,0,0.03917780758684304
877,213,0,0.02620407715027758
865,997,0,0.051312645748828566
1098,496,0,0.3703788606907291
509,857,0,0.0350545665344746
828,480,0,0.03551799916374537
804,262,0,0.3410639960203232
906,324,0,0.020868213144553616
1916,91,0,0.022883100110060464
273,769,0,0.033237969921872446
1759,32,0,0.04627062104324742
1054,329,0,0.02826448965642045
1300,627,0,0.029426556229620843
1707,957,0,0.05158426173083779
654,544,0,0.03438896421460686
737,655,0,0.028107398977602387
1130,194,0,0.029603465494349522
347,588,0,0.05741243746949332
1275,478,0,0.01268185297869073
852,112,0,0.021747197364536078
878,813,0,0.019155164960455752
571,25,0,0.018493473825427306
1731,36,0,0.014690315917205207
1051,992,0,0.024645171450062443
1577,93,1,0.45634184283872836
775,936,0,0.014181043877380058
1131,465,0,0.024940741335433628
1960,581,0,0.024337131586925267
500,968,0,0.02666397111213211
108,430,0,0.02957373330124697
959,106,0,0.04646617632323429
274,992,0,0.040864231499505806
334,834,1,0.030906032146963976
1419,799,0,0.020477549553803084
98,608,0,0.3556605660398593
1040,57,0,0.028289612537212065
1691,63,1,0.4972739364712508
1601,935,0,0.36243595730669176
321,501,0,0.02286316173376879
992,702,0,0.048402996555223045
972,204,0,0.026692054220893713
1321,971,0,0.059987086384479284
1662,155,0,0.05766889759883525
1731,284,0,0.059554569340066255
1899,399,0,0.026003579019864442
749,54,0,0.03853850740555164
280,430,0,0.029042989453069802
454,18,0,0.010546541825649233
695,351,0,0.39668846581574513
759,695,0,0.01049449912526498
425,884,0,0.03901143554170782
1124,842,0,0.057532622687267256
544,352,0,0.019617627524710374
667,812,1,0.3188691269538069
1245,81,0,0.05321565250342543
1530,799,0,0.0520896733386244
1287,966,0,0.03527581437935807
1471,352,1,0.38154136343400563
453,2,0,0.040662703409022026
1979,384,0,0.05299177456006317
1380,774,0,0.047914413775103755
498,938,0,0.047472170856400056
584,632,0,0.02507860368812579
596,758,0,0.42443722296733133
1883,637,0,0.011998540761797957
1972,529,0,0.05345008311590241
1610,468,0,0.3384598146526736
548,379,0,0.3728402315694117
1000,165,0,0.02842643785198709
1750,929,1,0.5330221266437074
794,832,0,0.05669213010415235
972,820,0,0.01944102330671296
524,623,0,0.05002654066803376
412,334,0,0.019109956554787734
1071,471,0,0.039887553765186615
140,561,0,0.01813453279935704
484,14,0,0.027823748465272358
1771,713,0,0.056717648737694394
1077,137,0,0.010281363522393597
287,358,0,0.04585236900302516
1819,599,0,0.36756233261534677
1207,77,0,0.041759499401843723
1552,136,0,0.0777333426057071
1371,311,0,0.04220319887962247
1939,79,0,0.04339466076876956
1254,840,1,0.5066929859757896
1358,13,0,0.26554562513790325
1139,958,1,0.7553660941184805
308,594,0,0.04550635247084265
137,924,0,0.020509937411270697
826,92,0,0.032983135920311116
1153,40,0,0.05017718982615257
1379,356,0,0.05878616140697708
293,472,0,0.027444807664279237
1844,742,0,0.05083548035229556
832,943,0,0.013243876962233399
838,347,0,0.06625586372835249
754,996,1,0.2004831015968435
978,32,0,0.45501221322614144
881,369,0,0.015615640284178913
1310,2,0,0.5873696199374238
952,950,0,0.010865377383876048
105,653,0,0.021996532150422368
690,311,0,0.052705456009679144
1922,36,0,0.2642530088710532
746,934,0,0.056528258219496065
62,953,0,0.0536817116202095
1688,363,0,0.4160299316831995
1252,313,0,0.05463266499782023
831,899,1,0.05697627285665431
430,679,0,0.024548133815584683
1421,17,0,0.03022251754239027
895,392,0,0.04939550789657434
398,163,0,0.03160453260208428
1911,839,1,0.47603404507946745
498,492,0,0.025838933632347176
1213,868,0,0.03129610716687506
36,585,0,0.015791302103191122
1048,712,0,0.02942417773630221
62,370,1,0.015984132732891107
1318,610,0,0.01875221853502165
864,91,0,0.019373975946219806
192,287,1,0.03177510966101913
510,382,0,0.032849999739210586
1731,65,1,0.38888383622916983
1156,937,0,0.470848013732463
1857,980,0,0.03677292935775666
1810,683,0,0.023110241389940413
167,942,0,0.013619049976534167
1579,977,0,0.04937910652442778
576,700,0,0.03128633638443816
1700,879,0,0.02475039234478648
982,466,0,0.05435757793966505
1860,427,0,0.4236117664363907
1770,566,0,0.0707253699687854
176,944,1,0.46157645801294267
946,136,0,0.0485768532354649
306,618,0,0.05763608385678717
516,303,0,0.05845633539908186
1356,702,0,0.050171113315328704
111,77,0,0.05946981307571024
874,510,0,0.03808357895671533
953,288,1,0.5307838388315301
1185,180,0,0.054445814281998337
1272,319,0,0.41680047900484574
554,999,0,0.43471383306579137
1516,63,0,0.03641673689549796
1979,801,0,0.05537577533949207
1430,143,0,0.05994504908743082
36,641,0,0.03615125907692312
1627,373,0,0.01933661081416104
1977,795,0,0.028750076180775186
1723,882,0,0.44457496722354006
1856,753,0,0.012738941186774684
954,599,0,0.04832253552437922
1211,716,1,0.4722224746373246
1782,467,0,0.2479948053232958
1208,839,0,0.045329420976471926
1379,86,0,0.40307737534444354
1956,616,0,0.015048498335220475
218,848,0,0.5481716933449354
1077,161,0,0.026940410138511006
1301,890,0,0.036404180913532876
1514,98,1,0.8156606537947221
1727,87,0,0.0426517965465198
650,781,0,0.013645405940839309
720,356,0,0.45915414538363925
478,917,1,0.04324483885551685
616,557,0,0.0121955000996498
106,196,1,0.7441091649081197
587,583,0,0.05390149490589819
1963,228,0,0.029043040294429577
536,793,0,0.021502129382781673
459,34,0,0.02846772374886993
900,756,0,0.05229609679400421
515,180,0,0.02019018140045211
1054,974,0,0.03424074553811766
623,619,0,0.037488950605888194
348,881,1,0.04662911610022772
1893,864,0,0.01767312135182074
1341,74,0,0.3511354887462332
1580,189,1,0.49518505744541075
1477,257,0,0.020099183630300756
314,385,0,0.39565728671468997
171,196,1,0.38601788548551214
66,516,0,0.014424378790457767
194,81,0,0.016811001337113357
1116,180,0,0.01250198905796921
1286,687,0,0.020902650572802207
1862,322,0,0.016251432595588224
564,991,0,0.011712857710528992
54,340,0,0.0532570183598624
653,634,1,0.05287920752273038
1322,906,0,0.5121718866761809
1080,659,0,0.04441148950880846
1413,54,0,0.013597844740546712
1951,906,0,0.036452758876779894
18,597,0,0.04939450885869997
1376,728,0,0.018068958286125897
1288,21,0,0.04831053915773982
475,374,0,0.04358868752849476
159,364,0,0.05496796860595635
1046,404,0,0.05721389174734749
1574,129,0,0.059275016354319046
71,283,0,0.02053665807695912
1842,106,1,0.4602782702689002
1725,868,0,0.013030569051356286
807,918,0,0.021509974253988713
1250,700,1,0.4038383595052838
955,374,0,0.04505483125722145
1524,452,0,0.41320881423334305
1762,464,0,0.234246663194137
1536,945,0,0.028136171938273516
139,271,0,0.5050239317132439
1760,521,0,0.030822429213592697
1293,184,0,0.02532093317053459
1928,536,0,0.0382077881463827
341,807,0,0.04211738476385251
1644,437,0,0.03521982624216659
125,883,0,0.05791417079436707
1699,900,0,0.04989204337082488
401,703,0,0.025259642390431096
729,42,0,0.031421109580132445
903,416,1,0.32824413069806047
658,283,0,0.0606747451869932
72,175,0,0.028350281875279278
0,223,0,0.019740634164555924
1580,336,0,0.028512913760116054
315,680,0,0.04591985906434808
447,710,0,0.4800575728258268
614,524,0,0.016746119904719237
1102,717,0,0.33136515776058284
1584,567,0,0.03571402327715805
1888,207,0,0.05050268985567676
1087,384,0,0.02758343442546215
970,512,0,0.021395179430851476
1065,503,0,0.051931208480744
54,762,0,0.044311489376831985
705,292,0,0.05201855480838255
146,982,0,0.01735560403755699
284,662,0,0.013123452549990363
420,681,0,0.041940617213462456
1850,638,1,0.03287520143614833
1291,331,0,0.04684102782757739
1568,994,0,0.04021321582362081
43,630,0,0.04818244610470874
253,978,0,0.03387983016518941
1341,506,0,0.051831685009571804
441,160,0,0.04241605078249429
1707,181,0,0.021645465573312248
1045,68,0,0.046138142431799624
1687,343,0,0.07717799669757393
1328,495,0,0.04249754325418457
1373,85,0,0.35850047662846635
831,133,0,0.015973770059719096
1693,197,0,0.4275329590995364
1003,372,0,0.05432441768388904
286,891,0,0.021011355045772145
1513,234,0,0.0171270956669509
201,469,0,0.014435292515388084
1286,433,0,0.05622087199296577
1063,688,0,0.03254575270314451
1492,338,0,0.042293414039620156
1008,159,1,0.5872919721047626
500,177,0,0.02505710946103553
1463,260,0,0.04403016646563487
1961,782,0,0.04841887748779823
1962,941,0,0.023026215658688665
986,355,0,0.014906140036558688
46,338,0,0.3998060888209333
1348,837,0,0.042445280502985655
1185,460,0,0.01876266779664323
175,45,0,0.02391057534607236
1369,293,0,0.017721431264419874
541,337,1,0.6031747044180302
585,899,0,0.025694025083260227
777,191,0,0.013546227430519722
1735,766,0,0.036351436551761866
848,488,0,0.03428446586344684
181,292,0,0.03359446455438435
782,113,0,0.4794210331806449
477,94,0,0.024115059077711394
464,728,0,0.04437506710068911
797,326,0,0.07755888941426638
1265,815,0,0.03568455218480265
1773,710,0,0.02314063601059843
1725,596,0,0.4675187099880765
1838,540,0,0.05937471091245407
541,880,1,0.49533537042331155
1646,278,0,0.04543293262474071
265,469,0,0.044040963053690596
1431,748,0,0.06689651629280752
757,819,0,0.05631199766982901
894,484,0,0.07534140438565044
73,453,0,0.43486705651280405
200,990,1,0.38438986643652984
1450,969,0,0.06867057424817742
1050,805,0,0.05664301544235268
469,348,0,0.05729288000109019
1217,17,0,0.6003841176004872
1843,460,0,0.011694814564087282
674,292,1,0.046803292149833434
1893,49,0,0.05012001126700935
1803,727,0,0.05197950640617146
1949,558,0,0.03312072090639946
1614,468,0,0.0518128712827782
1050,427,0,0.3560166475805992
232,192,0,0.02255194972663834
713,561,0,0.010112337807763336
467,133,0,0.45235958448021274
1199,244,0,0.0385385216566405
348,714,0,0.014217574077938331
1125,146,0,0.046716969612838624
229,413,1,0.04788866817553072
1304,589,0,0.01931367629838461
531,332,0,0.05424432632546071
252,178,0,0.023505446962959715
910,296,0,0.037344841105698065
510,171,0,0.05138904261314606
504,553,0,0.02144010211835447
1818,976,0,0.05579253054981988
1463,116,0,0.011794634242614108
1944,313,0,0.027700912312888203
1469,849,0,0.046302584565209574
1604,324,0,0.04459458156191486
1837,225,0,0.034403354503655004
470,481,0,0.048162317125141366
1639,929,1,0.023419449549965405
44,384,0,0.0359043754768592
1581,925,0,0.05878017875683954
442,918,1,0.031610584736934844
1400,146,0,0.05113595345240905
281,718,0,0.020598369411209204
1040,779,0,0.04809721134413646
1025,549,0,0.037938474282085535
1544,407,1,0.059307437154847174
1094,76,0,0.027465404052735565
1974,780,0,0.05490708989003274
516,955,1,0.46620746526529866
604,711,0,0.036128979554270156
165,180,0,0.057306199165335504
743,372,0,0.045504455663385124
622,637,0,0.012988138756021091
1034,514,0,0.04513287662941956
1240,1,0,0.37327724774174637
1540,160,0,0.04577269482373352
1203,238,0,0.04322815777372195
1948,93,0,0.030371084439367563
1157,230,0,0.04100371151400616
862,893,0,0.052092833316476975
1958,839,0,0.03497741254359514
192,340,0,0.05483709542339933
1720,418,0,0.5408481909119974
1573,400,0,0.060146664916496034
1881,503,0,0.050504373784383834
1039,329,0,0.4222971899643415
1892,244,0,0.04219505341278773
964,144,0,0.032900132469770714
1583,348,0,0.05101338721640379
1897,95,0,0.04639105665529976
1693,501,0,0.2549829666914409
1075,424,0,0.04026836355763409
642,108,0,0.050581188771781825
315,351,0,0.012692502436910943
629,425,0,0.05634332743580621
444,933,1,0.4457819754152881
669,653,0,0.020359505946500787
1342,953,0,0.04500328174933831
100,951,0,0.04960921744428998
173,890,0,0.010917202698894499
1119,236,0,0.02174166726673621
1919,391,0,0.05925592444302643
378,486,0,0.0228185951728875
1657,3,0,0.038484703488886725
1100,850,1,0.3923595193164457
1747,755,1,0.5461570646256664
1962,377,0,0.023646985590415143
1013,745,0,0.022022522522782625
576,68,0,0.5345609535077283
975,883,0,0.2705067526764219
1790,103,0,0.020717807520034787
989,199,0,0.05846064883827714
1082,67,0,0.01835204972399486
1588,528,0,0.020048637161808408
1876,187,0,0.041684843330448966
1386,954,0,0.02217476991963251
1319,987,0,0.057691346256709373
211,596,0,0.02994232603820394
1303,690,0,0.04765382091385117
1126,113,0,0.3540308914293802
1853,650,0,0.044570959724056725
790,686,0,0.03549238333349032
1825,257,0,0.05946290833668248
195,767,0,0.04521830063175732
27,702,0,0.05353917215584596
453,405,0,0.041311353680222054
366,796,0,0.018188462329967334
558,104,0,0.03992762327685515
265,379,0,0.05469340231713973
669,171,0,0.033729385135024506
110,194,0,0.03179892609960226
1974,601,1,0.4030835334373694
1037,662,0,0.024725476374352674
1469,673,0,0.7249836070616533
1195,495,0,0.04455605043810203
535,823,0,0.05956855921514438
1433,793,0,0.044017891388844974
1958,499,0,0.017689050661018113
181,177,0,0.04907523706628183
351,300,0,0.015751837834346354
1977,717,0,0.027404377195046924
1244,202,0,0.02745805308786082
1386,232,0,0.041840492697994856
192,35,0,0.016399386763245757
1800,282,0,0.025133339629680063
1780,812,0,0.05377714468087547
250,827,0,0.03059366813006157
887,206,0,0.0586718073057487
288,172,0,0.012959719455474375
1153,936,0,0.04741898184579131
789,76,0,0.04167088134191139
1659,925,0,0.04957540142629979
387,347,0,0.04240860424617793
261,861,0,0.36008831141340386
1949,513,0,0.3519673809830857
896,541,0,0.037883043215437465
1590,562,0,0.05273841011700288
1996,645,0,0.032131082137806875
754,526,0,0.048186444481982886
929,146,0,0.011677491336896663
1249,312,1,0.01085740011652104
1937,664,0,0.018578432544319207
1571,923,0,0.04489810673766621
1285,524,0,0.053909169753497396
1939,793,0,0.04909190565661795
1575,889,0,0.0468322304864504
858,283,0,0.026128367264273054
960,828,1,0.05497939409766075
676,672,1,0.6623344228243397
840,844,0,0.018736411684467377
1894,303,0,0.04655308068082941
828,968,1,0.03523186970270664
511,500,0,0.04311702332115511
1973,891,0,0.04414606096443382
146,169,1,0.38271644612831934
806,156,0,0.0445226965893596
340,117,0,0.07630544953802729
223,254,0,0.05497137429374639
200,800,0,0.0399210495826282
522,558,0,0.5140367732706734
1267,739,0,0.05211301059582475
1534,236,0,0.011414920466538605
1565,591,0,0.04643673864240019
1924,371,0,0.04920386975888017
395,46,0,0.03556292768251644
1589,125,0,0.018243499748812477
1815,299,0,0.04378265228077206
645,425,0,0.02450937223067766
344,763,0,0.02758710191946357
872,335,0,0.47413336461454814
792,422,0,0.016988586244977035
976,739,0,0.0389562260982569
1623,573,0,0.02064210146706827
1961,680,0,0.020685919323944663
623,480,0,0.05871167276483047
758,806,1,0.049540976462810575
1235,963,0,0.03832107989472689
1184,271,0,0.020826489375435693
531,205,0,0.03929407917969437
1807,148,0,0.022822233308074383
1830,340,0,0.04552837458554634
1161,425,0,0.044431896107210475
1654,464,0,0.03139624875464594
758,848,0,0.049374698429501325
307,191,0,0.011492831668590595
1655,572,0,0.019427593562968033
320,655,0,0.016445910656823333
1542,804,0,0.030341258250056263
1583,740,0,0.04367417886897798
1308,717,0,0.014498317298810483
210,171,0,0.04101467366101402
1500,461,0,0.013387334059432045
571,791,0,0.04554377153003236
1179,31,0,0.014498483263258307
199,37,0,0.41035782330350157
1426,322,0,0.01339058666613148
1362,971,0,0.03548128927593459
1869,687,0,0.04418793441052053
25,39,1,0.041464325531004854
343,190,0,0.04414035575480864
1649,377,0,0.037266476527119376
662,545,0,0.07661479361620399
1211,815,0,0.01367350651804536
734,790,0,0.03575539096972206
753,35,0,0.058380269587355996
1805,521,0,0.02623280205503522
1710,539,1,0.040559669735242054
370,572,0,0.04243166786818965
1125,616,0,0.04892137830554791
950,951,0,0.01902936650579842
790,317,0,0.436489169850775
1803,247,0,0.050562632762812615
1589,661,0,0.04057718388049149
1238,719,0,0.03105948025381055
613,780,0,0.06438255415744108
271,504,0,0.04600464750586215
680,882,0,0.058317464705399544
1698,219,0,0.05555433832691851
1023,745,0,0.01574626166760029
179,510,0,0.03650526614707766
822,833,0,0.03877991994045811
1187,677,0,0.013250667745927314
1401,53,0,0.03516744360076209
1117,536,0,0.8091798931167031
1172,486,0,0.046785320430977134
72,852,0,0.056877881493335856
1997,16,0,0.01037863243209097
581,773,0,0.029450956949693026
602,786,0,0.03699458966867418
651,206,0,0.06600052066287208
1324,412,0,0.05713268726493403
428,87,1,0.19174695097287636
1577,42,0,0.054161787953477994
1,863,0,0.012065237619151145
1573,55,0,0.07719504543987525
269,614,0,0.05075001206284918
471,533,0,0.0355729119840079
1060,7,0,0.020438126905161388
66,874,0,0.014657261657382572
1175,618,0,0.3377706148012311
1693,483,0,0.05946663410258837
7,260,1,0.33675662528178973
1892,192,0,0.037929358458811215
1842,529,1,0.4187427492276006
500,846,0,0.39686215096649874
1413,728,0,0.05974581413911194
1915,129,0,0.01877976413463883
550,125,0,0.04819846638912671
1243,694,0,0.014995766401131518
7,183,0,0.03562605444148503
548,640,0,0.02998294985822232
272,389,0,0.012380455198021452
1732,514,1,0.5440370238604783
211,710,0,0.4125474112242628
482,306,0,0.04163686568425358
1252,350,0,0.3753257484751213
1534,615,0,0.03770692135807348
1566,47,0,0.01995721614629103
662,511,0,0.0777289145519597
1865,879,0,0.07909153307141056
87,848,0,0.05930687624654982
1651,831,0,0.018215149460322374
219,308,0,0.015455227429546373
296,158,0,0.029277928023121694
1932,838,0,0.03144035768023519
1099,793,0,0.07678345425866323
1535,685,0,0.05429378256129093
1444,879,0,0.055412272704941035
867,850,0,0.016657807915397855
949,212,0,0.050455283893585993
977,872,0,0.01583305242239477
1640,701,0,0.011974778839113
1327,819,0,0.03564458759858548
317,737,0,0.013000727740262126
131,801,0,0.03570300593434269
379,186,0,0.024784260290251704
878,223,0,0.056505151510349565
1984,540,0,0.07177661584860416
330,404,0,0.04565330536571321
509,46,0,0.02485378822453251
1101,701,0,0.6412546261790202
1050,40,1,0.3468330406772908
712,907,0,0.011698833625062861
1622,258,0,0.046967037690809274
1929,123,0,0.029333800927943902
1874,952,0,0.32520386621375147
1917,907,0,0.03794870569255366
1923,87,0,0.027600146102641464
543,796,0,0.5539753864416413
1078,616,0,0.030597623726755264
263,645,0,0.04150555880557339
1968,110,0,0.03626461245972194
126,595,0,0.03312994090515488
796,800,0,0.041115910848656526
1714,82,0,0.039416503301784395
1349,373,0,0.02529272848002847
1039,337,1,0.05613605333368194
137,798,1,0.44422316975771714
82,506,0,0.03214882180457255
750,245,0,0.5805895935365578
487,70,0,0.33518799017072526
567,800,0,0.043228530847692084
980,551,0,0.03174518124464617
935,18,0,0.054973241019030644
783,402,0,0.022050833598316916
1249,239,0,0.030452825170539044
1067,980,0,0.025070107441929994
248,753,0,0.05072953587742509
1518,372,0,0.019725053794958702
1098,161,0,0.023786740914557333
1459,850,0,0.011055477887736328
291,354,0,0.03782418454930879
1357,632,0,0.047236337858958345
166,272,0,0.05053591215039097
1199,232,0,0.02670233835729452
233,873,0,0.03585588188775381
1202,283,1,0.49618827736002635
1143,401,0,0.026241841814107852
428,935,0,0.3660402948080213
865,920,0,0.047104424503802665
1385,775,0,0.039512627251838725
1712,987,0,0.026370037009454055
1122,872,0,0.04464252169523927
961,632,0,0.3232651754947346
291,467,0,0.026209998324610177
912,829,0,0.39036598337360023
746,577,0,0.02640487443083813
763,186,0,0.04802056310329265
1009,164,0,0.04867310163378554
147,758,0,0.041253275385538274
115,604,0,0.46544217512572117
471,925,0,0.01398112568682959
684,823,0,0.46985156303686104
31,1,0,0.016052818548202293
1093,860,0,0.05910052546869084
1760,39,0,0.058539814869883036
1988,449,0,0.06462449896103033
262,479,0,0.02609117288923502
909,284,0,0.021036468112434304
1152,284,0,0.0598124358828494
1045,855,0,0.514288624731197
1586,558,0,0.48451331275949655
1183,358,0,0.032874185077332224
1892,817,0,0.024729122854709067
1580,51,0,0.4179658521343112
1380,843,0,0.01943226945427867
513,263,0,0.040230682467772456
1641,963,0,0.030690814517655256
1767,980,0,0.031410345436977814
978,706,0,0.43316406381806616
973,346,0,0.03276285765591012
672,861,0,0.015908026470742815
1481,993,1,0.6044123065094584
835,501,0,0.014755404116496503
1030,388,0,0.032298112249064745
1122,180,0,0.04331186918669765
1288,367,1,0.6022693905302179
1444,934,0,0.07720838451288294
1986,519,0,0.04207115882169599
509,133,0,0.05478289788356546
571,730,0,0.012626872486476511
962,241,0,0.6825901048809713
841,425,0,0.021069244947542733
1398,665,0,0.05770011585180558
792,322,0,0.02730642893831963
1835,829,0,0.05743210878087903
598,562,0,0.0575666228768177
124,166,0,0.06773545179543658
29,783,1,0.39926181331873556
88,108,0,0.05445047718023009
232,1,0,0.06977792331557081
1968,275,1,0.19355050127641493
235,331,1,0.5267586837930448
600,565,1,0.29848681056705917
754,283,0,0.5640998071851197
140,200,0,0.014760904873232901
1768,960,0,0.048597875343876155
162,896,0,0.0380963457392338
254,559,0,0.05675974865867295
870,685,1,0.4182347591368977
1580,458,0,0.014245942869842189
739,164,0,0.017590030383290003
751,451,0,0.044737076458040335
481,298,0,0.02617137431659171
1275,949,0,0.044115283641941706
163,532,0,0.021671375715064074
132,798,0,0.05667216176870909
1003,83,0,0.02483778333558761
1368,334,0,0.053030040901539115
1634,119,0,0.07478487975664179
637,347,0,0.020345862823295778
1487,11,0,0.0322175465308004
1114,648,0,0.03783048990496625
1982,522,0,0.05407880391247833
1359,416,1,0.027357011485772242
1441,256,0,0.026740803283233604
1526,287,0,0.057380608200779476
1588,292,0,0.010507628305098429
859,450,0,0.06272977910557175
1615,874,0,0.013386984130216703
800,893,0,0.013317212840885308
1513,398,1,0.4620085992498815
1701,592,0,0.06915973516097103
906,729,0,0.0667414186973611
1887,384,0,0.0504096226311335
1847,752,0,0.025088243563505187
446,845,0,0.02879292152976933
1656,132,0,0.030260595896789373
414,520,0,0.299623559673092
511,623,1,0.45272942090420226
208,625,1,0.5240599281501276
1397,708,1,0.6786981507325086
426,172,0,0.4696359231706473
575,70,0,0.022969604366272846
1596,364,0,0.0180483095594505
1238,305,0,0.0434255197864035
241,188,0,0.0571603380495738
972,921,0,0.0481058138100765
1774,390,1,0.5624502539866778
1282,882,0,0.05586028843214052
648,712,0,0.04673390296653676
1146,949,0,0.013754416389814846
1566,664,0,0.010933900088611745
599,418,0,0.03565844458602416
326,696,0,0.051335256038758936
121,476,0,0.05338664198491943
914,137,0,0.013287147044208017
203,305,0,0.4918826499308648
459,831,0,0.05817637351643843
1229,767,0,0.023312462633818115
1360,307,0,0.05360328549102145
1831,160,1,0.5350191709944989
383,854,0,0.0508711693743353
83,80,0,0.05564457601447986
1852,140,0,0.05978761454282156
132,490,0,0.365606768890345
1203,981,0,0.07318347257007096
601,888,0,0.02635554474374103
1004,249,0,0.035586517801133505
177,527,0,0.0470290398611976
1034,66,0,0.010407415638607856
587,627,0,0.010420614501110276
1598,61,0,0.03644313461036718
1876,180,0,0.028838286742337245
73,555,0,0.3919388836413833
1747,169,0,0.019515761295439846
1624,257,1,0.5323679808711461
88,520,0,0.050244210945738804
1371,951,0,0.04946870854781402
230,319,0,0.010254933960972537
1677,674,0,0.43380183510703324
1046,249,0,0.02784314634038044
1354,517,0,0.04237365388123121
1672,674,0,0.047617919004357405
1265,778,0,0.03569821855393924
1561,666,0,0.06252325756081654
1772,77,0,0.03055712475121048
779,935,0,0.04589224974046363
1147,699,0,0.05459581495559874
299,181,0,0.025542266975510756
1690,716,0,0.01828162614543747
1966,395,0,0.034794283984242926
1715,859,0,0.034957636797470396
1275,412,0,0.02427809030158426
1211,735,0,0.03627495537845307
212,17,1,0.054850572312438714
1368,748,0,0.03758977191026984
1796,639,0,0.0601551597085462
1162,964,1,0.49683034229436507
1449,776,0,0.01847328007923394
756,544,0,0.01770665383151303
1944,361,0,0.05752492804560946
1309,451,0,0.030751411874413263
672,318,0,0.0348242431674191
1645,880,0,0.021402491802992658
511,146,0,0.02201475377758686
1558,817,0,0.06312260350564476
207,150,1,0.3800788769877732
18,976,0,0.03270905374822129
173,771,0,0.04432856225758305
75,105,0,0.016025256970104502
333,656,1,0.5877638074322676
633,58,0,0.01962349694556343
432,520,0,0.053592334107598755
1245,959,0,0.05683826241717266
1593,640,0,0.03296624418493703
1929,272,0,0.04451945656291932
410,776,0,0.03971101046101908
1868,83,0,0.05447027838058881
1667,212,0,0.35878220432078783
671,714,1,0.3727923788953861
1838,281,1,0.43102043455098693
1701,784,0,0.04419105326521012
1336,634,0,0.03459662094682507
896,825,0,0.022921666576021946
698,85,0,0.04648328551917909
669,136,0,0.0437787472915221
1534,586,0,0.046467810961833104
1197,884,0,0.04405384667927364
900,222,0,0.049787031865022535
1805,811,0,0.04885250468196857
122,318,0,0.05002410684269602
136,793,0,0.030890416107806053
244,313,0,0.01671601196198202
1260,403,0,0.027204129929486946
11,651,0,0.3740693713226296
1971,558,0,0.019960033388093948
413,633,0,0.06459564549830031
1305,717,0,0.012508674166718971
650,457,1,0.6316690619481773
567,478,1,0.4066001740357172
1569,296,0,0.2676085380558457
1265,57,0,0.04951810342179893
496,253,0,0.03016352026797433
1210,769,0,0.030116188618278333
1363,580,0,0.050881478244931624
1319,354,0,0.5008984538178176
1993,917,0,0.011340653773609967
1645,209,0,0.020202948554282115
1801,286,0,0.03969187544023462
1406,30,0,0.06477612253453861
1141,294,0,0.5050674735130131
294,479,0,0.042602028471804006
296,391,0,0.010159981023957695
1787,363,0,0.07100432894885025
653,472,0,0.021439839598368156
361,341,0,0.03483580391630724
1996,358,0,0.02755678096882682
204,981,0,0.018391742994937677
1248,929,0,0.05091391871254562
1574,847,0,0.3068853556956493
28,507,0,0.0541579066277239
1754,76,0,0.04213987247325653
792,759,0,0.028389368085602697
1166,354,0,0.01651390215012424
1340,494,0,0.03385678147804535
188,817,0,0.04075632055788487
1425,88,0,0.33200974034532515
272,722,0,0.048958908761244445
125,229,0,0.035672053272268356
653,580,0,0.028652801581156503
134,948,1,0.03292889766741794
263,695,0,0.034057865187456085
1105,89,0,0.049709319145203316
1755,641,0,0.034190060876383245
1361,662,0,0.01564393163486122
1877,973,0,0.04586724835151416
1383,249,0,0.029423570466641145
521,734,1,0.4987483496014042
855,732,0,0.05632897799054731
1218,537,1,0.7313276159439129
885,246,0,0.051896776892279645
889,986,0,0.04457537532561542
244,659,0,0.013337955817454774
1842,365,0,0.015948950376964463
105,500,0,0.033416179621875444
897,18,0,0.030487218436364094
839,724,0,0.03797666664270243
1758,359,0,0.011059657075996645
1930,466,0,0.031734914870124926
947,891,0,0.05656390854425937
630,19,0,0.5344502814507752
1543,237,0,0.02403283741473853
471,284,0,0.03198711351597304
1814,426,0,0.03073702695447527
1,944,0,0.013334143851429166
779,846,0,0.044452748751017304
693,935,1,0.5240716146521229
1152,332,0,0.04092873379551023
124,975,0,0.07647634325038952
1199,90,0,0.028907045039779297
1871,508,0,0.041058006964391894
1279,361,0,0.04859887871542453
705,795,0,0.0407243185226607
623,67,0,0.017074723422274188
531,377,0,0.046154850312005447
571,568,0,0.46036793073808246
986,963,0,0.045826940209080284
1871,781,0,0.07982171837271551
697,728,0,0.06677288841590852
1578,202,0,0.017992297267151455
1798,913,0,0.029531162287787238
11,838,0,0.3992568733918078
308,304,0,0.0325201256906764
305,605,0,0.057085421059066506
1960,428,0,0.04255066706755883
1626,296,0,0.0363741243639595
1279,163,0,0.024455138867937033
1450,966,0,0.012201599344229134
571,949,0,0.023582764603065798
135,338,0,0.017897570517942316
542,149,0,0.05712894873836493
1729,74,0,0.05265922311792
993,958,0,0.07742455861886026
877,70,1,0.49194531163391325
443,547,0,0.039856225241016674
109,998,1,0.45571436972549145
20,207,0,0.04409082160636551
1029,95,0,0.047782281122584466
1034,452,0,0.03910603898469719
219,158,1,0.2867088591808006
1645,975,0,0.04612459297152049
479,905,0,0.0205249835324069
337,478,0,0.06955957542729206
1355,189,1,0.6255174108244034
1999,734,0,0.050469820805034156
1851,709,1,0.3978305034830952
618,105,0,0.01873788686129174
1483,346,1,0.052487757275828995
1423,672,0,0.47120686821389385
676,152,0,0.012595015481926843
1321,545,0,0.03148708771240195
354,520,0,0.017163431190704216
1057,809,0,0.012721070694404084
1265,126,0,0.05398097668521175
1645,778,0,0.039441014328481155
1415,621,0,0.02109758714128359
324,698,0,0.01800265438608735
224,611,1,0.5722499178607451
1744,305,0,0.017371430319442372
1303,612,0,0.03860433804927788
1879,667,0,0.05824164089235319
1296,525,0,0.02004192967045148
1051,227,0,0.55040983473137
230,489,0,0.046907409781961694
837,774,0,0.07102808493031763
1414,188,0,0.07504958986264812
347,308,0,0.01512257225648398
488,949,0,0.01937025697542811
1033,126,0,0.031082844992503682
1457,691,0,0.04258629704446145
1327,442,1,0.4591437812500115
1637,565,1,0.46019270242963706
244,444,0,0.030459760687436645
1480,103,0,0.013131564492406426
833,839,0,0.013579514269214527
1408,19,0,0.012716398389443136
1656,466,0,0.053587414908520446
1917,125,0,0.05170176232870871
1028,538,0,0.42239545493677827
4,346,0,0.07991502364121413
787,967,0,0.04909883391375974
493,957,0,0.04831833764080682
1517,915,0,0.010081780437373558
289,118,0,0.01010123183401244
500,572,0,0.012900751215434034
1428,684,0,0.021729495078931033
940,678,0,0.06363441600892639
290,100,0,0.42425846741397727
173,233,0,0.02522584517075354
39,761,0,0.01582712547946448
65,201,0,0.012220324996425166
341,746,0,0.016107809077753322
601,155,0,0.03241405690858607
1243,813,1,0.4083065169580783
966,209,1,0.46861441171192786
633,458,0,0.03964612361719551
765,405,1,0.07645725740360994
1649,593,1,0.3686772007958113
1188,36,0,0.04874239664395608
211,650,1,0.35582716529740765
1931,809,0,0.04661919361772949
345,260,0,0.010726946666656176
219,259,0,0.026429224846827262
1667,528,0,0.059765445909711834
1100,339,0,0.021931211141302837
1463,841,0,0.05270001547397894
1394,914,0,0.012984581447498497
630,34,1,0.04554709618050382
1320,936,0,0.3998079021808896
660,793,0,0.05429850843371739
893,763,0,0.030184859578151937
880,638,1,0.4552469947165115
548,92,1,0.45855171322864197
1978,980,0,0.06586471050941572
1588,673,0,0.02957853252660618
1637,83,1,0.4933819778026315
766,624,0,0.011384044073809283
1024,353,0,0.02762093743218829
1424,232,0,0.3022550474220971
568,742,0,0.023092053245915258
1259,466,0,0.011855402622985414
260,333,0,0.07564836637336712
1769,914,0,0.07239371773621583
312,318,0,0.054540159407369684
1745,668,0,0.018193225048681247
1553,668,1,0.05571824512262251
678,178,0,0.055679732384345156
910,720,0,0.048510213109898524
1591,954,0,0.05378474205120542
570,944,0,0.020178592251772494
1542,467,0,0.050195813707303985
1618,158,0,0.2646044257451271
1508,984,0,0.05002843899775136
516,380,0,0.05815033068683054
728,377,1,0.06338015099735794
1891,944,1,0.03020819151354319
1904,979,0,0.04825569156278253
252,94,0,0.03751082560267969
1634,649,0,0.012601302052025535
1155,536,1,0.4574289019098591
583,563,0,0.01570132886796918
83,847,0,0.052876616348476776
1168,213,0,0.05530981693602283
1063,772,0,0.04307895652825318
323,760,0,0.04767649598467576
1888,776,0,0.044939818569918355
104,637,0,0.3274235195976417
58,528,0,0.02499440798152954
1859,190,0,0.033040855137127734
1849,623,0,0.05170561487911983
1515,72,1,0.4216105734952233
1019,464,0,0.04583717280923841
1939,273,1,0.34813989925927036
1826,718,0,0.05594276610670644
1679,585,0,0.7273685934382981
1001,317,0,0.04180470562182906
1874,852,0,0.05193092091374783
1031,501,0,0.03741847324241051
641,830,0,0.4676657356863574
1014,396,0,0.030114004777961605
1044,939,1,0.07436113633282428
223,562,0,0.019311235249070004
379,911,0,0.389454552289319
1259,629,0,0.05448876833100096
1880,28,0,0.017233651563453353
276,245,0,0.025638283030071714
927,276,0,0.4021063779346948
1209,67,0,0.05010665203711561
1173,17,0,0.058399710347446045
1210,153,0,0.05992991503277317
1209,123,1,0.019700165308566782
265,404,0,0.025186120034441956
1319,697,0,0.054137223306337634
308,66,0,0.028276902816117624
1348,213,0,0.061528741510186016
489,843,0,0.03539616274147288
1638,904,0,0.03149422049672904
413,786,0,0.07339347222392975
185,157,0,0.05813272590731781
974,759,0,0.05800919922904733
1038,668,1,0.028464189674960734
1832,29,1,0.4709344972947994
1584,36,0,0.02270611302888716
1682,25,0,0.05652153823327183
346,503,0,0.031163314830892075
627,73,0,0.264822781546253
1715,72,0,0.36012894917242966
1373,756,0,0.028955554548436103
274,492,0,0.017529819578497842
1120,599,0,0.022479607100576754
370,729,0,0.03582864392966724
1483,818,0,0.030505114737531584
700,116,1,0.053385213029016415
460,579,0,0.02901648060610556
839,976,0,0.2677475480506819
304,531,0,0.02149981550097615
419,707,0,0.052194140473195594
1361,323,0,0.01814653662767233
1711,926,0,0.01937621587412341
716,836,0,0.02863798224062234
1928,814,1,0.5498380919650118
1036,958,1,0.020696612359484758
471,528,1,0.6114337930393006
39,484,0,0.018574072219282332
199,144,1,0.4134136323462761
1210,733,0,0.02927256131370755
1523,389,0,0.04532086572753097
454,793,0,0.04334549132585607
1991,915,0,0.013498950115894833
1331,948,0,0.023537936404481735
1595,386,0,0.05555641022970788
0,29,0,0.018186865857078974
1909,35,0,0.037404340863467334
678,637,0,0.031508648267456606
944,396,0,0.3212484893324354
262,232,0,0.06852837536559726
1153,585,0,0.5805271835989809
1406,489,0,0.06907364666717565
1112,138,0,0.014780499447286995
1821,35,0,0.04955975931460625
208,955,0,0.040739287982841946
651,371,0,0.04401714000550699
987,226,0,0.012493251970658533
1734,434,0,0.011154078313542039
185,753,0,0.012573511838494691
847,520,0,0.024598009497110745
981,360,0,0.04465518470847412
909,10,0,0.032413354933476475
1282,701,0,0.0558320192343347
741,220,1,0.5163295366525007
120,927,0,0.032539269700608685
537,613,0,0.012469002191064317
162,829,0,0.014912761230327712
1686,972,0,0.051132295857990034
199,714,1,0.5727643482370371
657,130,0,0.013833801066057968
1767,42,0,0.04939801807328596
1143,833,0,0.03000214846136587
1998,610,0,0.013407509607715393
111,149,0,0.01653501475160704
1137,337,0,0.01591194080911082
1443,246,0,0.37763679868662003
1133,295,0,0.03551410776043195
224,717,0,0.414815259790887
1807,181,0,0.011522544234034057
513,727,0,0.04025733822601164
1688,316,0,0.03000737481452046
1223,67,0,0.023996494077339794
607,100,0,0.05254965001226967
998,353,0,0.022579445586584895
456,175,0,0.024329808507844365
643,196,0,0.05808922163447769
1224,212,0,0.32463593328022733
429,132,0,0.03833240562612238
530,797,0,0.054197001245415564
1636,479,0,0.39632602414904117
1090,211,0,0.050423309412641934
1384,985,0,0.03700690480914088
1524,356,0,0.05682188514897713
679,656,0,0.03962993130687905
1560,938,0,0.010551157077669873
726,728,0,0.3973855597244052
1318,786,0,0.05793057162535661
1077,553,0,0.01614793933478121
30,933,0,0.061129137727475434
1741,773,1,0.43325538290964594
1925,115,0,0.033803957811547124
405,866,0,0.03331793541506163
930,477,0,0.032048315510818146
1489,543,1,0.321883558305395
11,964,1,0.4825311519357863
674,848,0,0.04659179364879109
482,189,0,0.01010090250838667
549,721,0,0.032404107933972345
513,180,0,0.014711359369211743
1591,113,0,0.011534639989503694
1022,35,0,0.020607114885435925
1084,576,0,0.030677088416880598
1926,458,0,0.41299177512519203
333,474,0,0.03592068437679581
70,132,0,0.04533810421860828
1763,602,1,0.33575063325943266
9,308,1,0.04631029763453625
129,200,0,0.444126662240685
1539,443,0,0.01939995714606307
256,806,0,0.011274048502942854
1357,564,0,0.010249128186100217
1380,357,0,0.040508992984024786
870,263,0,0.017826386854976235
577,713,0,0.034469311098501765
240,887,0,0.026376410728405304
1073,61,0,0.061001957513534495
1189,415,0,0.05874822403246622
1485,438,0,0.032733526259275156
423,400,0,0.04222132640429146
1348,573,0,0.031461144860709986
623,611,0,0.0433673515470656
1634,899,0,0.02722912837962859
1462,349,0,0.016709810399886962
1792,555,1,0.3766238400542548
1150,282,0,0.03606453713441535
1722,67,0,0.035516744453199994
527,75,1,0.46109352988716285
1054,449,0,0.015018214023197475
1502,836,0,0.05867932145219275
1765,244,0,0.027730896823650722
541,536,0,0.5612721107075628
534,303,0,0.02385147611158648
1554,58,0,0.07251972764206979
546,658,0,0.051304504833177694
754,419,0,0.02830979975151015
1452,683,1,0.3692585773105903
292,133,0,0.029253803902089377
1761,460,0,0.04314718881171992
1986,700,0,0.04707917627018345
41,908,0,0.011521057065605758
1611,810,0,0.3873952876536744
1851,464,0,0.030276818952202217
325,289,1,0.029750581181739094
1406,854,0,0.02335121967342213
1744,423,0,0.013069977384523148
467,870,0,0.018945155520216223
474,781,0,0.0482858283573218
718,506,0,0.042252991725969066
1796,452,0,0.07312638407952102
1441,726,0,0.01913337857109485
1944,813,0,0.051267328007963846
1489,602,0,0.027692916886572487
1811,295,0,0.013623140372057776
149,825,0,0.05485221117231437
497,241,0,0.028057729408712255
1171,692,0,0.04008124228803003
154,664,0,0.3086917377024349
495,267,1,0.07783439444530055
798,913,0,0.045088460847686446
138,66,1,0.056173963898094266
821,445,0,0.041845200019211964
730,718,0,0.031249034059716997
1133,981,0,0.031066198776768153
1103,434,0,0.04944700463095831
58,70,0,0.011958723212538982
1347,736,0,0.014419967556554454
392,26,0,0.03584561562913087
1107,584,0,0.04476851222631405
66,845,0,0.02707830699902595
807,379,0,0.3744680422460222
271,136,0,0.02072057190905581
1457,501,0,0.04480061189101228
1515,907,0,0.02936588864343797
1510,745,0,0.03171854792233718
168,606,0,0.02396769756403095
1090,509,0,0.4048505652291523
1605,263,0,0.02007794658170059
1288,105,0,0.2513746349965537
1773,464,0,0.03795417138056473
1652,523,0,0.27949148919175865
1056,927,0,0.04297312893462536
355,98,0,0.0518804919831314
19,161,0,0.4259982557538273
98,588,1,0.03570358327314069
1564,267,0,0.026610032095586614
179,53,0,0.012146116367628704
1309,152,0,0.0336774716678422
472,614,0,0.018173090044801398
1660,156,0,0.03923438350512175
1264,341,0,0.07919517775127734
1222,399,0,0.02070105081843128
482,112,0,0.03719534745656251
1400,616,0,0.06319525276759905
1262,760,0,0.6615178790095277
122,95,0,0.030441531237865603
663,823,0,0.01514535168575566
1815,502,0,0.037044522903932925
720,359,0,0.39956670216131773
645,549,0,0.42780546219940013
638,502,0,0.056024613280142604
384,649,0,0.4255001452637831
1211,63,0,0.3221857724395232
1106,80,0,0.02602089411829079
1257,794,0,0.05589475029136715
432,565,0,0.027472999423122556
969,80,0,0.027864656502718688
1102,53,0,0.3395614213995015
1859,507,0,0.04282203826227815
600,772,0,0.6486911762013994
1903,197,0,0.01468704383285544
1211,805,1,0.31417607189860175
474,676,0,0.3974965380640984
1008,360,0,0.35569011468753414
726,267,1,0.05855938231926967
1938,913,0,0.022162836111768832
698,148,0,0.055894644147751166
335,529,0,0.018726265707443925
700,232,1,0.38150766016508103
1196,294,0,0.05818644265312568
951,597,0,0.027159445388725757
1233,458,0,0.03660259081795162
1782,863,0,0.022401488373831897
1746,445,0,0.026212159245389888
898,464,0,0.049913493401975234
28,230,0,0.049935048993844544
617,605,0,0.07863976987261513
264,55,0,0.013947491279671256
516,631,0,0.03137379657574228
1975,115,0,0.04485215959265112
1618,610,0,0.3877228498874787
1752,88,0,0.04535344229145898
1712,15,0,0.057596778216547476
1348,52,0,0.0745450375900849
687,348,0,0.5093356104025979
654,324,0,0.020884077559645692
588,392,0,0.049194535234608955
52,425,0,0.012548105964937153
1595,43,0,0.01939333115079991
1162,661,0,0.016137926402361537
17,264,0,0.02236476863646072
30,484,0,0.0472870782192491
58,983,0,0.012260948492260134
1980,437,1,0.6287852434909474
504,793,0,0.3141099665042945
1986,730,0,0.058397197711802774
920,282,0,0.03258397148861016
745,978,0,0.0409022012241234
1828,812,0,0.055694679374345975
634,269,0,0.05861574417457009
1166,107,0,0.017525265861307177
536,592,0,0.016334462874010715
1361,429,0,0.018458190636382397
1609,943,0,0.028533741445060497
1509,234,0,0.04531291376730905
103,603,0,0.056218887072717556
1065,379,0,0.02039275299832464
389,258,0,0.05608093591687317
374,634,0,0.01852772152272452
437,830,1,0.025389852911390516
1860,541,0,0.45414106515971553
293,265,0,0.03005624857847935
1996,908,0,0.04179231961345444
230,168,0,0.03984410873570256
1423,354,0,0.6343895553328633
1007,842,0,0.03462085578437295
868,598,0,0.016872421374341556
1876,57,0,0.05837684727710166
895,470,0,0.05633233246746095
175,207,0,0.05737533788638512
1148,725,0,0.014414180583096022
149,224,0,0.05120515832140598
1452,146,0,0.04271175062520685
1525,104,0,0.014099143457920207
297,253,0,0.01829633473337803
859,298,0,0.010499255638186197
1290,86,0,0.040506950012152224
1790,921,0,0.043658476089241
52,865,0,0.019803806925890285
19,853,0,0.3625952348394799
1418,567,0,0.01192823395520705
948,84,0,0.025438371411346493
685,729,0,0.04050773866788774
1211,241,0,0.029760428468025367
1244,207,0,0.07328698628177098
1997,448,0,0.012615179710736009
150,322,0,0.019093633179422642
47,335,1,0.0718848823357057
773,584,1,0.5689259670325337
1700,296,0,0.0414115498545634
943,976,0,0.034040001883244006
562,341,0,0.016776757401509336
547,705,1,0.4476620954364401
496,412,0,0.07910720161257861
1103,608,0,0.03696031633620447
1578,236,0,0.019713520901957007
137,889,0,0.3354604180521693
1531,320,0,0.021604874435950362
35,761,1,0.4847936885533047
1180,75,0,0.07863209331415778
1777,597,0,0.010334433530074951
339,720,0,0.02137484940600048
1959,890,0,0.06582049885384178
69,829,0,0.06482948200264989
488,85,0,0.030198124083394097
393,98,0,0.05688859827642688
637,753,0,0.044691485329963344
1322,415,0,0.013306846606756602
195,759,0,0.6655008837759643
1385,762,0,0.011954459542663894
412,204,0,0.018476280917771672
1490,118,0,0.021859383367948782
14,801,0,0.02641736384134627
142,195,0,0.0433973833254474
452,814,0,0.037651733889341274
1530,334,0,0.01803125531618388
1536,121,0,0.0410114514266109
1788,451,0,0.02366770554464075
1664,378,0,0.025076297131098036
1211,898,0,0.05195034922421295
960,147,0,0.2539882038285417
1471,143,0,0.0454321256177268
899,786,0,0.058425992981284786
1948,848,0,0.03245053027282333
1928,409,0,0.03661463780951856
1033,167,0,0.029703508128623247
1510,311,1,0.4682343529213913
1186,949,0,0.011692869440988992
1971,972,0,0.044120196574061424
1950,883,0,0.055598638193972455
1250,314,0,0.05941081617778628
352,844,0,0.053971467061488296
745,924,0,0.05368617027633681
1466,952,0,0.04841939608426534
1003,355,0,0.44023873752777803
1954,467,0,0.014058946101753601
1595,59,0,0.056207598761940356
754,988,0,0.01693930123944655
1538,661,0,0.040926664513951945
1904,939,0,0.011155444910788171
590,784,0,0.014019675696054942
1741,390,0,0.04105865325963708
1105,73,0,0.05343210638157484
1089,162,0,0.014875298812456092
131,829,0,0.010889038857958236
125,215,0,0.034319289965172625
1320,763,0,0.01157782873341969
580,176,0,0.5330070254294829
1016,772,0,0.06555726503465767
641,574,0,0.027807259371201175
1861,574,0,0.04230831300280425
1324,159,0,0.013190570049685043
1213,563,0,0.036439362521757335
879,744,0,0.07419526083241865
1077,642,0,0.041725593863424025
612,156,0,0.014296654443896925
248,932,0,0.04476956014312002
1596,71,0,0.0364466432278555
1180,355,0,0.02449720310405558
420,482,0,0.01306075787218186
1371,603,1,0.04751720629186099
362,842,0,0.06325285990050783
76,716,0,0.014008021633198694
1961,395,0,0.027779785793770655
208,633,1,0.4727649867463552
1112,824,0,0.3942414562368061
417,128,0,0.02970377254918216
1695,974,0,0.054228088505332055
1621,308,0,0.056039870179586
1918,75,0,0.04423922591148193
541,700,0,0.047974668544819875
875,748,0,0.02021259440141598
1599,95,0,0.03549396732940331
1083,449,0,0.33547588637294995
197,737,0,0.045535859445817985
206,711,0,0.012158144504388726
414,242,0,0.019864534406845706
1886,969,0,0.020982945349515832
1073,728,0,0.025408380148281777
959,63,0,0.03844613067176201
1278,7,0,0.07411990972993401
1936,614,0,0.031490956511774
1572,705,0,0.03190974052721744
1191,947,0,0.05042588060891867
1613,367,0,0.06200889980107389
1039,994,0,0.051640284757393226
1894,294,0,0.043654405362977114
1289,945,0,0.030895391097055996
460,830,0,0.049078712004909965
1827,807,1,0.3513119040889869
47,770,0,0.029981279916698418
586,848,0,0.058904441903282534
319,441,0,0.0572257575797207
1669,115,0,0.010199530650902996
175,108,0,0.018459840359111298
393,78,0,0.024215069733655507
1536,165,0,0.039193722729055705
1403,889,1,0.36637248774151726
486,605,0,0.01198840820740766
490,660,0,0.05054552856132247
203,737,0,0.05507943882423767
1838,729,0,0.4296892551511119
12,630,0,0.011210498758327378
412,781,0,0.014952451865326169
698,777,0,0.0559102828159065
283,218,0,0.017354908046761753
762,435,0,0.056380626074218475
78,973,0,0.018289725376179095
758,41,1,0.4628185951577487
1275,303,0,0.019441005169596147
1274,715,1,0.4321487938313379
38,63,0,0.016398524674209786
1864,616,0,0.013083042098088537
1708,930,0,0.05424109490101414
1473,614,0,0.05128334405361759
858,367,0,0.03555145484908677
39,747,0,0.01205989463926699
813,132,0,0.010565845673612125
702,363,0,0.026666252642898763
1776,807,0,0.04451458270544673
395,249,0,0.04841833078607468
1922,6,0,0.04750193842064026
892,279,0,0.07356022437098514
934,943,0,0.05198022743988411
1845,905,0,0.04295811335604462
1239,39,0,0.03517712276728412
408,62,0,0.010335085136977342
364,789,1,0.6904447615966381
1434,490,0,0.041444266078792535
1602,444,0,0.05148066223680091
1909,531,0,0.023802764514583703
1919,635,0,0.03408259325571146
774,546,0,0.06306255529597693
1557,513,0,0.05607346229358702
697,574,0,0.05351601038929258
723,747,0,0.032926714896396266
1950,763,0,0.05928314844587411
1800,444,0,0.017877336387940698
434,876,0,0.03205068346904215
785,63,0,0.04392549439626102
654,605,1,0.7928303799688253
683,894,0,0.03505307530456991
819,846,0,0.026508401021247928
339,242,0,0.0590048365294204
1772,730,0,0.02801475991633289
1946,641,0,0.05850404057440663
1467,530,1,0.4095695903337372
502,471,0,0.24627928568946683
1366,334,1,0.39226603336046806
1930,479,0,0.03449080224918963
621,330,1,0.4093225203534339
1022,916,0,0.024432865337091037
1921,933,0,0.02593845972570711
1036,552,0,0.02347625298216819
233,185,0,0.03338575998805755
1153,81,0,0.5130281567634494
823,371,1,0.36545558476881074
727,593,0,0.062277143933535714
1066,772,0,0.05758540033060416
878,701,1,0.5311471686686174
1129,488,0,0.04560419196683237
275,370,1,0.5776705236837623
675,328,0,0.013606046047242536
643,851,1,0.024500520724212535
143,435,1,0.3341899215907465
1327,758,0,0.023453764431933366
1653,907,0,0.02384820688676195
1731,424,0,0.048079963843835116
857,857,0,0.013120541670593205
965,739,0,0.06923956464434787
320,632,0,0.47182745380626906
1368,219,0,0.012396356318393927
97,87,0,0.03172613939586295
8,558,0,0.04962621784741871
920,12,0,0.05993134826014645
1597,487,0,0.01967247598573876
624,738,0,0.05208844286061555
485,924,0,0.050092148172754966
811,916,0,0.04232331749299428
1757,592,1,0.07436776045545493
1207,532,1,0.04054985242979112
981,979,0,0.04815746171986083
37,200,0,0.025818071572324984
1108,129,0,0.020876679478511323
1521,623,0,0.05057808440895351
1842,202,0,0.056656545379845435
1660,715,0,0.020999014980430636
819,14,0,0.05778236839346652
774,756,0,0.03839862344312105
1271,935,0,0.022049456370912403
230,353,0,0.039772936439021495
1408,303,0,0.013705686776990524
572,58,1,0.054169065960242034
1955,454,0,0.2548133513657305
1444,225,0,0.012654706728364731
452,83,0,0.05227161505556242
1682,507,0,0.015797668946562593
856,42,0,0.011792753923868415
1935,334,0,0.04463782487564626
391,145,0,0.02880110972507402
1011,473,0,0.016230475489687892
713,54,0,0.045071970880431356
567,854,0,0.4738464442529598
128,362,0,0.05810234859683204
1983,299,0,0.026653270022619198
560,712,0,0.025610775385307698
864,13,0,0.33056972275269203
180,180,0,0.05441244023592219
1737,940,0,0.06334166438361663
412,144,0,0.04012169773245647
1882,854,0,0.054694064158224594
988,616,0,0.05587248419166391
1638,402,0,0.032926590340435526
51,553,0,0.01485338593838205
464,991,0,0.016272457329680735
800,425,0,0.5437584808114242
1818,589,0,0.03598827010224466
1223,159,0,0.2233233112211824
1042,212,0,0.01904621327162282
1902,540,1,0.4137961443922454
363,980,0,0.040606604360451534
1832,526,0,0.04628997237544369
392,219,0,0.02053283207237009
1576,218,0,0.025795286789342044
1508,258,0,0.013279414751099132
1798,872,0,0.019778389955925423
1214,806,0,0.04930787994501346
227,393,0,0.047761105181920775
1709,791,0,0.017616582961887305
984,926,1,0.5729520477298847
605,680,0,0.04515710389197552
791,513,0,0.025578687995956896
1579,696,0,0.04096931941648363
1282,769,0,0.02140099767189373
1761,720,0,0.020537344407607676
1227,255,0,0.020441089402830195
39,27,0,0.016176639215315404
1828,627,0,0.03206758938871064
690,42,0,0.061424365644938056
345,831,0,0.40789203457561773
1355,352,0,0.019733419715908286
468,269,0,0.020873425907642913
1958,293,0,0.07695060075916159
1589,653,0,0.04935528363689075
1324,313,0,0.01936527958217585
92,863,0,0.04594344940965358
303,368,0,0.035148400386399284
976,83,0,0.03227295044463978
1003,459,0,0.012975496697453095
1371,94,1,0.4159046720303946
1466,237,0,0.05655477057708703
178,903,1,0.44251640846618334
1829,115,0,0.051406325021508985
531,987,0,0.063003928111116
622,566,0,0.5199395227591375
1317,850,0,0.046257659625428764
1909,914,0,0.050810023601261155
1695,17,0,0.46791430328742
964,75,0,0.06863272552603807
311,969,0,0.03813482322625967
1702,439,0,0.04138314590654634
1508,6,0,0.07027734349745614
510,429,0,0.07471460400023705
1042,66,0,0.40044152343092876
1495,489,0,0.029926641187963905
1569,718,0,0.3830208271435027
844,664,0,0.3926531124403678
1698,434,0,0.02625469217223459
1867,331,0,0.04658061686504406
1844,540,0,0.022142671196252597
1452,585,0,0.38034047882338917
227,718,0,0.047856936993290314
1310,598,0,0.03385336318848492
1527,945,0,0.05274403235069032
605,26,0,0.04635832229085548
1127,234,0,0.03987007887764132
146,279,0,0.02664945851652012
1894,20,0,0.07806320914073667
110,786,1,0.03628657174451623
1466,179,0,0.04367038905713511
982,410,0,0.026595510026410155
701,160,0,0.0403914748342773
300,117,0,0.03697321769221139
1697,762,0,0.020124289241389176
1048,248,0,0.3787093738485023
154,43,0,0.026239173148591012
1980,570,0,0.05479673815539989
1352,966,0,0.03161155312084289
311,335,0,0.03433663175330963
1901,511,0,0.02689820411155669
502,913,1,0.42113347146451097
720,307,1,0.46105710739657907
318,263,0,0.03690776093080019
1878,384,1,0.06271647256675643
390,53,0,0.059478930011137625
1560,976,0,0.4866434724165723
1057,423,0,0.07739013500160467
1662,708,0,0.06574016168141358
940,469,0,0.03246001150326492
1636,836,1,0.4451814867683421
1761,410,0,0.05648860035441371
1023,939,0,0.05779721243825245
1430,659,0,0.05697692559922407
1316,384,0,0.02510515661103398
746,11,0,0.043851435650889746
1288,462,0,0.03347375574536495
1860,488,0,0.046302361781964715
1901,344,0,0.05537645615375607
179,231,0,0.03135001550780408
1743,610,0,0.32805079656904396
1042,991,1,0.43453111922590937
1350,458,0,0.05146260603891064
1411,73,0,0.04385205040374919
1525,814,1,0.04595935006896081
337,992,0,0.07352541542589601
179,734,0,0.020214541898844363
1890,243,0,0.02132216429441768
814,510,0,0.041383287112783655
1444,694,0,0.02656997480832944
1732,858,0,0.014626285002087909
239,398,0,0.03059797599952139
264,577,0,0.05883680179929591
490,759,0,0.01226592577923052
482,422,1,0.39310847762021617
1686,939,0,0.01607591349056405
336,597,0,0.014243351355032888
1367,156,0,0.028509688131385755
1456,398,0,0.020728436461332163
1172,192,0,0.04289941539943963
717,739,0,0.49863787874003174
1790,489,1,0.36146411235930415
553,235,0,0.024229503611950334
994,628,0,0.022375442795010227
353,119,0,0.029474708440060164
1280,949,0,0.01893237374511505
981,52,0,0.03528971028621789
863,124,0,0.026535581559271257
1291,688,0,0.3815380914583467
343,654,0,0.02288740533531136
735,479,0,0.03408488195104971
596,834,0,0.40919705569154485
1712,895,0,0.5337905928523948
128,322,0,0.07952073621640163
1451,985,0,0.04605612532205469
610,329,0,0.015187089625019514
125,695,0,0.015468802592577876
1668,280,0,0.0357685466662976
460,741,0,0.01508102393284226
1206,215,0,0.04400702141277999
972,422,0,0.028203051633591936
1756,107,0,0.05250785891210048
1589,459,0,0.05979363474145237
1560,583,0,0.045628084699905494
1094,96,0,0.05872638909637817
1211,971,0,0.03931512879932848
312,59,0,0.022529707739788976
219,396,0,0.5346698795772262
427,782,0,0.046435802725739266
1118,568,0,0.48693007405326627
1138,737,0,0.016825432451062286
1405,527,1,0.036161694304031725
488,267,0,0.018579463013281033
1808,223,0,0.049959431651710164
130,722,0,0.010070622943453442
1542,767,0,0.030235601513230077
1049,9,0,0.03627325811272149
567,533,0,0.03939066331555163
1228,12,0,0.03370638212417311
506,381,0,0.05178686092927792
377,327,0,0.05469634894660118
393,764,0,0.04678177071980002
909,579,0,0.049246299050958654
1338,372,0,0.024574757624716406
325,715,0,0.058122903257564466
441,540,0,0.017316264993237157
132,172,0,0.42061410872513594
184,188,0,0.050349475021891486
1508,977,0,0.01561532633954716
518,226,0,0.012501384467372692
314,325,0,0.014871729529934825
1175,180,0,0.05123127013156549
401,4,0,0.02313069264702877
1540,660,0,0.0387089665570526
1261,992,0,0.05324133689389414
1958,923,0,0.01982827461131768
1520,63,0,0.05954585755101945
1213,362,0,0.5194370018064001
1981,356,0,0.4942025528552738
1305,152,0,0.020455169047222662
843,339,0,0.022947486172434365
1872,903,0,0.02780406883951514
839,659,0,0.014120571642648934
181,2,0,0.030066899291676184
1368,977,0,0.04404890311773265
742,876,1,0.34253070352902143
293,381,0,0.05556594099733095
846,40,0,0.4356787702329747
1984,345,0,0.010613762197611759
826,235,1,0.3622678294604146
1127,957,0,0.032948562351996814
544,369,0,0.012158289995053435
1895,480,0,0.02379393966607403
188,145,0,0.046788683024624814
1204,856,0,0.016447880890060575
214,447,0,0.058417940246681045
1971,625,0,0.058741857088563144
862,236,1,0.025614152155504492
1375,788,0,0.018934517074966045
1417,324,0,0.053565813787568785
1950,742,0,0.03896558498053536
7,682,0,0.056244393343802636
1753,761,0,0.03434501495055562
779,21,0,0.03671258926659497
1153,563,1,0.8297108336292213
1841,823,1,0.054431267057668695
1043,662,0,0.017322884825267622
112,910,0,0.02568385354310409
350,838,0,0.0213416648400374
410,301,0,0.054701630430240435
230,433,0,0.05621037810239197
290,450,0,0.040436942935808885
1269,400,0,0.059934740193745534
1385,496,0,0.0142897021086425
1138,689,0,0.05956677336133538
166,904,0,0.36369938364433174
1060,389,0,0.05121502927923965
1420,81,0,0.013722441504611702
1092,976,0,0.012076658851015467
677,426,0,0.02353130600103789
1322,917,0,0.0587834563532149
1671,308,0,0.05670888413315505
941,849,0,0.05692817087707892
1718,405,0,0.033317196110389455
902,665,0,0.01779543643988985
1787,35,0,0.064235107250358
1957,371,0,0.04801686259993568
527,361,1,0.34648736639226213
18,201,1,0.056069479758346266
1875,742,0,0.04590982475835628
1714,436,0,0.02764652127655281
972,928,0,0.03399081729611249
1082,188,0,0.05830346063537162
503,615,0,0.05876648337558557
579,186,0,0.07773103382449843
1484,778,1,0.024586935570613228
1446,414,0,0.0480621708905219
1103,412,0,0.04157447789020919
273,120,0,0.013369111584265327
224,878,0,0.028534648564726976
589,710,0,0.03370250687549613
49,3,0,0.04869523168047002
280,365,0,0.06784995333519976
179,365,0,0.5623012666293175
657,722,0,0.641487497629139
102,877,0,0.039076403630889815
1198,155,0,0.06650745287645508
685,617,0,0.016323466227595198
1209,572,0,0.49190275878777323
834,272,0,0.04542690855017977
366,356,0,0.03011170515659997
892,355,0,0.06278459416304087
614,115,1,0.4061491993018749
1439,528,0,0.0758029145398401
362,441,0,0.06019014017136788
1727,758,0,0.0386503055610293
1126,795,0,0.020738600668607388
1692,725,0,0.0562440939845303
1333,283,0,0.04221733532215794
924,909,0,0.0137793702493414
313,687,0,0.02511983299601757
1898,178,0,0.028708539928156016
1917,675,0,0.017616259522141832
1254,870,0,0.6213077612709538
1989,805,0,0.014665113351112731
1323,350,0,0.013345418902236504
1124,840,1,0.43660987372947724
706,323,0,0.01589100293951355
242,671,0,0.28529178026774216
823,822,0,0.05548172473350939
1761,991,1,0.049561649979238245
112,938,0,0.04379195453510009
386,988,1,0.5436773396768229
876,507,0,0.05039703635850982
1057,114,0,0.02658617087818664
1496,541,0,0.050592724420734016
1841,295,0,0.22985797108681955
1360,193,0,0.03218810049943793
767,217,0,0.046386312793937456
258,7,0,0.05124866322116288
642,525,0,0.039252001148576514
579,389,0,0.060668953281617206
152,564,0,0.017128411275331868
600,717,0,0.056953835887785756
1615,417,0,0.02099393513399969
596,201,0,0.30485246300192026
883,166,0,0.05104843516677775
215,149,0,0.0353008516985555
1951,227,0,0.3988801079551489
1672,672,0,0.05356526391189444
247,824,0,0.03761807598633578
571,533,0,0.04386123492119538
1435,323,0,0.053049573659182454
1337,358,0,0.05807487011866326
509,872,0,0.04617153674333772
1499,766,0,0.02611219393862129
1239,159,1,0.039447485782775446
326,604,0,0.03066206995428633
1807,412,0,0.02491459363504251
1414,17,0,0.062133211244054375
290,602,0,0.5092732408804891
1384,923,0,0.050781355040372275
1072,113,0,0.024025125512096176
1626,125,0,0.027728123027318106
1658,630,0,0.036347186679626456
722,352,0,0.39073935977921054
806,700,0,0.02208356309241955
86,55,0,0.0534711891834777
759,763,0,0.06859063155907776
1610,711,0,0.02175697684232572
1508,959,0,0.06736168560619006
1167,696,0,0.0360013603129407
1630,427,0,0.05256996819837472
284,665,1,0.451011407317832
60,330,0,0.032766991506496125
950,889,0,0.04358415061323507
635,743,0,0.02458134473614161
550,227,0,0.294788705299429
1423,633,0,0.04813491051496582
1950,509,0,0.018099247622318973
249,170,0,0.017979497147184588
1516,219,0,0.046382012830919826
846,648,0,0.037213494763212104
223,342,0,0.013181571802155486
1601,699,0,0.020857166931965734
1762,264,0,0.05447660697736016
1615,801,0,0.07856416066540618
1795,264,0,0.34972817765550035
889,463,0,0.07234573818777354
310,883,0,0.03403083946981954
1624,210,0,0.045396917851223996
1343,544,0,0.021708416076504495
1165,811,1,0.055752770863772685
1349,639,0,0.036488220580541186
533,847,0,0.031002751164739224
939,607,0,0.04414692255994697
90,632,0,0.05154021393975674
1114,14,0,0.06744159120646499
1146,421,0,0.059752852386279434
1899,482,0,0.04135139642851578
731,492,0,0.04678132498959165
1498,764,0,0.018807084982675748
1742,142,0,0.04869558443237237
945,534,0,0.3926806567408291
395,321,0,0.05981288463926081
1069,476,0,0.0255147256332621
1654,370,0,0.010322510964299422
945,698,0,0.038283979158246356
1331,590,0,0.011190547006425218
394,558,0,0.048342273016381075
476,108,0,0.026797143388908297
1540,831,0,0.04934887525938863
32,105,0,0.051738860207162535
1891,919,0,0.017814384943333317
1898,404,0,0.03416463726975762
902,758,0,0.02780288800451191
136,249,0,0.352375207978419
1607,841,0,0.5145084689390824
93,142,0,0.07012123172790187
1843,857,0,0.018233238145515196
554,171,0,0.0371636278871461
989,231,0,0.02433942481679128
117,863,0,0.40791739146501244
1013,728,0,0.01888281244994161
1814,98,0,0.05845364769455318
1858,715,0,0.3207213155097606
681,915,1,0.4525580576335218
1823,193,0,0.022102426450811424
914,329,0,0.03563788856230117
1899,594,0,0.02336757840055903
103,200,1,0.07346813972237001
1977,29,0,0.05449907714862534
1778,589,0,0.018986271936344702
620,698,0,0.05875949564747131
1086,882,1,0.7208327640054017
1710,147,0,0.07822886415550032
248,206,0,0.016766910479309012
1564,415,0,0.042504788181809396
1697,424,0,0.04203462015399349
201,143,0,0.021083415699081155
891,115,0,0.01371840283229895
708,960,0,0.017337609514588626
1084,3,0,0.04303852371921091
1883,386,0,0.017088507232366903
311,82,0,0.02519184983199671
602,296,0,0.03674972805894037
1587,988,0,0.03312755109223013
1528,887,0,0.024448760747950646
943,761,0,0.056999898145296615
416,701,0,0.011383180231834069
939,848,0,0.017872292231655797
1496,651,0,0.049827232684558784
1562,948,0,0.011100712034551194
1372,637,0,0.02133231673553095
977,281,0,0.4495239467486791
917,272,0,0.05495782958675236
1052,728,1,0.03471803567467187
973,780,0,0.0467900455788177
926,120,0,0.05100662649285863
857,740,0,0.07791446446165319
306,3,0,0.03368455075827734
407,600,0,0.44510694021333813
1082,7,0,0.02223569647347541
711,312,0,0.04392377089807447
1724,196,0,0.05890675726076402
708,827,0,0.026397853211258475
5,762,0,0.021426058027939312
1576,608,1,0.43665109603729046
1490,769,0,0.05287556084781275
1109,370,0,0.6169756039134155
228,188,0,0.024428770610889
824,274,0,0.04334629405391848
33,947,0,0.055633210840946676
1460,970,0,0.04739026955421647
1122,436,0,0.057648624530322615
374,587,0,0.05573739690824001
1914,913,0,0.04373921597011771
481,394,1,0.5516763563506909
1892,510,0,0.04644555872392187
73,826,0,0.017803849060738387
265,336,0,0.02864603266679465
334,353,0,0.013257818529654214
643,207,0,0.04406859748849472
1978,583,0,0.0713771524677227
779,45,0,0.05650405300222731
242,155,0,0.05770306248137917
493,77,0,0.031358736549846826
517,29,0,0.03356253003208802
1720,388,0,0.02753298382639454
1442,48,0,0.02043535776785803
1458,96,1,0.40129289775871946
952,928,0,0.014765932486663021
1306,191,0,0.05075771947788551
1728,700,0,0.0207459265604247
147,315,0,0.02482347904601749
447,768,0,0.023348576007915497
1193,692,0,0.027369124104804063
1088,20,0,0.07084270665368232
1314,440,0,0.017705139776819336
1759,538,0,0.07826315249791725
1659,3,0,0.026481138549318238
11,971,1,0.6337583144762975
1041,952,0,0.021818984218297862
1076,38,0,0.0289793909447563
485,732,0,0.07517259497627493
102,380,0,0.03234120857377857
790,267,0,0.011398438739942647
357,545,0,0.04030914443430016
833,795,0,0.06715549103152879
355,258,0,0.05559190473763128
1390,165,0,0.5366305993196415
1807,617,1,0.4897865072055362
1538,569,0,0.5149275785937711
1927,199,1,0.0627515088369908
1987,440,0,0.025591816802672133
1526,955,0,0.013614181615340986
1988,290,0,0.05743568544939894
364,249,0,0.3818085881373765
254,36,0,0.05528475612939447
501,473,0,0.01740762491850036
355,773,0,0.053293691884479494
1113,941,0,0.012226583372001805
1884,631,0,0.1869084302700222
777,580,0,0.5853880157119193
1158,475,0,0.030801420145979072
1819,84,0,0.035757506852115206
933,42,0,0.038783215895772216
351,729,0,0.03836852185991445
732,408,0,0.040880767929024925
1937,937,0,0.07676340508253343
1977,185,0,0.01715394807750284
1311,641,0,0.030938849918848835
708,972,0,0.036790998162999924
1660,715,0,0.03544704052871446
972,275,0,0.012546059822167357
1797,716,0,0.07913542025907168
11,818,1,0.3852883488772151
1671,687,0,0.03090439097772693
1249,716,0,0.4888252046212618
1903,921,0,0.043525334960118386
843,473,0,0.057946690631206006
1608,763,0,0.4009167121051677
1832,606,0,0.010330642763840306
559,426,0,0.037105565147813234
14,771,0,0.0551375789096013
1779,594,0,0.029207275323379384
1827,861,1,0.040329700938284516
98,28,1,0.05440342584369202
483,92,0,0.04391329514654676
260,530,0,0.04885084752678682
1456,331,0,0.041683588948427865
1143,16,0,0.273375522499143
674,492,0,0.03665476720802889
55,541,0,0.04237397581118288
1019,678,0,0.028071350436490485
1557,454,0,0.05368564683336109
721,371,0,0.058096529148411874
1237,51,0,0.05158007662286183
1563,747,0,0.035826021344125734
380,523,0,0.0589807239656883
61,88,0,0.02391938188853028
454,940,1,0.4051538729705363
743,419,0,0.04318331645136203
1402,956,0,0.04430754025478493
1424,529,0,0.04084678479765821
1809,755,1,0.6094881050173029
956,845,0,0.036986699695873225
449,963,0,0.014342505298862798
403,612,0,0.023552865284913533
157,624,0,0.014015241521503505
1752,330,0,0.0484890460848416
703,13,0,0.32586337676480714
1178,892,0,0.04778830635366027
1680,338,0,0.02758664559640621
1198,461,0,0.0472294133364404
1754,829,0,0.03255047654220053
338,165,1,0.4774936333825728
1869,123,0,0.055449134297622646
45,226,0,0.031130227075676267
1262,668,0,0.049338193275436676
1378,895,0,0.056995064482120376
1014,638,0,0.04745857672460308
554,47,0,0.0567993697135304
242,929,0,0.05924591912693446
1443,733,0,0.03279263137796058
949,358,0,0.017326208619451857
1839,549,1,0.4218781716888081
1838,809,0,0.010625461302776775
348,408,0,0.06291731472397175
1911,890,0,0.018753990233914365
311,124,1,0.5759667832060156
1480,739,0,0.012048104986954309
942,614,1,0.5511776961390451
408,38,0,0.49321008607830774
898,304,0,0.32132162071898934
1239,865,0,0.05198018700858691
804,853,0,0.032134041980536265
805,454,0,0.016991868449681133
1778,314,1,0.053362075511477106
233,970,0,0.016525443430059378
506,307,0,0.012032127126930074
1431,21,0,0.03624298934875277
1660,363,0,0.012610543068130116
1840,558,0,0.03533763250484638
566,470,0,0.020118707193395133
752,324,0,0.04729920538259454
361,825,1,0.03589380581091414
1445,674,0,0.03126585062159453
49,430,0,0.03302724937882282
48,205,0,0.048870429765155904
1709,605,0,0.059961302623886
1299,483,0,0.012430187163829806
115,736,0,0.4811050495448009
610,462,0,0.056763928773417925
1045,423,0,0.039520392214390306
700,813,0,0.011217723153808841
1844,277,0,0.01642486325292977
1113,555,0,0.016495674341701412
1146,340,0,0.026857261221059123
1743,970,1,0.43474074650102024
1938,390,0,0.02002331314653298
726,605,0,0.018004563103325846
1130,375,0,0.4292610740486149
1322,3,0,0.050616265236883895
405,804,0,0.01765773796131482
1032,920,0,0.028949377019728606
973,774,0,0.016133156384572717
107,856,0,0.32824435508024075
391,322,0,0.04752170822927755
1787,777,0,0.06775759790664419
1108,40,0,0.03747655056001781
1794,728,0,0.030604726335589645
564,775,0,0.049781826872287806
1053,35,0,0.05677781986417851
152,716,1,0.4147851247856911
1323,820,0,0.05739276545568531
367,943,0,0.019534732169937653
1301,225,1,0.053925179777221326
236,556,0,0.012861676480560039
713,40,0,0.04977965692795861
1377,235,0,0.036336687267839916
1609,143,0,0.03688065445534948
354,379,0,0.02990222626513102
1656,182,0,0.023503312428726875
617,66,1,0.03532093600422825
1009,95,0,0.03266243148986248
1117,269,0,0.054013842278265015
1914,389,0,0.01983328234975127
1100,994,0,0.042017002456026506
466,40,1,0.05648395391354486
86,130,0,0.024583725514700623
1898,146,0,0.029190719567445032
1174,795,0,0.03887516752071091
453,446,0,0.03923456692541067
1991,582,1,0.4131855410077589
238,871,1,0.47370251184623413
395,461,0,0.05677230434716821
1773,920,0,0.07731885500195844
1353,712,0,0.042318159414422137
1548,298,0,0.046595600448006695
1845,748,0,0.05681423292416155
1814,888,0,0.5259299989805367
1697,794,0,0.021306750719931933
955,357,0,0.034074687005925204
1486,855,0,0.01655343026849414
1316,472,0,0.03965557348753941
75,409,0,0.0400925612104674
319,939,0,0.04030033017373646
635,353,0,0.4474831234946956
1672,235,0,0.054124001264227894
1843,670,0,0.03876071856565446
783,657,0,0.017139607851097513
1835,407,0,0.037061847509621514
768,654,0,0.07361297588703992
688,468,0,0.022832666135137798
627,705,0,0.053245345156551944
1182,574,0,0.01280127365206087
459,865,0,0.05711776406457786
693,72,1,0.6133259906271296
463,592,1,0.583566819062892
622,769,0,0.048517361661451174
1847,452,1,0.04022247506999533
1501,91,0,0.026188212163137332
1499,428,1,0.38730317191540536
1649,430,0,0.0311430111970182
1701,499,0,0.012793818307954025
476,776,0,0.0401427188411612
1738,471,0,0.03321477775571087
1320,57,1,0.0460992206994257
1273,127,0,0.06837571248175776
354,715,0,0.07487694949712803
218,766,0,0.025302116731234964
1810,63,0,0.03237083717517647
510,870,0,0.05275213538079941
1405,277,0,0.05007805344033654
731,252,0,0.41410261419535016
1772,636,1,0.04672422855702147
1851,71,0,0.01390504105395773
1872,953,0,0.047744243677583585
1432,549,0,0.3599713418799951
573,563,0,0.04758892024035891
1532,985,0,0.05299247677618299
873,330,0,0.014132902781462987
1457,982,0,0.0139173226592428
558,522,0,0.017699145308965533
1392,370,0,0.06135563801741495
1407,541,0,0.027150159794425102
866,984,0,0.5492076468072579
1664,80,0,0.04070850353302581
271,399,0,0.045398733482494825
1346,704,0,0.0597944537182082
1129,728,0,0.03793943649034835
353,726,0,0.044444383695193566
1852,275,0,0.049130469641393885
1925,476,0,0.39970287285367595
61,437,0,0.03852303163009198
1289,537,0,0.03007715699679025
748,899,0,0.020910702880348353
1860,928,1,0.46267647113064975
1081,372,1,0.4033029892349858
118,50,0,0.051424447246944754
1784,671,0,0.054299450916567134
254,181,0,0.03502498519823859
1270,706,0,0.0411406565679172
1306,62,0,0.055806340921118525
271,695,0,0.016151169315891514
1754,136,0,0.04275258233469202
250,327,0,0.05230622222425417
1899,612,0,0.020141952466235048
1085,23,1,0.3216200523932422
1092,395,1,0.5724734369578225
775,823,0,0.03171948322593183
1058,820,0,0.04277038112402436
417,819,0,0.05403813991217057
1661,884,0,0.057974880102588756
1658,397,0,0.01041808280083428
1126,14,0,0.037502551204120035
1138,974,0,0.033222104020070926
163,647,0,0.05468500688272576
1374,277,0,0.04059957080847285
15,769,0,0.054006342630777034
466,180,0,0.019362691803446033
1378,493,0,0.0793939247033575
223,639,1,0.4739112126541839
721,150,0,0.046925381458147314
428,396,0,0.49536810779585044
1376,357,0,0.05594876857960833
762,977,0,0.052988386663310516
520,377,0,0.020006921375868198
391,966,0,0.02659450707604266
650,708,0,0.014196150935767728
1387,294,1,0.6196662178159642
836,992,0,0.03842762531630255
436,86,0,0.05458376591427283
329,241,0,0.03692599649725082
1514,34,1,0.7130662466957486
310,230,0,0.059833348170609285
351,157,0,0.06012912205971204
1223,646,0,0.26246348275339426
634,621,0,0.012800836992597483
1943,485,0,0.033450348061244306
1985,282,0,0.05979759170739175
973,699,0,0.035908433639463236
1862,716,1,0.7580018349738038
923,101,0,0.022261909245119088
800,365,0,0.03348330048949469
1333,782,0,0.5402669581432198
1636,782,0,0.03953852541718218
1088,943,0,0.04916066569347067
1093,440,0,0.03763759848623856
1086,594,0,0.6596217447696058
868,285,0,0.04667336375106127
515,578,0,0.06336968470778462
217,934,0,0.5481430497792958
2,549,0,0.01310516099504639
836,190,1,0.4414780408482367
725,212,1,0.41904527520770535
324,995,0,0.05545485246495223
782,832,0,0.02294350930837736
1595,910,0,0.4191098367446963
1199,336,0,0.054507900207789575
1358,876,0,0.04233267869388078
1374,136,0,0.046711207500859775
195,934,0,0.04326052360095125
127,685,0,0.02040661381287237
1069,613,0,0.040930550166342325
25,161,0,0.020492340798268147
833,696,0,0.027888649480208548
1129,386,0,0.015732010790580432
122,242,0,0.04636258171242552
246,982,0,0.010810583193290133
338,802,0,0.0343779034122108
1243,75,0,0.02758784314188068
1121,602,0,0.3084144881049919
1044,608,0,0.05517579720110436
928,148,0,0.018115042711197724
1712,410,0,0.05295473171490154
817,809,0,0.015711006298598743
1674,749,0,0.045830308082611154
1957,231,0,0.0551994989874128
1284,799,0,0.05017446350454184
978,440,0,0.027528001507579967
1768,393,0,0.055607649288040475
1503,593,0,0.037862586128566356
1859,723,1,0.37207458053879827
934,946,1,0.0188984984232713
295,460,0,0.053841823283066075
1230,434,0,0.01145021313165653
507,510,0,0.013272305194240809
335,400,0,0.03093461655348201
1873,231,0,0.04861720811812659
555,540,0,0.016767221014601853
1584,46,0,0.03300525474111974
5,29,0,0.05977168876921383
90,976,0,0.03345352617305683
650,521,1,0.44282674494975943
1383,336,0,0.012208166639210007
1056,405,0,0.01904122136923026
1978,239,0,0.019871349992059407
406,878,0,0.03245328304167354
1953,954,0,0.046118014984167136
294,675,0,0.05540983793441964
473,299,0,0.028825681027168218
1745,101,1,0.5135206868144038
358,498,0,0.03323708275606636
1326,872,0,0.01516448263485736
1338,832,1,0.05679876089726664
1957,553,0,0.010413725247140168
1840,490,0,0.018392743722423385
304,730,0,0.055644999116924686
369,334,0,0.05897549701593182
793,123,0,0.014668697178807595
1946,990,0,0.02419283632469707
845,295,0,0.013023798880456912
1436,718,1,0.430214198980582
1558,481,0,0.0412904932990558
119,604,0,0.025325758348521063
933,130,0,0.04114180119330412
1352,57,0,0.044777005914990065
121,349,0,0.5219057823928
959,360,0,0.051282751527260896
1347,557,0,0.021290316412797824
1560,811,1,0.45338795747224825
1845,50,0,0.030188898536042494
706,790,0,0.01390097947304312
1067,578,0,0.4812148543195396
425,874,0,0.4640354969856674
868,628,1,0.3411893286692842
1860,879,0,0.030436650036045808
1345,805,0,0.0346493130902375
1588,898,0,0.03123982168464446
190,449,0,0.021373583426649568
1283,322,0,0.051747873970798206
1398,494,0,0.03924302013672789
1328,952,0,0.04572485183683996
1085,516,0,0.026850227373242393
854,499,0,0.036159384180118354
1029,366,1,0.506890294709122
1206,68,0,0.027880139434957728
669,136,0,0.020517047277187245
557,944,0,0.04397918401175278
867,475,1,0.5952465110034579
1587,626,0,0.026824265738375173
692,588,0,0.05735151034145472
517,870,0,0.057934950335709584
1049,485,0,0.022774213882297216
731,379,0,0.29896061817024444
1169,697,0,0.05102740384383968
1551,657,0,0.042100218336364605
8,854,0,0.03200631372615421
1224,320,0,0.02075682105671228
522,499,0,0.016540958527054245
1865,41,1,0.04245787212404595
934,987,0,0.02133019418361906
1896,495,0,0.07466834170704784
270,833,0,0.04047299929747691
1307,320,0,0.0206679111088507
120,63,0,0.03863781264889142
1947,618,0,0.047625887259486195
1040,137,1,0.35767062205216654
1802,585,0,0.011874039593171536
20,555,0,0.022819070092405226
440,704,0,0.019140674098036894
1227,687,0,0.03469977473068502
1485,161,0,0.051000663507293105
1735,349,0,0.01926386052541875
1898,188,0,0.04642841991869395
61,522,0,0.029891044825454578
969,779,0,0.054311728822301
1266,539,0,0.6384493228075446
1005,94,0,0.03671386988066664
1445,462,0,0.055005035288482655
1306,673,1,0.5433855149279125
1337,839,0,0.012739042464414143
1322,359,0,0.057143774459012066
1335,936,0,0.54044044945011
573,441,0,0.06409856257337511
960,596,0,0.024312182175912835
478,201,0,0.4934486885232292
1601,486,0,0.04055365201348798
233,755,0,0.05642604065365863
559,649,0,0.3708952172283278
1102,744,0,0.010138096454457925
503,881,0,0.011307582934582413
595,282,0,0.05259390304134222
593,247,0,0.012577726794636743
410,838,0,0.019502232675242988
399,747,0,0.04445519389519762
688,97,0,0.5849320639941471
121,924,0,0.047271987921671074
1878,953,0,0.012494292766467489
430,698,0,0.03295953283003401
1703,278,0,0.04943248541288268
1936,279,0,0.5246444222843738
1188,790,0,0.04956951089552882
1209,540,1,0.39696327162459694
1128,122,0,0.040157558553921543
1163,718,0,0.03896365117884053
19,776,0,0.02434170218231024
367,139,0,0.033515695690754965
1601,133,1,0.37673541399615246
758,66,0,0.395526185791164
1949,182,0,0.05562183660229715
1132,620,0,0.013645687051774236
620,736,0,0.4313623706702929
1754,638,0,0.030630874943264184
56,387,1,0.05175279906678406
1825,54,0,0.05168170546551299
1310,823,0,0.03736006992190655
1748,468,0,0.03132299542529112
1395,977,0,0.34132702022035577
1197,614,0,0.059232847741705945
922,134,0,0.053551514940709324
1072,654,0,0.04922578720248826
126,567,0,0.022658507526835882
195,414,0,0.04901599416777733
713,336,0,0.04194182298547847
1442,329,0,0.051065841018791816
1398,477,0,0.050412011192683494
1298,710,0,0.04166696701441093
1288,208,0,0.013379738090825462
214,116,0,0.043410968279561216
1751,642,1,0.4487379052645898
1534,505,0,0.5747125605702771
1362,716,0,0.04982404881771168
1606,103,1,0.5102805501576239
752,838,0,0.020373522915511894
1701,825,0,0.05394462409285876
1190,348,0,0.0697668824456649
910,975,0,0.053706459483513894
1605,559,1,0.7443496623724084
1741,529,0,0.01357602848980959
318,266,0,0.02925327020672063
1514,61,0,0.02564227855629763
1978,159,0,0.07354322778069622
777,711,1,0.017331515448073844
1584,558,1,0.39505761216154733
1629,189,0,0.015483309600225786
1978,490,0,0.035676156530496765
37,465,0,0.03717289131380984
769,230,0,0.04704784804404099
1339,593,0,0.013473865876854204
1618,286,0,0.2838869614423105
1519,970,0,0.07096996124772563
66,222,0,0.011759125690827418
505,686,0,0.024712683235994008
212,455,0,0.05810686775304012
1944,376,0,0.028804562045681235
763,41,0,0.013220109730710002
185,812,0,0.40340791379102275
577,315,0,0.023688263981854932
1543,221,0,0.03457876450681372
441,141,0,0.017042949471687496
21,756,0,0.07527796777187772
567,320,0,0.05853225339700658
1437,552,0,0.051150896113309544
1346,789,0,0.035565352597933406
861,210,0,0.05235960014963034
1876,696,0,0.011595112201212156
794,441,1,0.04064714157001599
578,258,0,0.04351009227150886
190,663,0,0.03208270489953911
781,459,0,0.3728775836450147
1391,953,0,0.03451619423184395
1972,466,1,0.893123251080712
68,19,0,0.016437057446756193
1557,860,0,0.01947449597744271
989,654,0,0.03509379175700006
585,931,0,0.03407588655618956
1914,205,0,0.024262283325669765
273,617,0,0.0471318750339054
1111,137,0,0.05627212380411233
1739,599,1,0.5265778917498242
1710,340,0,0.06440693280718988
1165,143,0,0.42233867107749434
1079,625,0,0.05669292553076639
1885,720,0,0.06274176565342764
520,340,0,0.03017417585437332
1069,594,0,0.06694825767875602
676,377,0,0.012869417510986338
1465,709,1,0.4043328357596083
1518,746,0,0.5298123236246706
783,422,0,0.03507042735389623
219,623,0,0.04030457676753864
339,76,0,0.03429882751990946
561,829,0,0.040830978558452795
673,574,0,0.04855741038685176
1201,565,1,0.41923455067355286
763,221,0,0.022131975448782416
872,891,0,0.017962402198542695
994,2,0,0.06911362902327853
1554,84,0,0.07454064490604982
740,897,0,0.01600533000122803
1429,996,0,0.25932660119448553
1904,115,0,0.02522094413919327
108,174,0,0.018860757282653247
745,678,0,0.05831381888113925
1087,840,0,0.016613013134227295
560,232,0,0.019537243855542244
1249,668,0,0.031996010957386536
677,814,0,0.03550811533057505
372,380,0,0.014357773951336264
202,989,0,0.037117709164767095
201,787,0,0.02857547852927822
1541,30,0,0.024321719798166982
683,482,0,0.03091493112425285
710,727,0,0.028485394182779233
765,537,0,0.047896646572081245
827,614,0,0.04478203028724816
198,210,0,0.0522177876117748
25,679,0,0.06423275131714458
1005,680,0,0.03972783202064633
1293,329,0,0.019567147612403732
77,655,0,0.017904915614234865
1318,676,0,0.022312780428169723
1938,958,0,0.015027258107847732
1417,416,0,0.031750391146427026
1750,311,0,0.016397469144150342
499,166,0,0.03925755054511285
1301,857,0,0.047840989044616165
1037,877,0,0.056705179311198534
1481,184,1,0.49389950875167843
1257,326,0,0.03196022791426548
749,242,1,0.4486613425026075
1665,244,0,0.02540596888848372
1553,41,0,0.3592341525086516
1729,459,0,0.037325602995154396
1966,175,0,0.02528729853337147
1489,880,0,0.016527316544828544
948,112,1,0.37012457224062606
1988,912,0,0.07401864897751048
1748,512,0,0.011077788707298666
192,723,0,0.039817258806231395
1964,900,0,0.04421198937022902
18,558,0,0.030377481491244092
617,64,0,0.07250716758674049
522,161,0,0.014298152295376117
736,354,0,0.05949449166119466
588,715,0,0.2730275977464092
572,1,0,0.03856345605535616
328,727,0,0.03386453781772305
499,908,0,0.03553099728569848
1717,317,0,0.02026932670234905
1740,825,0,0.0376482230811815
833,327,0,0.041615432682001845
1069,543,0,0.01996279728132859
767,787,0,0.033132041051558696
437,631,0,0.02527549155360856
148,376,0,0.03819818534079606
860,256,0,0.034427673930213856
1600,333,0,0.06143824263948989
823,857,0,0.029177712223931243
1785,319,0,0.034915167705677354
1086,832,0,0.03304823411473275
1660,253,0,0.05206613441511885
1045,758,1,0.014103194952412204
1105,693,0,0.05345725175664613
1589,621,0,0.03780040091333907
495,564,0,0.06653912736122916
1435,272,0,0.0598220879933586
976,141,0,0.030846185476179275
1839,636,1,0.49744173689891874
737,45,0,0.04883895832265049
1020,985,0,0.05042136570260732
1191,3,0,0.024993548956904428
1052,462,0,0.024174376393644666
983,560,1,0.32787950569166324
1069,777,0,0.06083826124942207
1947,714,1,0.43383865426346074
1870,82,0,0.03856978290378519
244,767,0,0.029147728001149488
748,726,0,0.023478964870223936
531,722,0,0.05887139435228404
32,412,0,0.026030430418674463
625,300,0,0.033821458301380905
1834,446,0,0.03768207909085706
812,6,0,0.010647452076576705
1089,529,0,0.061422530367839186
550,501,1,0.34537548823265934
806,351,0,0.036716648662969906
1773,80,0,0.057179365151809824
1408,193,0,0.017216412791625536
1162,169,0,0.029193722767209336
1705,845,0,0.468921990467018
1616,937,0,0.03153245111521609
1566,762,0,0.033395774720288166
1996,218,0,0.03014365295589027
470,736,0,0.034981555590620494
1393,59,0,0.021201010012837352
874,906,0,0.029227329856621805
136,858,0,0.020309698620915452
1242,116,0,0.04921705578448328
792,670,0,0.05119646331148497
1510,597,0,0.390016928069347
1653,936,0,0.027337684763072252
699,654,0,0.04390900432989953
321,886,0,0.05135921290529473
554,928,0,0.05848578679453321
1664,588,0,0.4473016983726453
192,986,0,0.37586178180474544
971,577,0,0.012981169400467776
1380,282,0,0.026360583139986148
1848,729,1,0.039161374180202504
1610,325,0,0.018008974771055307
1257,575,0,0.03599636535865932
1148,327,0,0.3807395862951155
280,770,0,0.07076752874089633
1394,456,0,0.048649098777228665
336,543,0,0.03553003435857976
328,749,0,0.41803076800620176
962,242,1,0.4315863834670649
980,903,0,0.07945981126256527
1642,397,1,0.40269628410443375
1611,460,1,0.04522573003228995
189,556,0,0.3977622841554542
1269,861,0,0.027793998393480027
939,587,0,0.021643500771133712
1025,57,0,0.01659097798957617
969,546,1,0.4576748491190497
358,368,0,0.05006033543181089
873,758,0,0.03706729735433374
1490,740,0,0.028860179321819307
1700,926,0,0.05908580353903682
1878,23,0,0.014456248211727715
1887,265,0,0.06362653584808593
1555,172,1,0.3441442473379179
962,918,0,0.013247435173849784
1301,852,0,0.043119961133844344
134,925,0,0.05460269125893181
1223,300,0,0.03411361529881825
867,267,0,0.036426660110038554
288,831,0,0.0500526426094093
372,979,0,0.02694493337987032
491,98,1,0.7023878051420676
1534,660,0,0.047585960560724
669,789,0,0.028146858879526282
304,359,0,0.0341271946094874
1252,205,1,0.38894262195133206
1340,611,0,0.05088877348217784
64,610,0,0.032930814760466956
596,285,0,0.03585859329714215
1972,611,0,0.03981084950387954
1664,992,0,0.050467501398235776
983,892,0,0.026759568378870086
15,450,0,0.34950474565965683
1173,641,0,0.41234195633848786
786,892,0,0.035202770328167494
1147,585,0,0.015810454817275388
1856,718,0,0.056276048041032214
1969,345,0,0.03915420106526869
1214,874,0,0.05504125300675993
934,192,0,0.030359585665770093
1140,505,0,0.3602986014923829
542,641,0,0.07033171649945849
182,935,0,0.026099442855988857
572,538,0,0.02153794978234587
1731,642,0,0.01792380067884266
1626,268,0,0.03720240817010835
213,734,0,0.02390016833030926
27,684,0,0.020359401010926675
241,764,0,0.02584972131338717
151,532,0,0.03643783024371256
363,267,0,0.04509199252328712
392,717,0,0.02661728088839698
1910,782,0,0.06708800613603556
181,510,0,0.05638841609041567
669,915,0,0.02688448096357987
949,707,0,0.017183705676054276
1070,290,0,0.5469712081677894
1728,426,0,0.02651104540557072
1819,93,0,0.044747730318045846
1782,513,0,0.054554304824052026
1391,741,0,0.38481191122391817
1909,234,0,0.34203691281473464
42,335,0,0.05490942178337629
1022,482,0,0.03700223509070597
801,923,0,0.011393543315772383
1524,978,1,0.025015451631565922
676,879,0,0.022321933657914267
1029,336,0,0.018525396116838115
1635,161,0,0.04066474085932691
649,711,0,0.02389732042011994
1403,720,0,0.05063836370192223
708,655,0,0.03201337272204739
776,186,0,0.34634620652430653
1050,221,0,0.030393139780620478
345,880,0,0.032318341179657775
1276,58,0,0.03289604819951003
894,659,0,0.07563439214487185
1323,214,0,0.03070886694370467
876,260,1,0.05269057232741857
180,639,0,0.3162280340854488
522,66,1,0.5130748499893613
977,211,0,0.02715585609362215
1272,9,0,0.05592965507557406
1821,265,0,0.021513771502797485
1836,75,0,0.04294405626758442
1020,42,1,0.030584776737531127
1025,124,1,0.02818692281884891
67,585,0,0.3774735629126249
882,227,0,0.04196914464585552
455,634,0,0.5947566478039661
1393,944,1,0.4074342024647957
1855,592,0,0.025933916213074372
1354,908,0,0.06162337749953289
676,729,0,0.04430860556530169
918,504,0,0.02169394216001451
368,917,0,0.013131254578273917
110,44,1,0.7208961701329459
1196,759,0,0.05244803804156462
800,184,0,0.05466562531409677
1060,935,1,0.05733955743697965
998,445,0,0.0476584731163221
1866,448,0,0.020175415555218897
1574,111,0,0.38152588101191826
208,474,0,0.03639667786944941
1830,389,0,0.046212800265951474
772,140,0,0.020034582140750514
1871,74,1,0.06643486406633567
883,298,0,0.05730291150456194
1988,932,0,0.05086319339780224
1871,408,0,0.01631700015151847
568,601,0,0.3226659532735539
1417,254,0,0.03152125279228385
13,413,0,0.04879340084384054
1553,9,0,0.026509888306923607
1953,967,0,0.3278063371948677
39,897,0,0.023760531574389343
1222,759,0,0.028005611560508285
978,777,0,0.014611255321778406
985,875,0,0.05874042084182856
1760,104,0,0.054565058207131215
227,10,0,0.613291150259653
1811,202,0,0.024349440685498755
541,818,0,0.4097018751691165
1408,134,1,0.33393014386307707
1313,662,0,0.03261573218600698
1486,800,0,0.04846701843756194
1596,63,0,0.016976243797922504
1029,410,0,0.048200902630563994
1668,836,1,0.3677761666464086
1358,466,0,0.02611161238488005
1706,37,0,0.0553496507900607
549,377,0,0.05963253687040666
1960,777,0,0.052391071576590606
251,719,0,0.05274177290714609
1948,314,0,0.02254578637836377
522,332,0,0.017373737492450067
829,450,0,0.044218299743895795
1174,383,0,0.029534074035953366
1931,908,0,0.044862856784025684
565,808,0,0.05735569357804225
256,906,0,0.04625215325832179
1280,488,0,0.031447446831247866
1626,852,0,0.026583154867920407
1718,785,0,0.41847617080644334
1512,434,0,0.04828536517078549
1571,259,0,0.07032798320525718
145,85,0,0.029995341670064325
1405,573,0,0.011648544945629072
29,200,0,0.041301153252385224
1765,358,0,0.013666010415746839
536,375,0,0.029070054921511927
1184,470,0,0.049184251224416865
981,798,0,0.05347153905674311
1340,526,0,0.05399142916331846
1120,66,0,0.05148506983131536
497,168,0,0.036298946773039666
1961,605,0,0.04096856469239207
736,367,0,0.03935654160635031
392,82,0,0.024705043922499836
948,627,0,0.0482780123680669
1223,60,0,0.048452253833529774
838,543,0,0.050522758661091356
541,635,0,0.053597684737499304
438,36,0,0.012950736576597885
1259,228,0,0.01105280388340836
12,444,0,0.24304269060455014
1899,755,0,0.46712345145213724
1626,660,0,0.03831100824848718
325,741,0,0.04871758956007239
602,883,0,0.01102836390686908
1715,961,0,0.05966562476705488
854,856,0,0.011737942480480504
554,866,1,0.41333587841583075
1322,754,0,0.046044532651199774
91,391,0,0.023011441813761246
1760,64,0,0.018187190421967474
1961,590,0,0.03619005203756037
941,174,0,0.01740268018887835
174,340,0,0.037916134875537785
1445,292,0,0.04641527424516305
1170,775,0,0.04499994243282021
707,610,0,0.02968130520657731
713,453,0,0.03679815727889721
1342,867,0,0.01754228650662533
952,662,0,0.05936360383218371
113,221,1,0.04667872154280814
1541,645,0,0.33063119310941835
1257,297,0,0.03397115392220329
849,721,0,0.017912779216698007
466,77,0,0.036330726781974146
1013,671,0,0.03084643402412575
1694,786,0,0.05740660015094929
249,989,0,0.04846243280099156
1,798,0,0.049319605602055526
1788,926,0,0.048487392869903695
149,395,0,0.018805173118103195
1195,337,0,0.03032582143865034
355,332,0,0.05598729574258009
763,808,0,0.014277747242146102
924,94,0,0.03260276909653956
1058,871,0,0.03120833979852576
1945,887,0,0.026539023924042074
1501,614,0,0.04342227608530885
587,738,0,0.0538494294903709
23,170,0,0.03306996666715957
399,869,1,0.6779806943540031
1983,775,0,0.028791013935330484
625,203,0,0.028604603130992105
800,188,0,0.022939577755347707
1964,24,0,0.0165535142614506
913,852,0,0.011906465249907563
998,116,0,0.2652347688866962
326,619,0,0.05780062267945025
1468,79,0,0.057213309155307854
490,74,0,0.07857839890211109
301,698,1,0.04998813559847189
1357,224,0,0.018658337370733427
152,96,0,0.04757745993980719
1485,655,0,0.02465214153221601
484,365,0,0.46297587176666966
514,446,0,0.022447492585412177
1486,974,0,0.05526441377168163
1256,974,0,0.03545369347945493
1122,193,0,0.05252583201177603
1972,34,1,0.029491770349334943
169,747,0,0.45522746561954675
1793,293,0,0.019406713703710034
366,607,0,0.05674036283281295
104,144,0,0.02247731988356319
1272,770,0,0.035624278341329765
179,701,0,0.05563430463461255
1376,259,0,0.05706615308260141
1019,896,0,0.046136568183679665
1052,510,0,0.042141145383841824
1968,450,0,0.019571752192273577
975,79,0,0.04162362909154685
1347,408,0,0.02395485924178138
1433,275,0,0.4014167798514883
257,501,0,0.44379418573725604
743,245,0,0.0465218893871456
773,979,0,0.012525976904678701
800,190,0,0.04311058530988657
1723,636,0,0.031966086421812125
1797,733,0,0.050907433557231596
1742,611,0,0.042008768266569234
1863,67,0,0.15273754557981928
1591,522,0,0.0408591599082635
314,805,0,0.2407361945554066
1814,885,0,0.05844105476142573
1827,518,0,0.03221917419358834
133,903,0,0.442188064046765
772,571,0,0.03542457125689992
66,120,0,0.04851043624433918
687,909,0,0.03807873225541375
1783,641,1,0.02694284944926341
325,306,0,0.052867987958307265
1303,430,0,0.059139780942602777
364,621,0,0.04085862062125278
1433,342,0,0.051543693555456
1631,409,0,0.39591371358940086
1467,919,0,0.04170585371232393
1660,345,0,0.044433925861354334
1562,193,0,0.011428778206169074
1864,89,0,0.02052088446845827
1073,980,0,0.02016892111514397
858,724,0,0.026211710459017108
1345,863,1,0.5561125535131769
1988,401,0,0.06862291970443131
1456,80,0,0.01620781518598065
1425,359,0,0.36812309802889126
337,292,0,0.06267908638223622
848,36,1,0.32016374311006596
473,879,0,0.0395259696707078
1317,370,0,0.05873859962913604
1062,460,0,0.027478494046285933
1523,945,0,0.042405817171597165
1584,116,0,0.05683061011176592
1314,887,0,0.026372433689375648
1815,952,0,0.07730138978689508
1983,325,0,0.014635869683433986
1809,297,1,0.615226132024336
1191,232,0,0.0250288618386888
433,335,0,0.05820141701772212
1202,509,1,0.4001557515140748
2,327,0,0.04412563033196568
798,375,0,0.5849812381261766
1133,933,0,0.04905350866990462
912,905,0,0.02294628928363382
105,26,1,0.05819585953659999
915,75,0,0.02509811091457944
197,207,0,0.05156304609646051
37,904,0,0.05138419157731507
1012,442,1,0.5868581599252118
1236,211,0,0.046970078245690494
1401,26,1,0.011376089009970633
1003,441,0,0.023191218022112943
1908,58,0,0.05067459118312567
527,116,0,0.38837916074177276
618,504,1,0.33403220483486706
352,972,0,0.5860422816137053
136,232,0,0.0541869546260519
476,224,0,0.053828359475122385
505,274,0,0.33457129984496586
154,618,0,0.0585633206371433
919,223,0,0.01294030798705124
932,557,0,0.025646497084987126
1375,563,0,0.04430390194729471
1194,98,0,0.029386595511992623
219,752,0,0.05750351725582451
60,995,0,0.033424002691582674
586,667,0,0.0563601365059583
1048,242,0,0.04238316004290535
861,625,0,0.04896301852508047
906,628,0,0.02607556992520993
1682,908,0,0.01609440303411124
1094,599,0,0.05245866936873337
529,585,0,0.0690142931012399
120,988,1,0.3856449989958392
1297,592,0,0.011479423373951157
724,493,0,0.03038787349954078
1709,865,0,0.047095411185645704
1356,924,0,0.02063730567982471
135,110,0,0.03936244214867715
351,5,0,0.019865215887310453
159,124,0,0.052483983453376376
643,999,0,0.028409649053102753
1132,943,0,0.05962579075657655
1584,495,0,0.03854396361145867
914,394,0,0.3675423314570386
1281,280,0,0.554378757562681
699,384,0,0.015938437376959616
435,53,0,0.05699765532469392
192,56,0,0.050172198186756965
258,911,0,0.042415174992607795
1283,124,0,0.03442505502456832
741,428,0,0.03897805483907035
1739,68,0,0.05671106395559049
1752,369,0,0.049529632360020184
669,983,0,0.07142911996973084
503,109,0,0.030964671794336054
1980,8,0,0.042438387130023236
178,81,1,0.4265287094169017
894,944,0,0.07195022466528553
1302,839,0,0.048564826451789694
813,620,0,0.025051887897790073
403,474,0,0.03498619119153872
975,760,0,0.33749982297687736
783,138,0,0.023526737984609983
347,557,0,0.05187478046305238
211,236,0,0.03886609914588361
1054,47,0,0.030373869661592827
843,359,1,0.047242451393863266
1651,287,0,0.010156657818620825
1334,425,1,0.04282385236386095
625,971,0,0.043798235189169324
1119,616,0,0.014008173408397398
174,568,0,0.0576572849261915
446,189,0,0.010912936306822454
1882,592,1,0.609013034092949
622,500,0,0.02946536933004941
1504,881,0,0.02597388342287401
1125,485,0,0.0596424285276285
936,622,0,0.03601891153930325
274,106,0,0.025055390739762373
469,939,0,0.0585757304612524
52,915,0,0.02531077509690587
426,741,0,0.035854596112626404
1462,109,0,0.025730140351561605
1739,575,0,0.058251327283785084
1149,460,0,0.05716292809716989
1377,156,0,0.03998764229434279
1956,883,0,0.5451132270713397
1947,789,0,0.048632740425171066
804,274,0,0.03701233685610212
1440,984,0,0.02610001346583754
1002,276,0,0.03262896650712907
246,530,0,0.01333227709929903
85,438,0,0.012523090972504682
1138,37,0,0.037703458950093735
1973,896,0,0.045190501979498
133,371,0,0.040834567874726786
608,993,0,0.015843368352094867
1157,334,0,0.05361794761019566
1432,914,0,0.048940253635033064
1799,412,0,0.03065273012503044
1850,330,0,0.05685683861893655
1203,846,0,0.06532123945127524
1964,737,0,0.29812974994032854
876,751,0,0.01833899460433354
890,27,0,0.04489147486670337
761,13,1,0.3053076734192769
1099,897,0,0.06795360470082762
443,184,0,0.03697910975215566
513,601,0,0.04836733637374296
1361,478,1,0.0608288871859346
1042,419,0,0.035675381630816995
1038,447,0,0.4722977532353584
1067,761,0,0.05374856605555473
758,756,0,0.051105882529939244
230,470,0,0.04331115550916239
610,677,0,0.05844773911925487
135,57,0,0.05718454567506877
1101,990,0,0.036326498729759
1233,591,0,0.021197476990305372
634,972,0,0.0549785389299021
111,285,0,0.05342970099692827
488,622,0,0.03628070376054585
186,177,0,0.06300168076475261
1106,468,0,0.012987089285856214
1245,23,0,0.012476981712832593
240,818,0,0.03246177537506427
1059,755,1,0.04431425412553826
1888,117,0,0.05066883578482168
472,55,0,0.060550663839752036
1623,684,0,0.02951724874050858
803,88,0,0.02560849130430492
1664,599,0,0.04684289797245133
643,130,0,0.044668331573218444
1028,914,0,0.020588110410590263
172,985,0,0.027525746253761453
433,437,0,0.05085913744112577
1232,685,0,0.015571546633133329
641,702,0,0.026876478729463797
125,516,0,0.054686782774048995
1539,661,0,0.45894297063909384
1230,347,0,0.04962301179856842
1241,320,0,0.05117906955718548
217,518,0,0.029868362014650644
894,924,0,0.0756877035044102
1557,541,1,0.05513447521800172
793,550,0,0.03165690587923083
1675,631,0,0.03320181092352078
1977,812,0,0.03091780741087348
1259,613,0,0.043839468777723455
259,591,0,0.023075925476497068
424,166,0,0.03455041868022144
507,447,1,0.041895539008773956
492,996,0,0.2625594625010239
712,171,0,0.40911148652534934
631,372,0,0.03693577461202989
1574,997,0,0.016234403714036456
421,480,0,0.05248937736281884
1235,128,0,0.04117106693160553
540,909,0,0.051218596138446475
1788,930,0,0.04563582842613125
505,674,0,0.013737575005816762
1369,868,0,0.05570306335791283
779,708,0,0.012901211601557307
625,10,0,0.04319351680900779
239,147,0,0.05725671488929023
386,633,1,0.4772376473606429
961,454,0,0.03206305626546784
1206,193,0,0.05829369850302161
1675,776,0,0.05139892395787745
1240,53,0,0.03737453391996177
1075,54,0,0.04811779985621112
210,289,0,0.4693457910031419
562,97,1,0.48400717631102125
1748,376,0,0.041700548414672356
1878,786,0,0.03131294177146182
102,972,0,0.016570855279275945
404,12,0,0.023528270747355966
1229,692,0,0.03977852915666828
1992,301,1,0.5700246847290655
64,392,0,0.04546418910174338
114,353,1,0.5510330771401211
1447,281,0,0.03352727624730165
1446,537,0,0.01898205799926888
20,764,0,0.0431815745735088
868,729,0,0.040378526696044185
1842,170,0,0.030840979983250645
181,32,0,0.010315238769030862
651,830,0,0.02616940377143058
1891,289,0,0.034352826438979654
346,305,0,0.019390483935977733
286,539,1,0.3060124421365787
1506,494,0,0.04878752413758501
52,487,1,0.4335804466803617
1287,360,0,0.01312623995741696
398,948,0,0.04427636047496318
1328,450,0,0.03253440560497306
1544,625,0,0.03921828634590569
289,605,0,0.05663984530179837
879,871,0,0.03398794681404304
1575,241,0,0.02501052318287649
195,803,1,0.03953280935833616
880,277,0,0.05229846540990967
1419,459,1,0.03474500432277142
860,250,0,0.031625186146839124
1829,99,1,0.0516424148323872
826,133,0,0.023529264213952197
1082,971,0,0.04712427130297834
1607,35,0,0.03345040009238205
894,570,0,0.07996110104093408
38,704,0,0.017688618662264052
915,883,0,0.036296266493466886
1543,813,0,0.069582696849331
328,790,0,0.03822523725240594
1808,86,0,0.012017912251646088
1134,731,0,0.5960697759685255
1321,789,0,0.014760020052997482
1336,419,1,0.7378663887959732
1253,325,0,0.049662633131377164
112,938,0,0.0505544214484162
451,271,0,0.05473612764141608
1324,388,0,0.054051966898081005
1590,297,0,0.021948393685475534
1862,544,0,0.04768696945895953
1136,682,0,0.016938961932090414
1011,972,0,0.013242656296358388
1776,778,0,0.036972838784939344
59,630,0,0.04943912933532187
416,472,0,0.34725271220771636
1769,749,0,0.07619352486092472
1948,573,0,0.5624331739650114
76,441,0,0.045749018942712896
522,635,0,0.039275359793130855
1969,945,1,0.043865453723778085
213,572,0,0.013988888026550385
501,38,0,0.43442559547006965
1432,788,0,0.045593011141145896
1077,5,0,0.05006879776619241
195,195,0,0.03697693382759038
675,899,0,0.06725931131907299
1874,5,0,0.021897162075747698
1542,868,0,0.39181208737487283
442,591,0,0.06514075000107232
1641,646,0,0.032238686394561636
289,818,0,0.04915172562062196
1478,410,0,0.48124600911351456
1680,982,0,0.05708625613948575
858,268,0,0.04111934931182592
24,565,0,0.027465928565274043
1025,877,0,0.04855097771365388
568,967,0,0.05503261101972516
10,728,0,0.5105086152002385
870,123,0,0.05401884394638935
1842,675,0,0.03475019721020853
115,726,0,0.05370853197955901
1427,111,1,0.05649264395146304
161,874,0,0.03547171244690735
829,134,0,0.021153092395413832
724,149,0,0.017711011963176093
1312,642,1,0.5257434629411969
1310,304,0,0.5114160237405343
1253,89,0,0.028756237620714727
192,77,1,0.40424266253405644
140,883,0,0.045704600077141194
461,565,0,0.41078144867282695
1959,428,0,0.026379825524482724
469,842,0,0.45973383167751064
533,699,0,0.02643404950703225
533,569,0,0.013712818655660666
1786,419,0,0.011694255532956818
337,414,0,0.0724863230526923
47,406,0,0.041695949476269416
30,630,0,0.03148750283071921
1950,366,0,0.04120698687229978
892,905,0,0.0685523995457175
1428,639,0,0.04659442989211583
762,306,0,0.050448083688423614
1204,317,0,0.026567623823394337
906,258,0,0.010590244991926068
609,576,1,0.3950692642234623
1647,88,0,0.05042798131415579
1233,321,1,0.6426673366293079
1103,744,0,0.014306077635815047
582,173,0,0.03709221370790824
626,917,1,0.05638151353485539
1096,526,0,0.02555916881468465
847,773,0,0.03991172759613908
1059,961,0,0.5140001369941957
883,109,0,0.02528200060110617
418,885,0,0.05795135558240988
618,796,0,0.37999082298547754
1444,215,0,0.060026539769581895
1810,455,0,0.04738413993903378
675,293,0,0.04759916947286211
1438,703,0,0.030799918987342252
1751,804,0,0.026228429589318238
619,874,0,0.05263140634688519
1781,56,0,0.04222495198189552
1337,849,0,0.01689874838625452
440,93,0,0.024303790370787864
1062,513,1,0.057438537439848315
1685,685,0,0.025741379634259272
1661,331,0,0.050613550288961355
761,217,0,0.3578144301286609
1887,905,0,0.036478318581008556
1173,311,0,0.2617958188198377
1066,395,0,0.03139297536605174
514,951,0,0.03874796166784467
1404,700,0,0.038234481134046996
1401,392,0,0.519349993121421
795,451,0,0.0369967744009114
1948,232,0,0.023681960672439037
152,36,0,0.056117226547816756
218,266,0,0.054567129863942715
1008,567,0,0.3920812409335117
1656,418,0,0.033835160422202464
500,997,0,0.0379028529299476
433,886,0,0.019010382911643288
1135,23,0,0.034885066895087885
1624,791,0,0.0462127964527273
810,891,0,0.018484457936531126
1624,408,0,0.024760231212340167
571,843,0,0.04821361068101212
405,759,0,0.038821770378081225
995,299,0,0.04010722610540039
1975,518,1,0.26943493190379686
570,852,0,0.0509462214257392
1467,760,0,0.010190317362177733
1690,276,0,0.05827074389038048
1902,352,0,0.032533278882493875
1041,704,0,0.01848721212460349
857,882,0,0.07602950562841072
1150,652,0,0.029718458923482412
1648,15,0,0.049676346502506026
1323,379,0,0.05832367713873167
884,296,0,0.04889819582772886
554,168,0,0.01925862647385794
1813,228,0,0.03976666151857617
56,264,0,0.044744786788624175
1908,386,0,0.022044893893117486
1185,700,0,0.02778780671852292
1490,215,0,0.022946183397199556
1073,926,0,0.04797591077186469
833,254,0,0.01308411273028824
407,474,0,0.05371720414009593
1572,748,0,0.011514518499613798
1189,621,0,0.05216677553330639
491,792,0,0.03421618562771456
681,327,0,0.41571217650115083
460,713,0,0.027785078799661758
1541,157,0,0.4661758832614904
1575,491,0,0.029683748826820774
692,230,0,0.052486808208598336
1285,946,0,0.04872693549243284
660,337,0,0.050715577523717054
1718,752,0,0.4887395934846193
1863,421,0,0.024182360778605062
1127,318,0,0.2781452841179457
686,217,0,0.04646752379719563
337,743,0,0.06039275287719242
902,923,0,0.02666380758136056
230,401,0,0.05911656319866122
1444,505,0,0.050463590932517864
1417,394,0,0.03983408790404794
1129,512,0,0.052564642396016874
1246,814,0,0.037420524103635576
1356,148,1,0.057228470841902135
1370,160,0,0.07529687454355283
828,616,0,0.05617481290520296
234,89,0,0.019960112737703564
418,900,1,0.3578508217561163
1957,629,0,0.0200169211551692
907,501,0,0.4590201103570763
1047,346,0,0.02004395205009813
560,113,1,0.39047115299649265
497,368,1,0.6530483857594456
1349,264,0,0.01974072307335814
1642,673,0,0.02698844675020489
1456,997,0,0.03709485267537777
584,845,0,0.026931770269491277
645,581,0,0.05756392082364818
1136,372,0,0.05106134421617907
626,25,0,0.05466072081748627
1932,184,0,0.02578602890799455
381,557,0,0.030726429354426432
1587,264,0,0.012529472829051926
671,180,1,0.4713047318262197
876,978,0,0.5578706121581759
18,474,0,0.04022050597876536
1076,701,0,0.06435444583327171
646,12,0,0.04300252123150385
1386,993,0,0.0444682127720876
736,54,0,0.03202285419786266
716,346,0,0.01881709014410054
488,681,0,0.019251604811225245
243,530,0,0.021606567674129946
1260,682,0,0.02110457520331992
949,611,0,0.04214606618239515
1665,424,0,0.04433150522988601
185,871,0,0.37054806186193034
965,216,0,0.07367695858557387
1038,310,0,0.012204701517217295
1314,653,0,0.39999320613789185
529,380,0,0.029148606549183338
307,183,0,0.0233587908753676
1123,505,0,0.4066724929965147
1898,977,0,0.43175087828535674
618,343,0,0.02377511499066125
1636,879,1,0.3460542737544168
1079,252,0,0.05096093547810466
426,178,0,0.05836626488452878
1541,335,0,0.040448068016583974
1547,608,0,0.5299233960599258
710,418,0,0.48897051033626726
685,187,0,0.01726213156745023
1704,173,0,0.03715490959091973
1226,250,0,0.011388099428468941
601,258,0,0.0412892416211637
1382,990,0,0.015158403251554145
1786,240,0,0.05572469148679528
227,245,0,0.04914610287710449
1685,231,0,0.01339642088383399
1629,781,0,0.04225903308506197
700,671,0,0.026864579834763834
1060,848,0,0.03885665134672389
1822,416,0,0.5420914412323145
748,13,0,0.03938726186425347
1751,138,0,0.032466631952387484
220,754,0,0.023932106434017233
1849,945,0,0.05329502801498937
1145,386,0,0.034420097748413175
317,130,0,0.507906500141628
1833,718,0,0.012182679579205838
1152,679,0,0.04587288723193913
1135,334,0,0.3832030237588957
988,132,0,0.027679007410585016
1212,731,0,0.01903268481096284
1975,864,0,0.36814820323216957
1620,38,0,0.01538580669876516
1013,559,0,0.0492721499554809
495,154,0,0.06079251268853783
737,315,0,0.04371465031852598
1299,991,0,0.027618624475390194
91,447,0,0.4026416682457936
648,991,1,0.507474261007856
1030,690,0,0.04001604733904936
1051,812,0,0.05806331613395419
1352,720,0,0.04185749085540309
983,360,0,0.050645067912326217
1361,558,0,0.05959414766727386
940,679,0,0.02007435390449444
575,56,0,0.013261623131024594
1497,309,0,0.014774556151154108
1890,643,0,0.017233188292349516
1540,361,0,0.054219331522070285
1316,367,0,0.036946607666878475
935,835,0,0.04776748824155292
540,572,0,0.022126847150853002
1780,865,0,0.04656676063070708
748,490,0,0.03887498911921119
1569,70,0,0.05315758566702166
247,773,1,0.7414830669439236
227,503,0,0.049441465506743935
846,567,0,0.028288414317822287
221,353,0,0.048318087518745105
1161,330,0,0.05854528731273363
1999,407,0,0.0168968870063834
725,526,0,0.024512289753777977
1324,75,0,0.017449556918028228
803,246,0,0.052893065686195166
710,250,0,0.05492232804293062
1275,880,0,0.039249703035387336
212,161,0,0.011086743559618016
227,32,0,0.05680022989618723
581,82,0,0.01022038200846516
1757,619,0,0.07031267246830944
1965,650,0,0.043291305068072834
439,945,0,0.4747804510833421
1896,721,0,0.06658365755941176
69,314,0,0.011764463002405499
836,924,0,0.3695410996944426
980,658,0,0.0195973599288798
1023,428,0,0.054217219344516995
952,450,1,0.8882913131992979
691,945,0,0.015214404213058232
331,894,0,0.4534260854655876
547,555,0,0.03995423741025927
403,488,0,0.03960139617576332
108,200,0,0.07012876434357809
1545,683,0,0.4151218102511113
1608,576,0,0.03023720973959952
1780,710,1,0.5760380488477898
210,719,0,0.5819441648760322
946,186,0,0.02550867372279956
365,642,0,0.018621136688322448
1418,866,0,0.036785917946939306
1470,269,0,0.014844414529804457
258,776,0,0.04996327292441837
707,818,0,0.022888719004940463
1051,218,1,0.8177379471021707
586,739,0,0.011406372482916413
320,780,0,0.055985449115386464
304,164,0,0.35242718919707283
1452,203,0,0.021664078585749303
631,644,0,0.037010424427766385
88,724,0,0.051790198901114144
1303,990,0,0.05476547841982135
1762,396,0,0.46424219996347144
381,533,0,0.016781542256167195
227,622,0,0.024362251041937552
634,232,0,0.04273171693546331
1749,319,0,0.48629607882612685
18,992,0,0.028854950748808526
1191,702,1,0.3597362119763654
1451,668,0,0.050773508501467494
765,43,0,0.06729257451973937
1874,950,0,0.2507812979016729
308,787,0,0.038484925218693164
1046,109,0,0.040314530262932295
1842,413,0,0.03999257499958399
684,892,0,0.043311562085888954
225,78,0,0.0191137624411167
1131,353,0,0.028032356915303612
563,420,0,0.03549187781187672
1741,119,0,0.030769794435647792
1951,884,0,0.015526319407835528
1210,768,0,0.05138214230628504
1267,748,0,0.0414985195028313
1621,824,0,0.013575721633171042
1948,152,0,0.03881828183085754
236,584,0,0.39683344554572764
332,470,1,0.47598113170775386
317,23,0,0.047256438590869414
1492,594,1,0.4920777160574529
1338,146,0,0.01777141480049135
840,398,0,0.012875167824536023
419,6,0,0.030428768432727876
1093,846,0,0.026296616538402436
1364,874,0,0.05314136980914193
337,681,0,0.02644412363739545
330,790,0,0.02808102271725376
1508,395,0,0.05727977254591999
1138,194,0,0.023917472925366192
1204,332,0,0.028589400717992597
1727,274,0,0.054050572595658763
823,848,0,0.05793792013933318
453,224,0,0.022252749564046055
360,224,0,0.034152403223691175
1568,436,0,0.07417989411372682
1942,684,0,0.05885153331996454
783,422,0,0.018318547783706694
940,420,0,0.06566075460576691
31,699,0,0.010720031529603765
325,322,0,0.6255549162384849
1390,457,0,0.021044393418158194
272,659,0,0.028108847495615534
1155,211,0,0.05676379538754392
470,165,0,0.06894364935494596
1821,176,0,0.041489215564995116
467,169,0,0.03973248685337545
1808,127,0,0.02264174567554416
983,229,0,0.028471750334876374
225,426,0,0.05561421524972433
1323,374,0,0.05003559055392779
1344,687,0,0.021611976280864465
1637,109,0,0.01575618399497545
62,220,0,0.04214382328752958
1061,236,0,0.015285016450262503
783,126,0,0.05334789541465649
1141,277,1,0.4974069604311611
280,983,0,0.015454427921652684
1335,901,0,0.014892210453462314
1421,131,1,0.038938937891612
1962,246,0,0.023085972803233757
1057,460,0,0.01925629883409207
24,191,1,0.5169149808105541
185,806,1,0.3951344757194927
1175,316,1,0.47566767970851387
1690,375,1,0.5253242707924325
1703,946,0,0.012541926170568969
691,210,0,0.07152703928930475
1669,300,0,0.4430445863223419
1159,0,0,0.385952932864502
593,15,0,0.05768420625947542
1967,443,0,0.03030102554864185
1521,130,0,0.038586588210387913
715,406,0,0.023122309232641913
1909,740,0,0.05974831484348262
295,295,0,0.04954921336268047
1201,991,0,0.016345369052347892
1728,897,0,0.022294550249135448
522,89,0,0.04992728623587158
41,302,0,0.043777975242257815
844,35,0,0.05688843745698445
550,491,0,0.47925318079167556
1118,945,0,0.016306661628215143
1754,957,0,0.05934722605502505
109,475,0,0.03613533399748178
1514,4,0,0.014755573885242824
203,302,0,0.011084349778572252
349,403,0,0.4225551427236764
422,380,0,0.038009418605180506
787,470,0,0.017703485082885186
1402,716,0,0.03181036332482805
318,268,0,0.04741282400015336
577,242,1,0.6167354529602578
1816,76,0,0.05901292259468518
914,122,0,0.01113828849903706
1429,867,0,0.015990113314110477
976,651,0,0.05194747591826797
1063,680,0,0.05693304051663465
834,280,0,0.16894178652525324
1111,316,0,0.04807373029417766
1444,177,0,0.031893169547418374
1076,157,0,0.050388953681902014
1359,272,0,0.01749974825408053
84,29,0,0.03374042937235415
306,963,0,0.033468428356987885
4,187,0,0.024296982606186394
1494,686,0,0.07487968832730212
818,815,0,0.049376772930219796
857,853,0,0.034303650111972984
1485,36,0,0.0571554098910806
541,190,0,0.029388892170534038
1711,719,1,0.43796468986042003
530,396,0,0.03490686867153307
705,788,0,0.023751085651938036
1660,901,0,0.0356381768517412
381,851,1,0.2948574228301806
1133,333,1,0.48299905063442045
441,576,0,0.02314252194716225
154,239,0,0.016381980104852964
523,413,0,0.0390356123638529
25,944,0,0.06927046703022119
1253,48,0,0.022152744716863265
956,67,1,0.011579298311675985
1423,621,0,0.02323808766099635
1002,937,0,0.018190203644887628
1826,537,0,0.03956528552944959
1779,963,0,0.01931052821421297
1106,123,0,0.020369478132033242
179,963,0,0.04221440481033338
441,112,0,0.05708676622079217
264,475,0,0.032176495878844275
488,838,0,0.010640812389218098
1011,646,0,0.5199612473606993
1683,707,0,0.04907378662624877
692,901,0,0.040236983294080195
1298,734,0,0.017646157802734368
427,876,0,0.06884542867855906
184,786,0,0.05095299475030537
1851,747,0,0.05778108532957706
284,87,0,0.03553282574546085
691,596,0,0.010050278058973426
1539,584,0,0.05025787480834484
1796,365,0,0.06815639361328825
1241,712,0,0.010384382791644789
446,547,0,0.048919237951019726
1145,76,0,0.012562308665931984
1259,48,1,0.018666614107399074
675,918,0,0.011733424605500484
244,850,0,0.01868537857134829
1618,735,0,0.05012760421728731
176,814,0,0.02744939418053592
1722,809,0,0.05347140909689164
1142,343,0,0.028925159867568113
552,128,1,0.42149130247744815
1310,960,0,0.04847552025778995
1020,157,0,0.4048259430192832
593,577,0,0.05510375838967439
735,203,0,0.03312755946373803
605,449,0,0.02878424503796967
138,986,0,0.05741441242030544
1501,657,0,0.013275531990778425
1809,271,0,0.6661783328667329
1029,103,0,0.047046638034883036
1106,889,0,0.03384604307794784
548,156,0,0.024332783552916782
1608,913,0,0.4888123261738344
432,547,0,0.058636231078522796
327,302,0,0.5622403670195456
1630,415,0,0.0523655394708661
788,642,0,0.019133767149736608
121,661,1,0.5545426742812408
703,922,0,0.010836956917491055
1849,436,0,0.011115215145578502
37,34,0,0.057909652923817924
1733,976,0,0.03769959057523635
1023,562,0,0.038057727586869275
381,468,0,0.34759676235703124
656,305,0,0.032933807085633156
637,727,1,0.6671715051030194
1840,454,0,0.0170509724850183
1464,937,0,0.014123735751164587
1990,645,0,0.024313276377023477
1929,476,0,0.018494544532654575
181,107,0,0.02028733161652357
344,864,0,0.3106611597432496
264,511,0,0.055366719082169044
1166,312,0,0.3994611910580165
1661,229,1,0.04071275454984846
1945,973,0,0.02250086708506817
1209,651,0,0.020816579204053217
901,212,0,0.021178160470850978
895,133,0,0.3841809514292691
1906,440,0,0.05481269342633347
1489,816,0,0.023467776104671025
1911,842,0,0.3339859279885859
1283,349,0,0.05862220685823238
1358,826,0,0.056385053827132235
1559,192,0,0.04469228339866697
1788,963,0,0.012089487761802522
364,365,0,0.024203822939612565
447,321,1,0.058437871813095045
1655,201,1,0.5098674270883011
923,878,0,0.021893763304613206
1258,936,1,0.04864889557388526
1343,676,0,0.034720669207415414
800,158,1,0.3887640647606582
68,946,0,0.36643623952042126
76,737,0,0.01663493457857923
910,660,0,0.03495008363285682
1520,990,0,0.018283565631136006
1713,579,0,0.057016897544698776
558,274,0,0.027429079841100303
1697,765,0,0.04587756972922025
746,897,0,0.013417731040081034
492,990,0,0.38771755598690855
1256,37,0,0.03606914769980061
1873,675,0,0.012016891048311315
36,249,0,0.0338133405440368
309,705,0,0.015521242327035558
1388,300,0,0.5050821899368867
241,393,0,0.04225691517966692
1000,418,0,0.059662089829799876
1931,666,0,0.011583847436267017
1998,754,0,0.03218363801930249
1039,11,0,0.427993304923966
422,169,0,0.028992485280790188
801,705,0,0.05329220046710594
21,560,0,0.053099446348044366
786,896,0,0.04508708195000053
1046,133,0,0.014976065392161127
530,227,0,0.020236063574099426
1628,549,0,0.05122572570361717
1927,333,0,0.03811619931223047
155,388,1,0.059332749812465405
120,138,0,0.041281807986568456
1804,505,0,0.050463339795162744
550,796,1,0.057983147056584985
1402,37,0,0.958780741188556
667,456,0,0.2738551102621548
1164,474,0,0.5396032722867103
772,873,0,0.055721560355125745
806,673,0,0.03323476182734626
941,135,0,0.025729808337449055
1298,717,0,0.06707390077682343
660,278,0,0.3261898748547491
107,974,0,0.038939077425145546
554,657,0,0.053394042828274486
944,111,1,0.4140827685972131
675,893,0,0.02121735634155488
1079,898,1,0.42869556682532334
450,786,0,0.022286928818530366
1193,292,0,0.47602592528231474
874,655,0,0.03097901381591718
485,376,0,0.058624433478433616
341,399,0,0.04872201042456515
1099,890,0,0.07296816152643057
1892,499,0,0.05642008630857094
1375,91,0,0.03582801720965937
8,66,0,0.0390082473057225
1307,715,0,0.02695200927385793
1870,336,0,0.03515533467531522
541,225,1,0.539730890821063
1044,518,0,0.01873262004790139
1595,322,1,0.058961457020186
1524,695,0,0.059366472620548956
490,699,1,0.017470986892708273
374,277,0,0.020764565370884575
1457,138,0,0.05599607605250775
1113,840,0,0.014466501838696445
892,688,0,0.012272580564038349
804,614,1,0.039121641230594244
1128,74,1,0.48542902818518663
654,508,1,0.05743996514421494
1308,178,0,0.04876581956519026
1746,953,0,0.05300631430695177
1552,915,0,0.06360290952236668
1750,736,0,0.02902798347708234
1736,987,0,0.011551172476856511
1017,633,0,0.012056657201327621
34,976,0,0.021278158914537146
363,752,0,0.019777515595944872
1233,143,0,0.045025218837736816
150,720,0,0.015444285285963807
1042,558,0,0.42736622395371243
1099,171,0,0.05952587315054893
1711,758,0,0.0190811625378577
123,221,0,0.014420244516175504
1330,657,0,0.05034328190389634
1678,29,0,0.027678840652384587
1100,543,0,0.03889492209413496
1889,265,0,0.04382906104075102
427,602,0,0.0599097078109437
1811,52,1,0.03350385988566966
697,464,0,0.043980090864459406
754,642,0,0.05051996854192082
643,533,0,0.015935813816602352
1952,21,0,0.040135661551253504
113,374,0,0.03428007998130843
1512,225,1,0.04832858815064638
918,622,0,0.027304362191072733
1913,430,0,0.03567418833797282
1133,118,0,0.010877586574863653
1662,150,0,0.01855205175287053
917,101,0,0.044716336167676854
1434,761,0,0.0490526710623633
1530,718,0,0.035259592301620214
253,766,0,0.04919264998759287
1663,795,0,0.4671787415246953
678,172,0,0.015716701161984793
520,471,0,0.01420748198966323
685,593,1,0.03955600103092495
1871,625,0,0.013579148091058046
830,264,1,0.41665748045764656
790,570,0,0.043421634820249896
201,549,0,0.047615835009603494
1204,845,0,0.05394468115452998
1638,624,0,0.04067061308021868
1817,376,0,0.02786270820683505
295,878,0,0.014956323369117959
1657,48,0,0.03578769920578882
1190,200,0,0.07861193299599502
1598,257,0,0.03139528075981301
361,174,0,0.02130775110581057
1057,657,0,0.053214623653987735
627,765,0,0.013445767537102762
331,447,0,0.023057742498281047
1199,255,0,0.36300280577991845
1918,871,0,0.02745787920956734
1314,24,0,0.026312390724917853
1901,505,0,0.039326685669495674
1192,18,0,0.032331667357016106
1416,806,0,0.040883547630745545
139,474,0,0.030251637249368787
1156,954,1,0.03782987282943487
1338,197,0,0.06394880861725602
422,849,0,0.0494961573289629
1479,467,0,0.5272003001064938
1523,906,0,0.05744292368584143
1272,60,0,0.47615416264029053
1973,305,0,0.0533442164571134
522,374,0,0.0394972167651117
1238,819,0,0.0454796315794388
1918,116,0,0.033940108115109405
971,767,1,0.04607013850207865
1600,282,0,0.01627887894984819
107,255,0,0.05426177847398885
1960,782,0,0.051820530946745415
333,100,0,0.4209002136340146
1491,17,0,0.05208592998802407
1599,381,0,0.012880301081688254
1545,256,0,0.016067772278478984
20,341,0,0.01232827654799142
1610,368,0,0.037603722082184696
374,711,0,0.029940623969346915
1786,72,0,0.04493290495746413
624,728,0,0.022535356461068187
436,993,1,0.5292503204282674
1470,234,1,0.034053313858240654
1379,243,0,0.03585080605068238
752,830,1,0.23490873691666023
1417,225,0,0.053034319938539895
1929,985,0,0.04558415511875788
1783,504,0,0.011369782275273223
497,85,0,0.014961408328516114
1552,391,0,0.05282635445553835
853,581,0,0.47162450671563194
231,535,1,0.057141115356927175
1206,83,0,0.030696626340251464
1833,55,0,0.05699285196109192
557,77,1,0.49917433979684095
1916,138,0,0.05155926730867135
585,932,1,0.6066377522581466
1846,132,0,0.05981709366514371
1921,581,0,0.026658499717506737
1047,736,0,0.041792520072090986
1532,366,0,0.036593358608037835
1406,547,1,0.05644602580399957
1097,899,0,0.027327271923565807
1104,94,0,0.03381023400532006
521,422,0,0.3735109940864595
158,354,0,0.04414126068246104
480,401,0,0.023219261767986783
846,838,0,0.013609271107713308
163,522,0,0.02590946405088773
1668,572,0,0.02927337269101315
1678,97,0,0.05001227444421165
1912,680,0,0.03909674157383481
767,320,0,0.0292406430282817
1885,755,0,0.054732271990490765
1996,843,0,0.0449097304788791
42,207,0,0.04004935950347171
588,308,0,0.019717226961778855
456,316,0,0.0673805165479356
858,992,0,0.03999433053439902
243,893,0,0.0329635950581511
1642,24,0,0.032037547467540325
32,706,1,0.7073642616374082
791,506,0,0.03740133705824426
144,229,0,0.01434505716065678
1095,671,0,0.05122269279304683
1317,119,0,0.6128719435871081
262,169,0,0.07449627380732242
1006,619,0,0.047817066403022045
739,926,0,0.028631753119742476
1999,741,0,0.05427281936625876
745,507,0,0.0373272443787839
867,290,0,0.05835252974859738
1757,3,0,0.03553825098211428
429,164,0,0.039085321242989406
1618,769,0,0.025113433247841183
1466,711,1,0.4009051835045716
290,370,0,0.033990378770103344
1564,73,0,0.032816176934819676
1231,725,1,0.8429715158171928
420,510,0,0.01863769214462969
362,6,0,0.03761221694072404
74,796,1,0.3176417253546102
495,376,1,0.04089873052994212
40,106,0,0.019838616195747054
83,105,0,0.4339697684648285
841,873,0,0.05407708726968803
1759,341,0,0.07385136340605583
271,108,1,0.5820371995183242
1160,54,0,0.051469860083805795
86,619,0,0.04855688479862679
688,396,0,0.051970734250943375
1291,874,0,0.013800794402930574
1075,34,0,0.035975107878547956
1853,3,0,0.013153785967642086
1805,405,0,0.3613460181496461
965,355,0,0.0646961469919373
638,603,0,0.05687182227267094
1330,159,0,0.05680315605046374
1649,901,0,0.04962079998466341
1888,744,0,0.030455251046636225
641,601,1,0.40944204995637296
826,507,0,0.046830118695665404
1807,663,0,0.02965866229407943
325,28,0,0.03320046086283885
408,711,0,0.43176830947660955
1096,367,0,0.01808482826536225
694,770,0,0.05621172271875417
539,226,0,0.49359078693156994
597,624,0,0.055310144555648075
658,811,0,0.028495691959676592
990,172,0,0.28572342691562
1029,724,0,0.05434840373334218
878,490,0,0.05907972133807106
409,456,0,0.022217807520674114
1811,197,0,0.017582641493860286
1389,577,0,0.015593399632759231
1812,95,0,0.04531292812716379
912,73,0,0.05081376951016552
910,13,0,0.04564351419367278
1705,13,0,0.05954237529305721
1381,878,0,0.01271992803249042
988,994,0,0.05001130957160832
357,947,0,0.03173880119911567
231,485,0,0.04317551178703847
124,526,0,0.06983602781108782
1895,164,0,0.027384045884084128
542,993,0,0.07679283096060836
518,603,0,0.4013012576139897
536,974,1,0.5105162720586445
1151,646,0,0.02383812119146846
1315,568,0,0.0320740817863938
610,251,0,0.029707071369746332
1982,120,0,0.01267036176852587
385,829,0,0.05557129719093761
1092,209,0,0.0276063628428403
1872,144,0,0.47283447905640263
237,708,0,0.04560644282478963
110,521,0,0.020151877306353504
730,53,0,0.016264816780377556
1143,476,1,0.44780667068146224
1706,41,0,0.054573105163801344
313,116,0,0.04551585081233186
1400,362,0,0.06942502916649744
1084,777,0,0.027865323509286416
1092,50,0,0.035279498535911384
1331,511,0,0.4160695021171129
1149,910,0,0.0328596660766049
573,564,0,0.04802682713517164
356,65,1,0.4946253577670445
1804,814,0,0.029499475405354213
1508,340,0,0.07269554380954578
33,703,0,0.03086874402281259
1494,936,0,0.036267650127142045
56,682,0,0.033741264212389065
451,696,1,0.551290120365326
1427,79,0,0.040990193539058785
995,587,0,0.034483603646337554
1189,743,0,0.03628607196628885
1323,696,0,0.06153019553100723
573,176,0,0.01957986983075548
643,674,0,0.054361022873292565
1099,298,0,0.046212847616540716
1677,901,0,0.021772671324069973
854,783,0,0.03358946976063608
1841,510,0,0.05961108378845466
456,749,1,0.047280584603345464
1089,93,0,0.026929750969594615
780,340,0,0.04169684713407766
682,431,0,0.05386511412926421
1230,554,0,0.055964246268840646
760,373,0,0.03977654530416668
671,754,0,0.05681751447559234
435,285,0,0.018203221184479847
1409,299,0,0.011820765022755399
563,570,1,0.057203616775636845
1956,128,0,0.02674657043504003
1556,71,0,0.03601728275746913
654,81,0,0.056942220702174105
619,399,0,0.023813114699101343
1694,559,0,0.025888859769800945
484,68,0,0.025831515345363036
1540,276,0,0.05399566307834872
330,73,1,0.05895323272339915
39,756,0,0.057355048625106195
1758,12,0,0.3941412705518127
84,148,0,0.041957634801691755
1551,85,0,0.01896106663806086
999,677,0,0.3960044535689684
45,956,0,0.3201567631527332
484,276,0,0.017441089289530982
1639,483,0,0.05300300469338242
896,440,0,0.020882633171455223
506,339,0,0.03588065656376013
1462,493,0,0.010218562498431368
1044,860,0,0.07652753689679435
883,778,0,0.07319012178738453
1231,271,0,0.03248030470243512
345,189,1,0.6200855169892783
679,328,0,0.019986733148006385
1846,81,0,0.026793001204375937
779,715,0,0.025060465069544118
754,837,0,0.4611050963607086
246,70,0,0.04132663622820989
1262,764,0,0.011161652081088616
621,180,0,0.05518458382555207
706,881,0,0.024637883366599382
531,334,0,0.03841152933011864
1797,953,0,0.0691387054870247
686,226,0,0.042443689936117336
443,722,0,0.053998018539089705
1872,167,0,0.013063925952027957
863,688,0,0.05641236007237579
1273,834,0,0.05159489326589714
52,4,0,0.42259503229064144
1551,324,0,0.03597899338849544
1301,417,0,0.03812030418046048
1901,313,0,0.03738131548271087
1387,21,1,0.5266003291355342
1571,133,0,0.06780935126900615
1590,573,0,0.056153123537012684
501,220,1,0.49200634153166634
1868,237,0,0.035711851676204054
1345,0,0,0.4520210818750241
1894,296,0,0.03777309393482262
1652,316,1,0.4222639224982539
1030,4,0,0.03480480799261152
890,446,0,0.05081648178333449
1873,656,0,0.022392321623073252
793,796,0,0.03768339391734083
828,87,0,0.019360658927054963
1626,515,0,0.04668986165730126
25,431,0,0.05176207321931531
333,719,0,0.36883117481730004
1348,459,0,0.04657224481937322
1436,722,0,0.05268716805509988
1659,538,0,0.0348375191215624
1167,724,0,0.5066444665508815
226,0,0,0.02662272335415327
1749,418,0,0.03612789516966977
1328,386,0,0.048297633428086933
159,865,0,0.0292841309294909
1949,718,1,0.39441142397897927
1359,143,0,0.04532068500277673
1025,153,1,0.033407215689216986
320,30,0,0.04388127895209985
594,341,0,0.0615880467730993
1336,887,0,0.037262934049627855
695,400,0,0.04512960759374853
1777,595,0,0.050640552376370634
1530,749,0,0.01069477568894421
1219,341,0,0.02950921442789113
793,683,1,0.5274955203587927
1253,505,0,0.014899552881448315
547,272,0,0.034437446268846796
142,708,0,0.029308676352208102
526,214,0,0.02869320290618687
636,178,0,0.03247764996339329
463,976,1,0.446105434131636
50,370,0,0.038080300525942155
221,456,1,0.4100418822206081
1241,395,0,0.050970209591735614
1162,338,0,0.05250662490901604
1608,51,0,0.010669610568006535
1204,37,0,0.0689884547413195
879,527,0,0.05032258856978545
1235,413,0,0.03303081844280881
1530,337,0,0.015753909754937477
1637,607,0,0.03615311442557832
1768,617,0,0.06485633530979701
130,446,0,0.053488739330706324
1781,850,0,0.04939422761910387
1797,508,0,0.03595117321918243
1246,74,0,0.03622422328831221
1480,156,0,0.01136915796950211
40,835,1,0.05791598146676787
269,222,0,0.04338845505429328
1974,727,1,0.058896651146683125
539,618,0,0.05424432398223094
1957,655,0,0.05055395142035411
704,719,1,0.0525943687329747
542,658,0,0.06416406695054598
384,58,0,0.03909688824472023
1923,296,1,0.5235374768816052
1341,584,0,0.02815956934136784
1894,555,0,0.03356098942448863
1868,959,0,0.04942625346894337
301,68,0,0.020196888964562003
519,834,0,0.05163449749246733
663,839,0,0.03326803196437612
226,210,0,0.043750154681170314
789,650,0,0.04622159743977735
511,939,0,0.011867560551906922
1266,811,0,0.012941346668791022
1007,125,0,0.4112682784695374
800,486,0,0.5030383585560059
274,667,1,0.5741013838129425
71,357,0,0.026366181397431097
74,505,0,0.032380397170684146
725,232,0,0.03359363963251533
1108,915,0,0.051629663436010984
1826,544,1,0.40320006050228957
1014,401,0,0.01961194568132429
842,215,0,0.026820625727128115
14,541,1,0.06896486804112213
693,246,0,0.04729142949184149
1194,952,0,0.03161479008745893
793,951,0,0.7018425068688061
312,572,0,0.04395707547392015
1322,456,0,0.04492784117054925
131,258,0,0.03420734188959056
1161,417,0,0.0570568734388017
1137,237,0,0.058200856648102255
380,472,0,0.033352103983808244
444,95,0,0.04485691750683666
1014,254,0,0.02967349117776636
232,343,0,0.024890220051048108
1649,594,0,0.03702553628738124
82,798,0,0.02538706498089586
961,785,1,0.36822486551501993
792,318,0,0.022889003452261733
1728,500,0,0.055189288104413786
486,306,1,0.34985091973804094
1943,892,0,0.05065176209693887
907,634,0,0.05529459152373889
293,119,0,0.010123600272013936
570,744,0,0.42408314796723257
1990,382,0,0.04451578374041295
974,925,0,0.04667915195257907
401,867,0,0.3964111791338045
912,97,0,0.058085673909999504
627,364,0,0.21846902605383337
1103,112,0,0.07422781854114155
1378,64,0,0.041461820842531576
185,207,0,0.03374392239160524
958,355,0,0.028608875677387312
483,472,1,0.013854857778252107
1458,210,0,0.034371691864506934
616,476,0,0.01717228750091748
413,945,0,0.017795053365541193
1856,470,0,0.02495384073622097
1080,999,0,0.059900908966160994
228,98,0,0.038540074659017695
724,433,0,0.03661097081652255
436,749,0,0.02743735304858655
557,78,0,0.01878067905674436
1705,842,1,0.3634122459288409
720,50,0,0.03508100934846549
1247,590,1,0.31596613495350545
966,220,0,0.039651098779817595
853,853,0,0.012137434205070326
1639,88,0,0.31861455065988153
718,442,1,0.49494707226929163
479,16,0,0.048437600552459485
688,128,0,0.05140621652650533
662,586,0,0.026643964264566528
1043,206,0,0.05843847088906546
903,178,0,0.04453377909734499
1331,798,0,0.3801831286712156
1524,893,0,0.029203854425575403
1088,877,0,0.047138537110032075
1773,4,0,0.013141557912358381
459,119,0,0.0355622608994214
1511,668,0,0.0360392113559181
1516,905,0,0.04735821343044906
1917,250,0,0.05313101050107277
35,55,0,0.03645790196442474
1944,312,0,0.033524496128442334
205,853,0,0.500021614121027
398,610,0,0.011039398866724977
57,605,0,0.01456710808206554
1674,285,1,0.47332386716473895
581,919,0,0.05640663256038439
1634,144,1,0.04894914974771392
654,435,0,0.015092382701248876
1826,438,0,0.029925418142699035
73,294,1,0.46886186017643705
1454,773,0,0.34633745555539425
651,141,0,0.03887122566332748
437,779,0,0.07122913855892334
596,322,0,0.5735824788926226
1159,301,0,0.04891595733719128
1458,475,0,0.4577799338494526
1834,391,0,0.017664811442394426
1704,782,0,0.013972224726015333
36,850,0,0.035567921289820156
1431,710,0,0.01821250639804072
1253,284,0,0.058537821706007624
773,46,1,0.513388967872962
0,581,0,0.02496452839970245
1568,751,0,0.012629802688831529
812,163,0,0.03754936300729981
1689,402,0,0.024972107995480275
168,451,1,0.34062017678517925
967,778,0,0.05090101930534426
1876,195,0,0.04531500088032041
1484,73,0,0.059179936726504644
1577,350,0,0.036991829156341124
1009,938,0,0.022080833177748817
253,156,0,0.05699683048861786
1627,639,0,0.03347521103868725
1094,353,0,0.04023315241924154
1673,541,0,0.04257830666570037
1263,380,1,0.46387628090672267
1401,834,0,0.01427738191029598
635,171,0,0.012816587908743156
529,137,0,0.07382683074870708
1775,243,0,0.0220562930778152
1487,759,0,0.06062251885871024
1474,740,0,0.037885774776587104
484,466,0,0.03869608445867642
941,858,0,0.05853640166992807
945,136,0,0.44134487094254465
1185,312,0,0.03640577114586871
815,460,0,0.054763132140703295
1325,138,0,0.031727902340565405
1449,52,0,0.04388291339560468
50,550,0,0.30475059279421945
1284,30,0,0.018267247062356287
262,990,0,0.03895894172023548
1555,949,0,0.029427381191881506
1946,692,0,0.05715395411011823
1652,532,0,0.027765277671066554
923,683,0,0.024174680638278656
779,893,0,0.04129957320381724
1251,94,0,0.30775342442730347
477,413,0,0.026594414883841837
634,107,0,0.4810435301366918
501,567,0,0.03778137159537094
226,395,0,0.0148715026425808
1534,654,0,0.03434226856588959
952,217,0,0.036317749209184715
1918,9,0,0.020595276442990487
312,932,0,0.013804689168742798
352,644,0,0.019919807573362758
1317,974,1,0.3954239448171795
398,15,0,0.3498014522874317
639,219,0,0.4045971775762103
1033,939,0,0.018124046886115477
1278,664,0,0.02133522018760708
1827,463,0,0.016275734906697523
714,268,0,0.038741701983451296
786,594,0,0.02920973893470752
712,92,0,0.04893865343917946
62,434,0,0.024332812079674745
1003,363,1,0.3765067322327684
1497,423,0,0.01234037660290119
1796,119,0,0.017114225870314345
62,206,0,0.02811536582188398
1602,458,0,0.445134394123645
6,991,0,0.01440816905434504
415,618,0,0.013451781955641548
1769,601,0,0.013892172465850304
124,602,0,0.05012745237746233
557,12,0,0.016401091257106287
1066,801,1,0.07886747038573551
1584,702,0,0.0405752132931598
103,985,0,0.0700809988472893
1193,890,0,0.37031810612875826
996,931,0,0.038372086696067606
1141,399,1,0.6056256537122037
1657,207,0,0.013493231443073796
359,648,1,0.056253257397896744
207,996,0,0.035717634240367044
1002,401,0,0.026051249282480787
34,783,0,0.023318121093442164
292,33,1,0.500202098816138
1519,33,0,0.044362314017904775
1178,167,0,0.03675299143402376
1151,879,0,0.056182366555369956
317,364,1,0.4434148828904151
1461,14,0,0.03373869100735142
162,711,0,0.022991862574061012
1362,917,0,0.01760720204921831
1975,544,0,0.027789561899035052
1343,570,0,0.037952603798694404
1037,166,0,0.03273057126628276
1588,313,0,0.07600694979278828
36,466,1,0.07983907545605091
1775,301,0,0.021555560054215883
1563,346,0,0.03926923056841837
186,851,0,0.0105045643392291
1058,606,0,0.03685157244718813
1324,387,0,0.01239022520156244
955,698,0,0.018109297637394967
1168,184,0,0.01552222656739959
614,52,0,0.05103654287294831
1957,951,0,0.4691520568156904
579,252,0,0.02221279973584815
464,735,0,0.02056129286578208
963,177,0,0.05439048351950128
844,347,0,0.02772623129259478
1045,983,0,0.03958421894346814
943,392,0,0.4571118657741285
500,422,0,0.04917392747761384
926,303,0,0.05789970846345257
362,438,0,0.05978545984705116
1869,460,0,0.05586714991034043
1410,166,0,0.04682349645098491
1937,923,0,0.01301471045227318
33,345,0,0.014081010198300683
1557,666,0,0.019898439435909313
1334,742,0,0.020889147949709388
1280,404,0,0.015611621393586024
579,186,0,0.037852290644253044
1346,760,0,0.03588703089168878
370,909,0,0.015817113508970183
640,831,1,0.6130869964197326
1693,814,0,0.05580638146899118
1536,119,1,0.01179956793016905
1486,92,0,0.2738411523163933
1059,833,0,0.05576837881309452
182,687,1,0.46253753615940046
1358,134,0,0.010341613411060338
973,905,1,0.6785674355609431
356,463,0,0.033580454667781576
857,488,0,0.07671038367849978
1829,290,0,0.04449098280192376
1791,8,0,0.05486573393692868
306,207,0,0.04041135454991913
1887,754,0,0.05033345093254859
915,150,0,0.037446891774838086
134,470,0,0.04427924031938025
1826,567,0,0.6169366219344121
516,429,0,0.032051211197823434
882,189,0,0.44759897354473066
1591,830,0,0.014266930538421181
1406,858,0,0.05877877056275415
784,158,0,0.4393218658459668
928,391,0,0.28754887529254963
1012,624,0,0.012239546974772527
492,700,0,0.03256298353921781
919,640,0,0.030835573000752542
1886,493,0,0.027638308345182265
1322,699,0,0.053981778619517876
1944,570,0,0.014866135552399976
131,187,0,0.055901550801870856
397,80,0,0.018577185586699393
477,611,0,0.03223031791541052
1617,65,0,0.048710232094062264
1787,389,0,0.03879686188207439
1411,942,0,0.052002497801947586
1912,774,0,0.03862233467014253
1984,491,0,0.0536501221690214
752,426,0,0.4322047830044619
1956,885,1,0.44541001782140927
1125,863,0,0.05093758320508018
1783,729,0,0.02691545695103948
1623,270,0,0.03777054366220966
1129,266,0,0.04774399348653264
1542,575,0,0.014250476385381902
935,972,1,0.4276812872836859
1511,823,0,0.051927761498777404
227,317,0,0.019843049261321744
1345,231,0,0.017629995456489286
131,912,0,0.019400600068373727
224,139,0,0.026808109459473768
1519,198,0,0.03273742252643582
100,704,0,0.020310433192752164
1990,922,0,0.04086135443198439
907,547,0,0.05127789270107585
1913,553,0,0.014583137969917906
1368,261,0,0.02003718212362429
558,92,0,0.02682631817591371
152,684,0,0.6834593337079565
299,136,0,0.015667204629943296
731,754,0,0.04973430222230099
1643,564,0,0.015636355125910502
103,633,0,0.022476335314692477
1087,215,0,0.04775813015695886
1379,5,0,0.051456331212926594
1151,648,1,0.027855693150717696
410,272,0,0.054133556659178454
1270,317,0,0.03808753647299511
1326,755,0,0.05688986854769718
719,564,0,0.06388014037768122
1170,9,0,0.025276613442899654
1803,568,0,0.05598082106570214
672,362,0,0.04594622169839317
1187,897,0,0.016656774857122567
203,409,0,0.034479241545255834
1926,456,0,0.03843675640692038
875,906,0,0.05937040394920946
1257,132,0,0.03173125413915552
955,391,0,0.05719485957606898
1630,713,0,0.03932693419739762
348,5,0,0.0755679349962675
1395,735,0,0.041042720259204406
329,498,0,0.04038470107252818
454,214,1,0.4278645850596264
232,335,0,0.012405168545894366
1704,629,0,0.039009702203665245
1855,308,0,0.40973239568415826
924,414,0,0.04530821209326778
1693,862,0,0.04566788642494819
940,826,0,0.044308222962136
904,442,0,0.04657934510148619
83,169,0,0.05098270605193617
1397,563,0,0.04118660040397958
105,98,0,0.026355891921757323
951,358,1,0.623642066257801
1941,809,0,0.01662790575202835
1361,40,0,0.03315816822484521
398,140,0,0.010841359321063334
1438,272,0,0.05105397655624923
1812,504,0,0.035322642899940686
647,14,0,0.0539071884123049
1383,220,0,0.42632714725409615
1606,652,0,0.05607207600665321
938,206,0,0.04843645611269829
446,658,1,0.7714493981048928
891,541,1,0.4159116876245382
109,446,1,0.028197599741861035
358,915,1,0.3593185648253639
1540,725,1,0.6459926741412144
1839,909,1,0.04812389075457947
322,871,1,0.4233911389959311
109,762,1,0.652775556727257
629,417,1,0.2690500115228455
916,170,1,0.7363884504202219
1147,56,1,0.02156676733266091
1128,440,1,0.5869470367812498
1704,137,1,0.3728773395200502
613,753,1,0.05062324496964428
792,351,1,0.2567996337455633
1948,341,1,0.04754881756892653
83,347,1,0.4718301980320669
1403,422,1,0.4438576787564753
964,137,1,0.07443002473781234
657,245,1,0.4900739236830752
1721,662,1,0.5024060403089597
129,196,1,0.45001275677691355
376,829,1,0.37713693751698035
1578,926,1,0.6056380770064914
107,42,1,0.42215089788442006
1321,547,1,0.03624282255138729
1983,618,1,0.04628741037549701
1727,24,1,0.021644772937960906
657,228,1,0.44160359187082526
863,852,1,0.48809731694009795
272,637,1,0.7318138894647825
1318,881,1,0.32963144017501267
185,967,1,0.48745466839254514
1383,322,1,0.42044263367205204
1325,139,1,0.03897493029711972
1923,316,1,0.4145561529912499
830,918,1,0.588486420059259
1820,507,1,0.05329987886666674
327,119,1,0.45888248010922944
407,886,1,0.8162567887579166
89,195,1,0.49339160248691816
693,708,1,0.3966779566437638
1892,746,1,0.7875796979730635
699,560,1,0.04626795930363709
1329,447,1,0.4330167647977573
1806,895,1,0.03741370886442354
740,467,1,0.3635439494516101
1655,198,1,0.6228064102853419
126,22,1,0.3123849735737751
588,326,1,0.3034289217514213
1688,357,1,0.03178181900248021
1476,792,1,0.038536089559729245
1741,645,1,0.7315545364160044
1205,588,1,0.5193568059406249
1376,700,1,0.05858744511624734
1915,797,1,0.4034653238280079
830,227,1,0.0169929183892513
226,287,1,0.5302370336058664
1855,399,1,0.038439577650277335
1336,971,1,0.5215256926089705
1393,117,1,0.34866776537140853
828,898,1,0.34504731276722395
239,352,1,0.05104147404412588
560,964,1,0.5279332896769229
1296,5,1,0.034575505788198714
1765,476,1,0.03774392340916945
1719,729,1,0.4943658965050123
682,871,1,0.444337537449685
478,478,1,0.36844413344785915
745,263,1,0.04679361686527487
1091,177,1,0.04038684610978523
633,422,1,0.6419637184522305
1493,33,1,0.6007068468008332
530,114,1,0.4961838529378128
266,494,1,0.3374634515687504
449,999,1,0.07438670264641004
1884,148,1,0.396894941940112
1360,945,1,0.04341325596164385
1209,203,1,0.0583480453034846
632,952,1,0.7491433959911381
548,974,1,0.37641801837825395
1341,363,1,0.46405862349396954
1155,145,1,0.40509124886320663
469,576,1,0.3986803132339805
1175,671,1,0.040449878823858545
380,999,1,0.023422770579507562
702,482,1,0.44369374925679317
391,186,1,0.047372609205932385
11,525,1,0.35020581365544934
251,737,1,0.4154662781740586
310,940,1,0.044538790652380825
131,428,1,0.5519339459135325
1390,293,1,0.43319804866653405
214,582,1,0.0503772044631149
1391,966,1,0.33683096260905376
1677,67,1,0.38002584614608553
1153,170,1,0.630184680884959
712,655,1,0.43074396631400763
684,509,1,0.046495006509078854
1173,503,1,0.5599667860576313
1701,609,1,0.07683897098206725
1953,944,1,0.7962911708401033
350,408,1,0.40113572904454925
305,194,1,0.44094459439393624
1922,85,1,0.039801035240891916
1522,891,1,0.03042004086626187
312,975,1,0.03663221403547714
1591,310,1,0.4181916101916018
729,939,1,0.6457173539517347
1655,884,1,0.5183660653435817
998,691,1,0.4109890365222335
1277,525,1,0.04418029939965075
683,398,1,0.340109791524622
405,568,1,0.4837415068808329
1327,454,1,0.047124384256997914
1861,882,1,0.05013545635399188
1601,172,1,0.3635029883644549
324,920,1,0.30223861327225965
1964,393,1,0.4242832415182515
1330,452,1,0.02050130722260098
1078,963,1,0.43261531961673927
848,401,1,0.03361618690438362
958,471,1,0.6099568473661308
1130,455,1,0.44391359670593117
1237,539,1,0.03486967615099288
797,141,1,0.03446577429737151
1704,428,1,0.5116121145195971
416,638,1,0.04307756735511176
279,682,1,0.40036076419791217
1377,460,1,0.05048058950810116
4,76,1,0.05494724166959173
66,575,1,0.04451512467164903
1363,94,1,0.04189002566093697
797,955,1,0.05657172220483787
900,9,1,0.05289670348240252
1968,702,1,0.356339932222228
910,259,1,0.05789272470127149
1327,889,1,0.41428026180698496
1224,470,1,0.35718467669685094
1601,644,1,0.3631967627662167
1870,745,1,0.6906403125995306
1357,580,1,0.05979301972492132
1518,767,1,0.5182622753931557
134,255,1,0.022221998494421642
767,697,1,0.052637005482456374
1075,434,1,0.3942665527471248
1949,764,1,0.01783416752410142
52,88,1,0.33255971801828943
374,346,1,0.40588831104382944
888,381,1,0.5820477986445671
683,51,1,0.4141736898817307
1113,830,1,0.058359088705703624
1676,15,1,0.47206180623337485
758,666,1,0.45279578415756905
746,637,1,0.019508849118213753
7,745,1,0.03475128414701177
1032,991,1,0.047885204093236856
1931,235,1,0.47327765406348965
1122,439,1,0.7658263268674059
1787,417,1,0.04176370010261309
1155,965,1,0.3865450695375686
117,802,1,0.3311826320491711
508,576,1,0.3983799926738239
1748,820,1,0.37916187292884046
61,436,1,0.029645336106329606
784,692,1,0.4946211468348363
990,528,1,0.053598170908117235
1697,48,1,0.6310781860029494
1441,525,1,0.5245657376392021
1127,243,1,0.40879265488993005
1618,36,1,0.05057132352331258
1479,417,1,0.44227721206368287
491,160,1,0.24903015628844888
523,75,1,0.6566166060698864
405,471,1,0.5015308568071268
417,477,1,0.04000486240732378
504,653,1,0.2664129909704522
502,6,1,0.38814717259105547
464,635,1,0.42905194559164206
1641,371,1,0.39757986749516705
501,625,1,0.4230714320315722
1356,246,1,0.7219011266721681
1690,25,1,0.48994572677714565
1569,667,1,0.39954034602889943
695,273,1,0.015378582392414537
403,705,1,0.5250897304808392
1921,303,1,0.042183829380259504
1067,656,1,0.3747832007320989
1119,982,1,0.05201162554282677
1443,155,1,0.4790097515549194
563,960,1,0.017953945020367353
217,262,1,0.35872144330792066
1216,729,1,0.5300368602777195
1827,868,1,0.4059197474052615
767,272,1,0.30397825477653184
598,713,1,0.5290038498390871
794,127,1,0.45300009068126634
1602,736,1,0.45288558550026065
350,361,1,0.40844520921892435
2,896,1,0.4295457986350582
632,95,1,0.816844391641453
853,269,1,0.2823055907641386
1026,311,1,0.401251094723978
726,618,1,0.45414391062342196
1305,21,1,0.037104031169955254
120,898,1,0.013518750065681887
1631,99,1,0.4077191159550824
1011,851,1,0.5648614405272795
338,750,1,0.02914047170084222
1143,731,1,0.2944757902964996
1459,356,1,0.037365915433515674
1774,466,1,0.6164991883369009
513,570,1,0.4979918821621546
1755,252,1,0.42096909873628946
57,181,1,0.47805373208839597
820,856,1,0.40825322997153923
298,690,1,0.32596195447998555
434,257,1,0.5584530183594697
1248,316,1,0.2959268244517267
685,121,1,0.5217984691143606
240,105,1,0.4044805003150244
84,164,1,0.2839503408369661
972,937,1,0.830312402529913
857,200,1,0.0390552407137103
688,200,1,0.02868669179729843
972,645,1,0.44362818630669676
1145,67,1,0.48811147684151596
304,967,1,0.05869687943288374
1740,507,1,0.3467128598267524
304,393,1,0.535952012148935
284,939,1,0.5553982402997475
1964,556,1,0.28726135787579704
1805,921,1,0.5872882295447364
1723,30,1,0.36899002439221595
487,222,1,0.016290106489857493
518,604,1,0.049747009502141046
1505,127,1,0.04161815336440074
1674,735,1,0.43325370864352347
325,637,1,0.028768165162873748
24,636,1,0.67993906397907
1299,896,1,0.449234503847242
1475,762,1,0.4914318440937826
556,922,1,0.4831593217002661
711,859,1,0.7241487662519203
810,623,1,0.46893642233215566
867,720,1,0.045851382330209654
1033,119,1,0.47080382783658975
174,874,1,0.41834990758735824
1668,152,1,0.6348414166450882
1841,55,1,0.3918526918741207
1557,930,1,0.3891054079458504
320,635,1,0.2743663507697635
1406,91,1,0.051953866083160716
335,525,1,0.47591165207159664
1468,109,1,0.6019063090446232
1707,523,1,0.07052634402092799
1441,506,1,0.6800810629108034
1335,124,1,0.51968675691205
363,339,1,0.05799440064523036
13,448,1,0.5423673943540727
1392,951,1,0.07645569009773262
875,769,1,0.4278159035498485
465,442,1,0.527697862497257
585,505,1,0.5688480426146392
1193,593,1,0.4433419219105428
355,498,1,0.4160948063665726
1563,280,1,0.35227503889580825
932,306,1,0.5341923943173905
1867,358,1,0.034148470114463134
1700,376,1,0.3718163454015352
1685,609,1,0.3037845415922651
555,106,1,0.07401627514270473
1833,199,1,0.3633984597001703
29,540,1,0.36240410847684584
1630,936,1,0.043602308097464765
319,713,1,0.6731156948207657
763,819,1,0.029633642010077565
170,931,1,0.4289613416101467
1318,518,1,0.4453853717853778
63,934,1,0.6725177145296156
944,440,1,0.527563301822819
874,619,1,0.39882913383692037
230,353,1,0.058183034807249887
1227,959,1,0.6719344620698476
1925,388,1,0.4136673627550014
1236,857,1,0.7970381901781979
446,885,1,0.6471379701997912
1161,484,1,0.043687424314956695
237,479,1,0.5482973891717832
1679,117,1,0.455058850542557
292,53,1,0.49095988700265525
646,611,1,0.03551482955838409
1644,795,1,0.04059732500223396
1879,709,1,0.31481327298717976
1181,828,1,0.5498553783754723
1206,199,1,0.2588411579377116
1469,972,1,0.4831147439206509
525,924,1,0.5146144523580938
838,685,1,0.027678506062275815
1533,257,1,0.47913497239146396
421,864,1,0.36282799557056244
1202,978,1,0.029456956027212405
1443,863,1,0.39083961020600655
1522,468,1,0.4647302741564642
399,107,1,0.4373163979807846
1900,252,1,0.30120679483952667
1421,571,1,0.4910211173404093
1611,540,1,0.4642921052629216
1635,600,1,0.314088183071611
742,623,1,0.40934286483681953
463,402,1,0.3681403676166791
16,454,1,0.025844334898936686
533,588,1,0.5378088194954395
1302,0,1,0.7825775158071506
511,644,1,0.0595515177239225
1041,262,1,0.38047852988007047
937,243,1,0.050461853541341965
1070,842,1,0.4828059096386282
1281,549,1,0.4060361688795365
835,646,1,0.5853224635805957
75,45,1,0.04384061293153314
373,567,1,0.039910296834326404
1777,319,1,0.38917749641251626
228,763,1,0.44287111637536597
451,543,1,0.44884074787361994
1231,296,1,0.021973414387362084
723,410,1,0.4501710575123658
533,768,1,0.4168310652777942
1735,159,1,0.4289365982100689
40,415,1,0.3584618417636879
913,561,1,0.5339154504337197
1482,300,1,0.5734506602213669
1379,946,1,0.4235565481253463
360,128,1,0.5487930737945557
668,646,1,0.41966611175378454
1779,388,1,0.3641129618492311
635,146,1,0.41694077964392645
1145,142,1,0.5562271773294968
1515,730,1,0.40141787937763435
1630,688,1,0.4525879296819661
558,9,1,0.468518308323557
673,990,1,0.38278654689957736
526,303,1,0.5257991594543057
732,916,1,0.4504730616227904
1129,364,1,0.05495868540738491
1789,249,1,0.6098651014645768
1662,957,1,0.06502451239125122
1342,569,1,0.041986129486610416
1727,971,1,0.05648777010542265
817,128,1,0.5305869474620104
196,691,1,0.7021398108798403
1502,837,1,0.30529180547745577
346,896,1,0.5023752924654071
1631,860,1,0.28964401387414984
1535,836,1,0.39314773329843844
1542,702,1,0.4318592984766745
684,302,1,0.057567512883818756
507,414,1,0.2718692062197889
1230,780,1,0.5717923517539654
1472,485,1,0.37323667028218366
1070,194,1,0.5074352204129253
1886,698,1,0.02361264301065403
782,424,1,0.3829684944417253
1138,730,1,0.04574502683205251
1684,791,1,0.052562539264017785
1938,62,1,0.05905997228737468
597,567,1,0.6177041900149717
841,834,1,0.05830524164223254
130,47,1,0.5951371109093837
375,509,1,0.32892888673557413
1678,966,1,0.04680756371651637
463,224,1,0.49034326813694235
458,659,1,0.03950820031996939
1026,490,1,0.03558703989210456
598,317,1,0.42820159322815754
854,593,1,0.40168969131205484
1000,51,1,0.358021689673819
274,273,1,0.05357331419583269
1595,930,1,0.33918015808287316
1867,936,1,0.4943278214907221
1954,605,1,0.05905728575406234
1955,156,1,0.3422173388845954
917,490,1,0.3104264343215808
1576,345,1,0.49041732444407143
707,595,1,0.031449201471179467
236,24,1,0.3366198231734396
372,82,1,0.6411711037625574
1745,873,1,0.011716244676472278
1165,807,1,0.01580212205292906
771,534,1,0.4021301033683777
68,849,1,0.3978317060394932
645,399,1,0.3740916644099005
1295,263,1,0.5241738175577043
1575,968,1,0.01503583823469494
872,829,1,0.466797424241822
1389,502,1,0.4949500901053421
1567,500,1,0.04840207356826405
750,527,1,0.05776629032979188
1510,221,1,0.5101627603853467
1210,135,1,0.34156691431929687
23,291,1,0.38565595772996974
917,381,1,0.4045890987552216
304,172,1,0.02695845379430374
932,969,1,0.4333642353792569
1027,150,1,0.5207005065202025
810,478,1,0.03991344411376705
434,229,1,0.417878516436428
436,764,1,0.050230712508276036
846,443,1,0.049394656927351795
220,977,1,0.3506499778299552
1523,672,1,0.3778408004258006
523,954,1,0.4708847500429456
28,366,1,0.011202923387316467
877,17,1,0.446409803486509
1002,866,1,0.4538745742939569
701,603,1,0.040807243389712373
827,120,1,0.4923045654609005
1274,225,1,0.43477808762504383
286,155,1,0.510211871383308
9,637,1,0.15013505043137645
1195,206,1,0.37754113824920565
1431,403,1,0.01728287764290009
426,661,1,0.05125364098809776
1223,830,1,0.39887721980795293
1058,915,1,0.49621713492167685
1013,12,1,0.03551245063143817
408,970,1,0.7029180336355874
1183,317,1,0.47861132896352454
450,33,1,0.6812081577313334
1216,752,1,0.5850284172458516
482,940,1,0.7233577459568563
1379,961,1,0.31075250480404537
1020,55,1,0.041077746956596675
1115,986,1,0.057093310463326455
15,282,1,0.3858293400848187
221,192,1,0.059931723906382135
1387,715,1,0.41506618132422696
1159,619,1,0.4011941329664583
620,819,1,0.43823422020256225
997,366,1,0.055431912396324834
1963,455,1,0.058697453621778244
249,201,1,0.3578676468468744
543,227,1,0.4164689708602709
182,405,1,0.49050893263119416
502,181,1,0.3677866855552823
688,903,1,0.5111592101610755
1920,664,1,0.2388382826302593
385,851,1,0.5742381915455278
1491,245,1,0.05675239451996446
854,252,1,0.3826356524970355
1123,819,1,0.5134842300645704
110,1,1,0.474436621429412
1779,378,1,0.4014431816009196
930,705,1,0.5123085874759452
1398,978,1,0.5045073400753708
23,964,1,0.3661986738373913
746,224,1,0.5587382144222344
1228,11,1,0.2842508832753524
505,46,1,0.49978600140677587
1470,666,1,0.3045607895647806
453,708,1,0.5310939521712585
1003,964,1,0.05078034712640224
1343,886,1,0.03976782754846922
255,635,1,0.4645266841769897
1578,70,1,0.02784648952446258
1136,771,1,0.3872722207866528
90,848,1,0.38189196036373857
1969,441,1,0.04864479416415802
1193,667,1,0.4897394161917927
1406,669,1,0.05396784573530552
311,27,1,0.4825031945312969
477,354,1,0.45151551971720555
1093,492,1,0.04406787448205823
1238,568,1,0.246495004840452
1525,423,1,0.41341333313635414
422,567,1,0.38567658852129244
399,282,1,0.4993937020569635
1041,569,1,0.506407856359725
464,767,1,0.3915447896608557
1803,912,1,0.05793309734450596
1165,924,1,0.4002903458497955
167,687,1,0.5994227986315226
930,731,1,0.7566309214079362
484,408,1,0.05576010809989175
198,175,1,0.050690098712059546
1024,488,1,0.5096784102904499
1541,80,1,0.49302366626366617
0,139,1,0.029870734807455335
1225,574,1,0.477978082090323
1409,680,1,0.40298478880575134
1123,264,1,0.3663325565482272
944,103,1,0.047832244094100286
507,914,1,0.47227568720073976
932,498,1,0.50722029440037
1255,585,1,0.41749394151997493
274,245,1,0.48288336926000835
316,622,1,0.7398559302424329
166,149,1,0.32569545984444614
907,789,1,0.763387265755226
569,776,1,0.3915453131844996
1849,16,1,0.8612292462051242
1229,193,1,0.6146144255599956
1216,680,1,0.5750407014987253
1156,18,1,0.29821497273418673
101,966,1,0.0357933092960402
1656,947,1,0.7184301761263318
1017,984,1,0.41973406693739085
853,532,1,0.05945517194500703
1996,476,1,0.3492260102361127
308,926,1,0.3834401199386848
1147,201,1,0.7273536281151394
700,440,1,0.6811868969729994
420,520,1,0.06033825407615741
932,562,1,0.05988398569816028
563,870,1,0.8210338552944069
1146,235,1,0.03856660366485321
669,34,1,0.03586873885116681
1215,582,1,0.49589605077362925
1857,964,1,0.47239696832205924
463,114,1,0.5304441488681932
852,13,1,0.3069950761494204
315,827,1,0.03531055283748665
1093,379,1,0.39629483569993645
1269,689,1,0.07827013569674234
127,969,1,0.41663342312015506
1976,449,1,0.48606974519130913
1386,115,1,0.05065751601346532
809,478,1,0.41131106018236346
178,751,1,0.5618400347291406
1511,380,1,0.7359743978134511
870,487,1,0.37170145263540816
1473,545,1,0.06036260228825642
1040,601,1,0.45861473023298877
1463,652,1,0.47659339674921486
1867,842,1,0.4673702752348557
639,358,1,0.8329791217107336
1349,614,1,0.3879062355683338
902,36,1,0.5354070166878031
1717,116,1,0.3858815201346415
593,809,1,0.7549399495796048
1090,691,1,0.041775945572338845
160,51,1,0.05926444582096001
1624,92,1,0.059341519915735594
53,747,1,0.3361309062977601
260,73,1,0.053261015233398004
1152,38,1,0.4552886647401056
903,342,1,0.3993183369755756
682,668,1,0.3977291969548285
1111,362,1,0.6146565882399776
1817,3,1,0.054182592958118295
1875,274,1,0.04539137611834859
1586,251,1,0.41174108633375933
1445,63,1,0.8316106198337359
674,700,1,0.37762976734644593
1111,422,1,0.32777349598105937
72,826,1,0.3908641603677308
522,701,1,0.8556357471834696
1755,971,1,0.03658894462561807
708,244,1,0.045517517406716605
1851,420,1,0.502076132589444
1902,532,1,0.39535979079917644
1364,332,1,0.05198784814346761
1365,70,1,0.0383058930911234
748,681,1,0.04280631691306958
745,560,1,0.4225277844252456
679,519,1,0.4352609267377039
795,62,1,0.4447391024541432
977,122,1,0.2952917388756631
348,142,1,0.02584746501198973
1606,261,1,0.42883751649060536
542,17,1,0.0708407376095671
625,28,1,0.5359297004056695
945,29,1,0.4138097881761796
1167,781,1,0.4083332451387193
191,410,1,0.4895260454274344
1577,513,1,0.03115984445742706
1736,39,1,0.5127005201114055
1618,604,1,0.05933761079532957
1340,529,1,0.4880337403799203
1198,667,1,0.05460199353552445
270,447,1,0.40032164360538397
1382,674,1,0.34952016654952556
1600,916,1,0.0375210909653929
168,495,1,0.35420661379554547
720,801,1,0.049635050450811645
597,947,1,0.4994543240298398
1149,728,1,0.5370349253624701
1007,456,1,0.36682864821647204
1155,418,1,0.056866017474520504
1349,277,1,0.3005358702146681
877,335,1,0.4247869841655259
570,601,1,0.3803891374406743
1180,562,1,0.06102138834222693
1802,988,1,0.02619530342530378
1407,712,1,0.36762680857963254
188,400,1,0.464277804605368
875,67,1,0.058394819853216
1702,793,1,0.6401080095198143
537,648,1,0.3171219569912759
1345,449,1,0.026840496141530494
752,119,1,0.39648761448911113
1546,942,1,0.5709165637970021
414,993,1,0.029130108350543582
275,606,1,0.42524748869023504
1467,810,1,0.43499946769329423
579,319,1,0.0313548659296963
1145,938,1,0.059272046905504853
959,468,1,0.44602460030955227
950,679,1,0.46813642665671595
1929,162,1,0.044197812430187375
234,57,1,0.6469450109012652
1596,38,1,0.034739335847426
1108,997,1,0.8064864665086972
215,678,1,0.4258966188561653
749,875,1,0.30146127026033237
1470,524,1,0.27702202562672096
210,194,1,0.37446188077124876
126,546,1,0.04703422206352166
1134,803,1,0.2845397116343521
276,47,1,0.012820144750220254
1797,308,1,0.04964335916268722
436,288,1,0.3973648241591544
845,46,1,0.025210373946385964
1185,609,1,0.49035889635963786
1287,287,1,0.5074272946767994
1216,874,1,0.4850025448230644
430,86,1,0.6766138802206938
1184,544,1,0.5161087775168204
998,530,1,0.37104808035388254
862,561,1,0.056078996565485095
321,219,1,0.34363175101313537
308,135,1,0.55215581007962
447,791,1,0.05584753461506352
879,203,1,0.03965221629923262
1917,556,1,0.3074982392205706
1026,679,1,0.3960374680078666
158,815,1,0.3454026232811228
1601,619,1,0.3872062415101926
254,861,1,0.662302923713239
197,720,1,0.8146564276070751
1482,865,1,0.5043373523271876
591,496,1,0.015237068568192427
288,607,1,0.5127540554045866
382,615,1,0.027940302167418385
19,810,1,0.4539174135577727
202,787,1,0.059282878440162466
1005,278,1,0.5505790530828402
250,256,1,0.045320620852619946
1149,247,1,0.5697723455726181
877,798,1,0.04024909204335751
678,276,1,0.5576762359552015
489,199,1,0.42270023006113544
1202,232,1,0.29362366054688843
326,657,1,0.28179234295525807
388,511,1,0.48369007038247935
1412,484,1,0.5633276030373757
1128,332,1,0.5579212065413174
78,355,1,0.7767465032355853
1819,595,1,0.025659627903183123
110,555,1,0.6632800480763928
1691,83,1,0.4867109040406114
1290,690,1,0.5288436084602526
1775,150,1,0.25787322299916166
1155,431,1,0.0424740112562729
1287,984,1,0.44337020822021045
1086,430,1,0.40661951522100215
1283,809,1,0.5557969310158737
311,810,1,0.3485491123835696
1072,186,1,0.554756364921381
962,410,1,0.3679016365631706
966,91,1,0.42193041393749936
163,183,1,0.3703140179887624
329,329,1,0.027154944831844538
712,378,1,0.522133140660649
110,317,1,0.05422420416964607
890,524,1,0.3508464432998755
1823,258,1,0.33144946053355784
1220,123,1,0.5397016142803116
1457,93,1,0.5378833500544451
1060,880,1,0.056927037908240656
324,446,1,0.2753707261806881
13,232,1,0.043427546207256196
1146,499,1,0.5587476388161073
1347,789,1,0.6514887677438784
609,490,1,0.6014281262177715
1993,235,1,0.06194846401738787
264,54,1,0.37862134983017354
1125,951,1,0.22438886642517517
208,6,1,0.5715053375979268
525,458,1,0.4601981561660377
1201,367,1,0.34847237296746264
1441,25,1,0.520937761644754
1867,154,1,0.4763307804799941
1881,93,1,0.03832483624934314
296,709,1,0.4792914108904571
1098,528,1,0.38940711000888645
380,971,1,0.052870303086124115
1427,160,1,0.822194604891561
1022,225,1,0.020814132512814606
981,220,1,0.41770551634784503
1653,10,1,0.05434039203278637
381,160,1,0.040245703957458454
384,35,1,0.018051782994813123
1460,301,1,0.41254447412626555
1740,160,1,0.4518430563768283
1208,840,1,0.41354356422882643
807,627,1,0.319620556046465
1232,367,1,0.43701404559844625
163,635,1,0.39481458857718427
217,231,1,0.038852426144684205
1715,580,1,0.01059570799324984
1040,977,1,0.5934643494256475
407,378,1,0.42207118418322415
1399,636,1,0.770164669552565
1651,376,1,0.39448600970264275
66,397,1,0.5203656552544856
211,840,1,0.43539943853943536
415,128,1,0.48989330588180957
535,462,1,0.47753838070342397
829,442,1,0.8084314904825284
292,534,1,0.41908647308269553
189,788,1,0.36387194850812005
627,326,1,0.37414735860716897
811,242,1,0.4585258372465187
527,983,1,0.46536390756544493
1261,321,1,0.04718586313231715
899,712,1,0.04293209821276069
1611,499,1,0.39326520315101443
1001,9,1,0.021560339412989495
672,320,1,0.5627901359172189
559,190,1,0.4801715766471232
731,564,1,0.4519950460879764
1556,970,1,0.5355342797151341
1859,118,1,0.38955187622299214
1465,670,1,0.4808990355175747
1433,583,1,0.492909144240979
344,772,1,0.55341458675343
61,896,1,0.04708455670219092
216,857,1,0.4392385997309766
1305,132,1,0.39866690157425966
134,345,1,0.2900446613737076
566,132,1,0.8083007154860282
430,653,1,0.5723051707168667
636,55,1,0.5454659715027783
855,28,1,0.01321373331051854
434,755,1,0.65899297859108
38,851,1,0.40552788386311467
673,515,1,0.0514735392538084
329,420,1,0.037539284063427304
471,531,1,0.5051311095744744
1279,68,1,0.033836772204079074
181,862,1,0.37904911958110393
1029,700,1,0.4434115005371436
948,387,1,0.055288266669254446
1884,352,1,0.4095549315936344
943,218,1,0.026145886095172023
415,346,1,0.40472879234178305
1371,194,1,0.4980309260431385
976,455,1,0.40253212839980396
1103,856,1,0.014642718590033042
732,170,1,0.5085202538133872
1570,395,1,0.022553169848065442
0,789,1,0.45777726050596895
1954,848,1,0.023884512220996162
1286,584,1,0.4478808327492956
174,984,1,0.4562924792026046
224,802,1,0.4526683238190895
1411,274,1,0.4619063682282287
955,473,1,0.018242408764228692
120,161,1,0.4006844367987391
699,902,1,0.055282192717395255
1989,6,1,0.7802550031441919
81,353,1,0.023889749581292825
59,409,1,0.45853308006498844
274,372,1,0.48484429838432375
1903,365,1,0.06382967004659991
1474,735,1,0.0478820613302877
252,615,1,0.42875886059273755
1276,308,1,0.3247870077381887
1951,349,1,0.47471540706975224
440,254,1,0.03772614491332264
1317,638,1,0.022119136871620038
1718,640,1,0.43334760163386216
1638,166,1,0.5169656222176588
512,803,1,0.30395730821100336
1454,735,1,0.529282061566413
1601,481,1,0.34314172018124595
1547,912,1,0.7160662356160127
348,635,1,0.07990379189655496
1183,914,1,0.48143036805817885
1266,905,1,0.6618845529550225
18,50,1,0.05803421614593738
1791,73,1,0.40157961452551616
215,481,1,0.35109226368591373
444,251,1,0.4614520213133895
1888,861,1,0.05468966367290398
384,904,1,0.5708992391726777
1067,85,1,0.49433964061208624
527,552,1,0.32817322302013585
715,714,1,0.046377186513412626
693,728,1,0.3025427168776131
200,904,1,0.6194499279281045
71,348,1,0.3633965372978773
432,963,1,0.45527430630792826
1608,901,1,0.49981405031363707
777,286,1,0.05877602310693637
514,964,1,0.5991160999581147
1603,36,1,0.44351693959100325
661,304,1,0.4082395888832017
1417,725,1,0.4608589574492209
807,402,1,0.6205212840197846
1603,464,1,0.052114949308933
1071,807,1,0.3562259767161253
1968,794,1,0.33296794793473505
243,928,1,0.01962246603558719
1075,77,1,0.054539822916685896
1890,405,1,0.7576943480892508
1516,785,1,0.40696987709043597
106,366,1,0.016025385231754282
935,357,1,0.5010738142065716
227,449,1,0.0568788691412742
1563,267,1,0.37507180699792503
498,218,1,0.5781858993357144
1396,920,1,0.04404562560617634
1429,791,1,0.34376672506707173
1770,479,1,0.015181141137673045
319,92,1,0.46881957125581564
1289,886,1,0.052919891217339525
1008,201,1,0.28127693910885904
1697,337,1,0.05723268786931858
1787,348,1,0.07147118272648773
917,218,1,0.3876276449508733
692,156,1,0.5720845102099446
884,527,1,0.5393761482957578
1218,373,1,0.7274726946826273
1925,223,1,0.023291765825834445
400,99,1,0.36178830535626094
1324,632,1,0.5994253501524527
998,611,1,0.38792678628872046
595,45,1,0.025801424301436372
60,871,1,0.3808350117422063
290,867,1,0.4262958973480183
427,261,1,0.035878323706786786
714,206,1,0.4529863980821117
246,359,1,0.664987868638252
435,652,1,0.05661025698060677
329,604,1,0.48422029632304814
1295,745,1,0.5256352676279332
1077,133,1,0.5865174987579731
1522,456,1,0.3813467038046544
541,133,1,0.7443092315190544
574,53,1,0.45474151338845886
811,858,1,0.47487119009597684
627,929,1,0.3988318720217676
1704,643,1,0.5607955932442451
464,333,1,0.43560970718426506
1397,803,1,0.5260922141216152
1128,814,1,0.5058532065001777
680,719,1,0.39781853961174374
539,945,1,0.4898051654626631
1852,876,1,0.07902337564341332
416,802,1,0.41778103908015873
158,959,1,0.46428669264954275
637,300,1,0.5026653318508609
445,929,1,0.8440630174954533
1220,603,1,0.03676211886539975
1775,493,1,0.6377185019442576
688,657,1,0.48650668898914856
1930,566,1,0.5089393209343404
1584,856,1,0.5321996122871611
1960,283,1,0.7322344542056238
679,761,1,0.4996892925512137
55,521,1,0.055508419306792525
454,619,1,0.03977452354938515
245,678,1,0.3863520980551835
1266,3,1,0.05155998844152755
1199,593,1,0.45632441605975305
860,749,1,0.025685733583555373
1630,971,1,0.28249511045590614
1401,691,1,0.030289393593984852
1816,872,1,0.8729941022244639
1800,912,1,0.8393114978248667
371,768,1,0.0307339719334086
835,497,1,0.052761565368837055
824,719,1,0.46383195012160205
492,776,1,0.35122392012818937
1320,367,1,0.4213987262718184
1941,176,1,0.3899015970641087
1485,206,1,0.45233137665260803
1764,219,1,0.27812508346349496
120,867,1,0.4702769528639489
1995,848,1,0.04655674201031736
270,94,1,0.045298807065999175
1007,498,1,0.05422561700184828
468,937,1,0.4863013567009056
246,854,1,0.5347732197872317
957,21,1,0.5255081575642834
1848,699,1,0.49211835452808755
836,685,1,0.366725921012018
1118,923,1,0.05839426788096068
1127,784,1,0.0219575303589317
203,833,1,0.5645286856019616
153,34,1,0.2753173456699697
524,169,1,0.07936593034062052
37,287,1,0.3995758889057374
1734,371,1,0.32929975138166473
626,947,1,0.527039361184858
1035,317,1,0.45557924120671905
1367,425,1,0.41813847194108683
241,387,1,0.482367848510523
278,98,1,0.5726034204563156
1124,210,1,0.3881742190149127
1905,578,1,0.5051401820082895
1457,574,1,0.30440520581479963
1956,434,1,0.40218723500159276
569,874,1,0.5809665737838827
145,386,1,0.03904020191182551
1602,177,1,0.4622149431411496
1671,946,1,0.23582546062514004
1654,739,1,0.4207336933065281
1424,31,1,0.03506213341366579
1244,589,1,0.07293749543929313
1319,847,1,0.028180623737709312
1712,851,1,0.4673374797274865
1354,458,1,0.07693730497517039
706,269,1,0.45496408796285087
142,489,1,0.39803304968662817
469,439,1,0.46923465895746247
1576,532,1,0.03312741011391591
1069,631,1,0.05959535195845764
1567,27,1,0.29443700874263345
748,287,1,0.031220249175629974
1762,776,1,0.5389193856957952
169,512,1,0.5010520268007177
1287,698,1,0.41897106476514834
1210,997,1,0.33718532689746755
432,867,1,0.5769385422206186
562,31,1,0.5116395694798199
1694,457,1,0.04135206783498767
562,947,1,0.46375435933781445
1050,146,1,0.4722889345941951
1716,657,1,0.056344809871492534
1633,780,1,0.45619445921858665
494,870,1,0.5625259210999396
152,826,1,0.0391134571319946
785,555,1,0.5035203572846082
1518,58,1,0.022721172967291727
897,563,1,0.0269314019571454
1641,367,1,0.4884662849541388
423,557,1,0.7636327196055375
908,378,1,0.5104646216890139
226,974,1,0.4310957587775416
133,323,1,0.03975116006925534
1314,816,1,0.5536463487212953
442,387,1,0.07120497301717689
1902,955,1,0.47562924515381594
1365,512,1,0.4432976797945766
913,111,1,0.4168392450777808
1649,829,1,0.044218468490273145
1734,345,1,0.2534859891831466
508,673,1,0.42501726980344623
812,839,1,0.6180040162323106
251,950,1,0.37621070577834453
634,740,1,0.6166346966289636
494,834,1,0.4611933578443337
568,802,1,0.5149611606596767
424,718,1,0.05921153374969295
29,567,1,0.395243409933148
1506,292,1,0.35410501011419965
1393,114,1,0.45160308240948593
170,162,1,0.4175677386364081
949,778,1,0.046329457054385174
995,889,1,0.4453402626451317
98,450,1,0.46447994691833655
145,759,1,0.06584772039607585
917,950,1,0.23724638376577617
1429,198,1,0.4042503284079092
1989,374,1,0.45309366145948715
1327,32,1,0.4691999599472425
1897,739,1,0.6903978577179861
824,819,1,0.05031116615332825
1068,722,1,0.4830378754976866
789,915,1,0.038782020105333034
1779,739,1,0.5503101480689113
1419,909,1,0.018451836420013044
1787,288,1,0.06224442094381463
549,859,1,0.9312222990363795
334,734,1,0.06529536666291988
1780,634,1,0.32294241327140216
99,178,1,0.06543899361040807
1101,967,1,0.4447977738194327
1778,769,1,0.32174610245106805
1838,732,1,0.3992927516704679
1823,307,1,0.33009140139960774
51,228,1,0.3552256944034188
1144,601,1,0.07976230099081856
472,637,1,0.07314766310804174
925,267,1,0.04392168260934842
208,602,1,0.03915158743007214
689,99,1,0.5324279853741004
1975,538,1,0.30956571902908186
845,800,1,0.44409394380975725
1792,774,1,0.36084255749128846
158,840,1,0.4536896001213324
1257,833,1,0.0741815911413817
545,306,1,0.7096437753799676
1549,306,1,0.5300747853105343
129,553,1,0.45925866007054955
163,750,1,0.0507353466476294
1473,676,1,0.06713406562208914
1540,855,1,0.4015506516597456
1407,330,1,0.5073147835749541
1855,919,1,0.699019262491639
117,896,1,0.16247143892599117
1390,739,1,0.37074530903317077
636,590,1,0.049251991187418236
1766,101,1,0.47335248901608346
385,874,1,0.40606117414131876
179,905,1,0.43773305747406416
628,893,1,0.4218046243668717
749,860,1,0.3546869125368428
1384,687,1,0.0347734532447001
1019,848,1,0.021227132975968302
1366,169,1,0.36447119464677274
756,654,1,0.7652374836912935
1913,269,1,0.024041645942657987
1493,951,1,0.43283612964056567
1709,973,1,0.03455985039459105
323,812,1,0.33146647101944066
648,247,1,0.29804050942024424
1161,15,1,0.398104879965015
1496,491,1,0.42915517546992354
238,409,1,0.45173713230953993
554,711,1,0.5454200361320131
1070,783,1,0.5915730154830936
261,530,1,0.277343835916049
815,296,1,0.5854422827902489
1003,835,1,0.01187861341761203
229,669,1,0.07984064775230636
1734,202,1,0.4496437134241679
447,408,1,0.5199396986929578
751,117,1,0.052038416760084014
1341,273,1,0.034590962030538124
1997,722,1,0.3613729952231002
205,569,1,0.4959114440655893
1306,28,1,0.39955698954510904
753,409,1,0.4773034111791727
196,476,1,0.7419099041157714
541,865,1,0.29469817514116825
937,584,1,0.05044372506278242
1487,280,1,0.04739069457932366
762,539,1,0.6218722263657496
1424,922,1,0.5873423126906258
1654,760,1,0.0415958895527995
1489,422,1,0.46649856893578595
23,359,1,0.3269794228324289
775,123,1,0.4725709051576815
1033,290,1,0.624284875185064
522,121,1,0.5353338005409549
526,241,1,0.4580540247628797
604,659,1,0.6471910693932618
1789,609,1,0.6308729235122126
764,647,1,0.05643783034956402
1071,15,1,0.04506868742681906
372,383,1,0.028628308201927986
1082,127,1,0.04832658407786396
244,493,1,0.22298994165394023
1346,282,1,0.6723479133199511
1354,597,1,0.04236427068699725
289,282,1,0.3705195240807153
1711,341,1,0.026791445989829327
427,368,1,0.059852798926770485
851,873,1,0.47959701688592987
1791,144,1,0.03278821573063597
1061,670,1,0.7142334036947977
1980,754,1,0.5601795089929227
1002,847,1,0.3522706854696943
368,356,1,0.3712686256749798
521,623,1,0.306972208640163
1866,698,1,0.03130253491707451
374,659,1,0.48772496756938427
1230,467,1,0.010531746093965497
876,329,1,0.5289445850818124
886,653,1,0.4773218544586029
1664,918,1,0.49870758190820436
1838,331,1,0.4329974613256443
1408,104,1,0.3725428345223559
1260,65,1,0.5288309900791711
1565,51,1,0.3539285180623097
785,746,1,0.5320109379166125
1891,216,1,0.05841561257587778
897,114,1,0.47821442655777185
1838,833,1,0.05830237019069218
1387,426,1,0.7293103290227327
1583,115,1,0.3688742076006435
794,98,1,0.588342416424076
1928,519,1,0.059828210892058004
532,911,1,0.45010379419802593
136,159,1,0.4705902796090008
73,290,1,0.35917662717135534
1319,246,1,0.31874606957369367
1764,425,1,0.31694635642200714
1544,759,1,0.7154646489440839
1083,890,1,0.3098344030389556
1786,198,1,0.03810608559749719
909,360,1,0.38044068109422463
1935,345,1,0.6196234422761147
59,266,1,0.8011956935674899
1799,677,1,0.4420583477078396
233,285,1,0.49008935152274974
1386,487,1,0.05610116142627515
749,646,1,0.4129405700748858
1899,63,1,0.6491231284058965
10,58,1,0.477270889868578
1410,198,1,0.4679348899259833
1073,527,1,0.02195243143032496
1299,966,1,0.46390853242095803
954,3,1,0.023688851088963417
495,502,1,0.05172265016290818
1176,463,1,0.02903722108328395
1884,826,1,0.4387348214975764
1763,610,1,0.3985793062925496
780,307,1,0.3368899370210726
1504,755,1,0.051080470228434795
1247,598,1,0.48972970653143244
1947,609,1,0.4632410917834181
791,462,1,0.045348693815869805
1346,422,1,0.5411527396965585
977,599,1,0.44233425205597343
1160,63,1,0.052171524411753836
1627,481,1,0.3993378716815617
1553,631,1,0.05257414991980029
956,844,1,0.05604074619504241
1535,711,1,0.3893016947885354
1799,262,1,0.039430979148982206
358,244,1,0.31867139461761773
438,662,1,0.6736737687237874
1460,605,1,0.49984794489213813
1691,540,1,0.34733094739065756
943,732,1,0.31676259925454514
909,706,1,0.4869147709271415
77,277,1,0.05481162857954694
598,682,1,0.41009575552065075
46,733,1,0.32449126069742046
1123,291,1,0.5138328883863753
1818,86,1,0.4269473763719357
1217,94,1,0.32797540212029
1058,756,1,0.7261484780738829
1474,950,1,0.39920935890893466
258,221,1,0.43479664046014876
1911,243,1,0.4260502208799695
1822,104,1,0.545576361587846
713,765,1,0.545909270819706
1486,583,1,0.44578135614858516
817,255,1,0.47675529843343045
1228,271,1,0.586817900533735
1481,532,1,0.47477522892172574
1440,768,1,0.9364223997479201
1324,153,1,0.02340747605412917
1296,638,1,0.5471420362156405
1792,828,1,0.04583855671616099
1192,356,1,0.03222616401931132
1007,854,1,0.6036931327956233
80,69,1,0.027686907160451663
1017,562,1,0.659030664309249
1322,616,1,0.5830975604898729
1322,262,1,0.3962572799121252
437,254,1,0.06090519447933839
479,704,1,0.3535973940738383
493,651,1,0.22840972146661964
1862,809,1,0.4062252718663312
1832,848,1,0.44142074128661624
1623,70,1,0.6004703872594291
1154,983,1,0.042960513731106556
1113,24,1,0.43703137015610827
251,236,1,0.4853749365057815
197,453,1,0.7367048233126949
780,350,1,0.02130138147683935
1669,164,1,0.40050787007280664
1158,325,1,0.06964194664114681
1609,149,1,0.4206185083404163
1528,666,1,0.4254008927316309
1226,548,1,0.5599836077924859
192,102,1,0.45934535692735645
1827,287,1,0.5603420618692903
590,313,1,0.4566511810510754
1007,943,1,0.539428931780886
732,281,1,0.45707354213378837
583,554,1,0.41673181554288574
1957,507,1,0.44622155158172244
1584,881,1,0.4167847997199254
1557,439,1,0.04766417685432633
1038,534,1,0.037853092783257256
1803,685,1,0.3950845956793693
1081,346,1,0.5286133700128537
591,232,1,0.07303149906801171
1109,516,1,0.6038962846650011
1299,577,1,0.30828104606375145
1407,920,1,0.47212816093620896
1839,709,1,0.05888790672626644
522,654,1,0.8384849895460219
1469,867,1,0.41762584022515403
1746,47,1,0.026073541475012597
1189,313,1,0.3205295414569291
1306,21,1,0.33330430120691396
1,833,1,0.70758865666425
871,726,1,0.451387205092763
1610,463,1,0.0359867904264021
1940,575,1,0.05825310479491239
1795,668,1,0.05121606155288075
1059,454,1,0.6147090542518515
1829,215,1,0.018702140836887114
1352,694,1,0.8348928403676656
1563,543,1,0.4535783735475799
1300,73,1,0.01390564769722982
811,280,1,0.3689941995073422
767,515,1,0.5300196511148991
1509,846,1,0.49716340247596613
412,416,1,0.6538912824502844
1988,469,1,0.06516416454933428
368,341,1,0.3499274724680987
382,540,1,0.3638348153309995
988,296,1,0.5278290346993115
1003,915,1,0.35450588448939296
957,744,1,0.4069616038414222
1455,142,1,0.339022210628197
1197,431,1,0.5620513457744681
1724,134,1,0.7639009240909533
161,121,1,0.5635458688038789
494,530,1,0.8482431703884009
674,854,1,0.5518270161514834
1454,977,1,0.39654323469839264
85,482,1,0.3932662552617904
537,132,1,0.3486906240364703
369,364,1,0.4027987509492791
1954,39,1,0.6588394493136542
144,645,1,0.2973943605347574
875,86,1,0.020835903748654024
1235,793,1,0.022311800623755325
1305,715,1,0.4463896146318359
847,564,1,0.3812925067309195
846,595,1,0.027936752060252146
1388,856,1,0.44992218436558273
501,827,1,0.513788920463827
1053,265,1,0.3818919327217381
1505,804,1,0.45365237273641473
1113,176,1,0.031396052304478624
444,321,1,0.515678539584845
319,989,1,0.6855990559593981
1884,401,1,0.019366631084867518
1951,482,1,0.0275711208850807
1331,548,1,0.36457813745203155
997,805,1,0.035431750220389156
976,872,1,0.4814021433830004
863,812,1,0.3035974994519614
893,377,1,0.015342598159570772
569,477,1,0.6054271233134619
924,829,1,0.4597543649344945
1926,995,1,0.6463720294522561
688,141,1,0.6879261653189701
266,300,1,0.5708273618250235
1467,955,1,0.041065569136166435
1800,971,1,0.5335054680156451
831,183,1,0.47776199488488635
1559,169,1,0.5292589075261513
862,44,1,0.8873860446552724
70,4,1,0.03436539307811158
446,380,1,0.6347341106170545
797,946,1,0.039632279637490185
1803,348,1,0.012175270934254741
1654,749,1,0.3636212767237603
61,474,1,0.3925879102772645
287,518,1,0.28418446911682504
1790,196,1,0.3687130067344382
749,681,1,0.05502482802552989
1339,878,1,0.7507250613545202
1571,323,1,0.0749868001519287
269,50,1,0.05612266844111548
1015,72,1,0.04808190748600505
135,83,1,0.43781049284137596
383,123,1,0.017280249029360564
513,865,1,0.5062780931734787
154,402,1,0.4341896241506084
74,310,1,0.19102492268850293
888,219,1,0.43070168859487157
1963,324,1,0.07971762890375701
753,868,1,0.5377175750789285
1104,631,1,0.45840807854695326
1180,39,1,0.03198032416223402
785,770,1,0.48123194066158637
599,340,1,0.5902973091089138
1799,947,1,0.05909162811398352
811,92,1,0.7118011732316091
324,738,1,0.30918722384632746
1291,164,1,0.04288286197383807
948,140,1,0.5408497164059924
1155,592,1,0.4141315176070342
644,100,1,0.044024816800381755
1927,622,1,0.021177607725484965
165,612,1,0.43617413957838874
1286,853,1,0.5504892152178247
272,172,1,0.026492890724683985
1566,290,1,0.44240035213445916
1452,655,1,0.029126034238801272
1626,135,1,0.3601280828143086
822,871,1,0.6695004258191704
1523,623,1,0.35666237277240737
1755,999,1,0.761123130153438
776,715,1,0.40886926832282744
1061,902,1,0.5553180737461577
1606,417,1,0.3562267283523517
328,782,1,0.04751384600921365
519,753,1,0.5319864935075644
1452,913,1,0.458274133014094
314,466,1,0.04008374746919103
1140,908,1,0.5171826040608324
778,244,1,0.6716550586647123
11,229,1,0.3363371521837785
1383,116,1,0.4781747760167645
1860,449,1,0.3552998293690731
835,479,1,0.023702899745446107
1191,790,1,0.3668461690488722
1795,214,1,0.5298130923349225
1122,418,1,0.5984875348728469
873,808,1,0.4650518093011835
1620,664,1,0.21115669532981607
1546,200,1,0.30944465814585664
1691,670,1,0.4911634923480634
1050,410,1,0.012706923695380453
546,220,1,0.3950310942534708
819,77,1,0.07074303482750624
1249,362,1,0.418602531554788
1696,433,1,0.04389663566889878
174,88,1,0.4350968274347094
1373,938,1,0.3471076016202376
1346,323,1,0.22335471641457974
349,664,1,0.5356402112386933
620,15,1,0.37248360228489025
817,497,1,0.4359790868508108
834,582,1,0.5227607714909327
725,79,1,0.048462681666058986
786,879,1,0.39737043894386964
852,745,1,0.4950172443031053
1820,838,1,0.07540142010933663
1102,732,1,0.3359961330748286
447,577,1,0.2916490693993958
1036,126,1,0.5230615502578541
807,420,1,0.4832238843488248
1742,802,1,0.44374974712362836
211,122,1,0.26101473492102295
1440,867,1,0.5554088595394979
190,367,1,0.22564458280715144
1437,701,1,0.47617333229402187
220,63,1,0.05601230470243482
383,766,1,0.05678593884070207
753,714,1,0.556649889491946
1723,626,1,0.40074490773779503
1185,805,1,0.0350022759053462
650,9,1,0.01994002703818784
1480,258,1,0.05556811635298501
692,640,1,0.9480202871954058
353,148,1,0.04439442274853757
462,294,1,0.05997451141898573
1533,161,1,0.4864356900005396
1865,458,1,0.07432419218377408
1538,407,1,0.04687324127139318
397,729,1,0.0556355673257939
1349,678,1,0.2558896232276705
669,701,1,0.0729550946767992
1586,133,1,0.6609475002792511
327,93,1,0.4466176675136349
286,417,1,0.42156515330254013
780,156,1,0.3679911339795491
1431,991,1,0.06863481359945836
1222,332,1,0.02275593650361646
1299,464,1,0.41330075373583586
126,274,1,0.3380565236221007
1940,739,1,0.4194808201823801
1391,675,1,0.394249940035326
547,953,1,0.24061074487491857
457,194,1,0.4593650284730933
135,53,1,0.36934170577585335
1007,943,1,0.5111972340661471
979,563,1,0.4456864375215655
535,90,1,0.4324225168255004
216,706,1,0.027688129107084784
929,829,1,0.4517099129582449
1135,335,1,0.32194703297288285
1101,678,1,0.4646425031478207
823,686,1,0.5628779089549761
600,575,1,0.5246095209116103
1249,719,1,0.40338827531782834
947,217,1,0.058014648512362106
1470,778,1,0.01685401784553807
1067,773,1,0.48364574766707596
535,599,1,0.5661108101295288
969,566,1,0.03636442069239838
194,785,1,0.40930058384915124
1133,929,1,0.4161093005917964
1883,741,1,0.057626159701531746
501,458,1,0.46395362942248325
118,901,1,0.3302287639836187
40,27,1,0.3164603810851317
1131,567,1,0.5468317945311083
1028,812,1,0.2753141684414608
842,267,1,0.7313337220153492
996,194,1,0.34823859654479716
688,651,1,0.7828463205803669
204,629,1,0.07356283381898938
20,874,1,0.037405876620812524
850,296,1,0.03692237685012184
773,321,1,0.4860552107254078
886,677,1,0.47831331201119737
253,281,1,0.3934094429989499
61,909,1,0.47378240277353195
1157,26,1,0.6593814930470892
961,496,1,0.36016094910128826
1997,566,1,0.4657886612853783
235,435,1,0.04151764877132534
1942,140,1,0.07482467651927803
1284,578,1,0.06551933278021901
1886,372,1,0.36804395285762653
1549,604,1,0.036180720001402995
168,430,1,0.4813599736325635
205,757,1,0.36095149200309573
1980,340,1,0.585404073675118
1211,716,1,0.46039024654837823
816,643,1,0.6782047132498605
968,833,1,0.07456312892017779
1522,699,1,0.5284245639328694
1299,505,1,0.30460889945612946
773,532,1,0.4966810255966659
1495,664,1,0.0459044777425574
633,181,1,0.05079877306217336
883,611,1,0.0402928477315969
1690,106,1,0.49831957786269193
1445,978,1,0.7108313608592476
1895,820,1,0.3847924086384393
1696,970,1,0.3169998950614348
1027,416,1,0.045759714970182185
1545,496,1,0.5120293895720789
1219,24,1,0.3558872533328122
822,17,1,0.5515595536870211
420,938,1,0.03125648798031437
1412,566,1,0.5302321246661635
1264,201,1,0.02060736115472959
1906,437,1,0.07444642499557176
1085,811,1,0.05884401644950292
1799,323,1,0.4973989472553312
534,201,1,0.5824594136549165
1849,142,1,0.6177577445663609
380,711,1,0.04216038149236994
1524,781,1,0.5975123867056185
1658,322,1,0.47176816112034736
811,234,1,0.3339122166834391
693,443,1,0.05265458171953447
819,103,1,0.06239276267613232
1379,637,1,0.42130448231074674
1085,893,1,0.5295657387711881
1826,782,1,0.05214607129995199
1863,167,1,0.025878322858820822
1026,41,1,0.4707139545153713
531,234,1,0.07447810826086992
11,270,1,0.2664939270338559
763,280,1,0.017544709390333646
444,429,1,0.04679380461877993
1947,143,1,0.5380366328576964
1419,613,1,0.5625362021251908
1925,29,1,0.2517184161462887
488,721,1,0.5765776130579955
1510,609,1,0.482529438082294
246,530,1,0.046581385243484145
665,597,1,0.29979019636950566
522,491,1,0.5014260793999678
831,654,1,0.05382792730199893
1518,893,1,0.4855999399098242
972,618,1,0.7717013654896915
850,941,1,0.05972460071975919
398,243,1,0.4985733790819675
897,785,1,0.41255344369790997
906,45,1,0.06879538576192187
1585,674,1,0.025268704945656972
86,352,1,0.501452528489114
658,923,1,0.03850959734168001
29,922,1,0.4342566374443663
439,416,1,0.2793103596137582
1575,799,1,0.5848523390785786
530,823,1,0.4580580598774024
1734,416,1,0.4081406874530439
900,441,1,0.560079923317677
301,966,1,0.19057576042010876
98,183,1,0.3772549243944645
984,530,1,0.5676327246456792
1233,884,1,0.052556382905267526
1664,916,1,0.031006939315217856
1345,593,1,0.039990472691702285
981,521,1,0.4250083010787642
1322,599,1,0.05027441141861511
1262,78,1,0.6652958750699223
1411,14,1,0.6193583658469564
1647,20,1,0.5800861326988662
1786,210,1,0.4420541005218044
978,22,1,0.4485007405300658
1121,875,1,0.4276465326893641
1840,951,1,0.5797142178780981
1059,893,1,0.572479397274185
1403,864,1,0.44718429940706006
123,558,1,0.40997196645739203
1226,128,1,0.33665549040277587
1950,851,1,0.3880999842284602
378,2,1,0.05571765755348455
92,407,1,0.8272124208863391
704,257,1,0.5009203879101036
182,56,1,0.5513362063070667
1674,229,1,0.4905303088855094
34,828,1,0.04645839807119977
543,539,1,0.46316446589948
823,732,1,0.058822719154893975
1331,559,1,0.40750356615283917
964,181,1,0.06711784732603941
439,224,1,0.2950244619868188
1999,905,1,0.6976761731879454
559,601,1,0.5027579780068802
890,999,1,0.3465483950264793
1923,141,1,0.467857805287961
1694,710,1,0.02281899366743439
954,134,1,0.7736713491192163
1945,907,1,0.023513620353221954
1667,173,1,0.41905265260244295
248,136,1,0.05211470060771921
1771,197,1,0.4800090107057946
238,396,1,0.02391778416596152
45,196,1,0.3447619386272507
656,629,1,0.3605199375850749
1457,185,1,0.031461696384776514
142,538,1,0.4079388335087551
1200,13,1,0.24865852812768696
1637,440,1,0.36735763867492277
1698,222,1,0.49628295237177333
1466,637,1,0.04602794308519427
1661,278,1,0.492141746471175
43,438,1,0.04335070601374022
401,446,1,0.4206464656257921
1686,191,1,0.3713390531166529
577,148,1,0.043601649266662115
243,640,1,0.3760670138009998
361,964,1,0.03408769075518201
814,149,1,0.3656200193544019
1172,343,1,0.37065340109632805
1315,2,1,0.5148992182556671
1053,681,1,0.34677278345240464
1450,112,1,0.06585344098856191
1039,753,1,0.507686514672737
930,112,1,0.5386443097173289
221,885,1,0.4408289820037824
444,166,1,0.3341696486366107
799,293,1,0.016858536597463714
977,830,1,0.4684301857136343
358,751,1,0.3621720160338276
37,541,1,0.04104827669783222
1902,719,1,0.39075526336931765
1378,515,1,0.059000815772003404
580,672,1,0.047066206822978955
1726,616,1,0.5098008243717087
1003,236,1,0.4264824098042751
227,641,1,0.05437362248496403
1779,331,1,0.3517468630455954
662,225,1,0.03355840289596387
1824,430,1,0.05405820894440785
118,336,1,0.023841360696147097
107,179,1,0.3333004005913188
1453,82,1,0.5747218986183289
364,6,1,0.024086569320555175
291,719,1,0.5812336458582565
12,998,1,0.5023095675624741
947,298,1,0.41632799921416697
1792,475,1,0.3993890835015389
687,954,1,0.44134707980087834
932,784,1,0.3596899816036595
1174,37,1,0.2966107244836093
1569,307,1,0.015835272167098915
410,482,1,0.03363604822380918
782,292,1,0.4827828012544998
1918,902,1,0.4620855760497082
679,910,1,0.3648326325241108
1683,181,1,0.37564435497876286
1289,601,1,0.45483954418831557
1377,250,1,0.47339723347519885
700,209,1,0.050022942717555356
1417,895,1,0.05619210199905961
267,814,1,0.7566483741619205
322,875,1,0.5267581223207939
1458,889,1,0.4091809780534292
1185,732,1,0.4336133156277444
185,374,1,0.04409936894459184
1098,639,1,0.28313815798197556
1795,928,1,0.3345396024987608
1671,318,1,0.5188729607077778
149,983,1,0.43109875776236795
925,384,1,0.31690049456392133
1898,951,1,0.5511915321298637
868,939,1,0.44531339562604966
1519,90,1,0.0669579951668076
824,606,1,0.4560009331667587
1223,359,1,0.3831990043761797
732,847,1,0.3443050996364394
1493,903,1,0.4271113935982871
1844,521,1,0.5358380884153477
1067,26,1,0.570948877666448
36,320,1,0.03478091333164683
1011,469,1,0.05156490044610817
928,361,1,0.38039344183212914
1391,490,1,0.0305926331737569
1355,564,1,0.49535741657399596
416,491,1,0.49623721708079865
463,286,1,0.5808495653392269
1187,564,1,0.03870446934414924
998,81,1,0.058179627916624066
1308,455,1,0.39028488913346787
1740,890,1,0.5374989353035032
1728,68,1,0.04830870490892144
724,398,1,0.4075077031022197
781,22,1,0.28555315939943693
1849,749,1,0.9591649259363195
1421,827,1,0.04956567615724116
177,632,1,0.39757045953182457
945,719,1,0.41232068992756443
1649,174,1,0.6357145949615305
1543,756,1,0.05662390833146206
1963,355,1,0.05224498804317318
1070,566,1,0.6458958359921083
1270,517,1,0.49903992715172907
620,394,1,0.049375611834848364
275,10,1,0.5518532405734468
575,812,1,0.3939245849574412
1422,120,1,0.6325528027210114
902,545,1,0.4478086453272093
1,255,1,0.032952278343357906
37,158,1,0.5220528321964462
383,587,1,0.5261498618524911
132,121,1,0.43330371872685597
648,486,1,0.05784497394437714
877,797,1,0.3398823998458349
147,525,1,0.33340419151060796
1131,359,1,0.6480585169595836
1726,999,1,0.5057412038660483
77,56,1,0.36748913980719067
1155,279,1,0.04963574612918053
1070,566,1,0.6970904369681638
1457,703,1,0.6102004502722593
1718,201,1,0.5083290863983839
1226,39,1,0.49649238395557327
114,327,1,0.41872905621141054
1442,22,1,0.4361923022364391
1641,780,1,0.5423095537238093
1242,668,1,0.06753011528173437
402,652,1,0.3503424260072381
680,136,1,0.492273995091116
1522,397,1,0.4678587151990165
367,447,1,0.05969938107672312
1606,72,1,0.416983614271407
581,165,1,0.8558624212009418
479,735,1,0.4421738981231229
126,242,1,0.41048885566183513
979,119,1,0.42821108364837207
603,781,1,0.04989843348386073
1763,874,1,0.045611056267071036
1776,308,1,0.4203800801317025
1824,557,1,0.01827450766634808
252,986,1,0.35513314100112037
1502,486,1,0.24881452498305512
1452,742,1,0.5746318896087045
1752,510,1,0.38520309335642117
1841,150,1,0.33439437687878737
469,814,1,0.05712423330291909
704,878,1,0.05134183204707734
634,886,1,0.5800270168063678
400,53,1,0.3954752900840396
525,585,1,0.0561850939985261
161,925,1,0.7459846251530077
5,643,1,0.6295620072535597
726,613,1,0.35323955283178343
410,513,1,0.6363685904416039
400,249,1,0.3608472364081805
448,157,1,0.05515930622333475
1142,708,1,0.045462632977588416
1330,327,1,0.5241150464030586
1677,722,1,0.4036026352855456
1641,36,1,0.3995333452603192
1457,275,1,0.02324710292765074
264,981,1,0.059308461558912146
386,209,1,0.05636471609136462
163,687,1,0.4313469922528338
1652,771,1,0.33001592677277464
900,853,1,0.5202584688227121
903,522,1,0.32237184128773266
947,371,1,0.6652377225856627
1948,244,1,0.46889454591649765
1397,807,1,0.4642176311949835
1827,843,1,0.027864386731309032
4,701,1,0.07690634865700227
1078,225,1,0.5293994864790269
1788,887,1,0.4934049104067937
1005,37,1,0.7352326917371291
1039,485,1,0.04997594966909428
194,581,1,0.430414809657818
1796,763,1,0.06910015159587474
820,103,1,0.05460670097253957
1854,965,1,0.48097395818319494
229,921,1,0.07407884030166134
1143,228,1,0.24939929389611204
947,653,1,0.4216258256057507
1109,265,1,0.05438702938961756
1220,618,1,0.05448747043115558
706,329,1,0.5199234148451959
1136,310,1,0.39865159985163645
876,248,1,0.8098769751527353
1541,344,1,0.3978941802631473
750,234,1,0.022757017870938746
791,261,1,0.04052396607422934
1430,727,1,0.06472302782287637
1701,345,1,0.019344497716985314
519,333,1,0.5649586582009076
1762,964,1,0.01723789315570692
1675,248,1,0.046609295159424795
1661,491,1,0.5597252585733414
101,352,1,0.07387933572603879
1508,823,1,0.026054448491608533
200,826,1,0.3170414599661355
609,291,1,0.4752101258718765
924,71,1,0.03922700977607185
892,878,1,0.07618341254776835
13,436,1,0.310440591581682
137,553,1,0.4362385611376659
1463,547,1,0.5612948922586728
671,79,1,0.3630274936553242
1188,641,1,0.5461869337465348
1196,114,1,0.0432588901467098
122,420,1,0.017639823466355054
949,511,1,0.5272408769220738
1477,407,1,0.049472909487837696
810,117,1,0.5474979771275074
153,258,1,0.4214444836655228
1113,711,1,0.4149758148920316
1462,407,1,0.7169477342510691
372,386,1,0.013891905382077154
738,959,1,0.045575867776019234
654,479,1,0.5670031972810647
1298,932,1,0.07161047994907035
1021,137,1,0.5170798497938995
203,220,1,0.29564198730037217
865,132,1,0.5117198716775001
1482,691,1,0.7815378374721995
380,504,1,0.013447500348055193
1393,433,1,0.4704205971759525
915,154,1,0.03878387963723441
646,198,1,0.5646234899074728
1540,705,1,0.5257426980982647
671,361,1,0.05548811113495863
1806,603,1,0.4781007284802229
664,628,1,0.23435951573637148
273,67,1,0.04091424643189874
1220,762,1,0.4224945472918748
1947,856,1,0.2989048249414959
927,495,1,0.49082688264323815
1676,932,1,0.44965723990915063
361,548,1,0.6617262850207445
489,577,1,0.438167233702364
17,150,1,0.34979927287684026
1993,15,1,0.011674927001904955
1202,389,1,0.38596416634635344
797,583,1,0.07805469750620096
1411,477,1,0.5392957102179881
979,726,1,0.48371093566136625
418,396,1,0.3998351298439573
1055,840,1,0.040790008210526404
1971,896,1,0.575997353657222
1679,563,1,0.5565753781873684
1240,545,1,0.38449741862762454
654,349,1,0.02051090207245921
1447,594,1,0.5299845467162645
1927,160,1,0.059030572596983605
1206,174,1,0.4151173627072361
1766,633,1,0.6423542108801249
984,612,1,0.44820386194647105
52,247,1,0.35591612937394845
1156,30,1,0.03112504151459735
798,284,1,0.4103250225031974
1120,635,1,0.34210850557564637
561,742,1,0.04022591645172828
1204,470,1,0.04686396600992246
1836,103,1,0.0581699518518087
1917,513,1,0.2689891500468185
781,198,1,0.010786181875868741
300,718,1,0.04105205184250728
874,621,1,0.4773920181304325
1739,389,1,0.03605989984244945
1617,23,1,0.4839479306085012
355,268,1,0.6803851489851077
1893,124,1,0.05507272022515226
463,748,1,0.4652005023940677
1696,722,1,0.4595092038572868
1268,795,1,0.02017629597175595
292,209,1,0.05682917387073027
229,208,1,0.016107861704885238
1039,854,1,0.47499636294225966
13,476,1,0.34500398674539173
536,822,1,0.038658652749054244
1179,433,1,0.06016545034709864
1880,225,1,0.6632684603044791
575,933,1,0.4481983042942336
450,576,1,0.4623825103879055
1925,666,1,0.4048217387836603
701,576,1,0.5945321912625788
316,761,1,0.8313316615618525
7,757,1,0.4518053764365906
1035,164,1,0.334232442953839
52,415,1,0.48908836517175935
1443,139,1,0.5563690019618657
896,938,1,0.6117175017056884
463,324,1,0.37968600249023654
1607,564,1,0.5403387939933364
1565,644,1,0.37113025303535985
1333,699,1,0.4610687975768258
451,709,1,0.3523543057739247
144,965,1,0.019682048923203563
1723,856,1,0.33138477058650656
453,350,1,0.44836013421345083
1135,281,1,0.41448723985038843
1949,687,1,0.17536167548483603
459,749,1,0.05916864718175526
1935,718,1,0.045811854590903915
210,712,1,0.5128570913553215
863,72,1,0.3691052575533106
1022,562,1,0.6340671155570875
835,846,1,0.3463156457317449
271,822,1,0.49728046703873074
754,733,1,0.013312843547357858
1260,327,1,0.5394591994400509
1403,699,1,0.5059005426522734
1326,794,1,0.3820868437246232
626,63,1,0.019620072954592012
581,972,1,0.573565355547064
386,358,1,0.5354079862335275
492,557,1,0.3677780221806875
1831,971,1,0.470888108683949
1779,253,1,0.29766496257812713
274,285,1,0.02475532694995754
1289,425,1,0.6271106753482171
1248,237,1,0.35601377137692286
75,14,1,0.05872767165072269
637,240,1,0.5410455910172911
170,122,1,0.2770788656515151
505,677,1,0.3619105435409017
185,985,1,0.04772104186438619
771,758,1,0.47410013006695667
1368,880,1,0.5421910252015092
1430,50,1,0.05403369607962477
1214,327,1,0.027113802671814423
965,964,1,0.021293417074305477
519,116,1,0.4547736119353801
1924,678,1,0.562977329953182
763,382,1,0.5486395192956711
1748,676,1,0.34883225149114855
416,97,1,0.5170824630531307
206,69,1,0.059876964588901856
1848,252,1,0.33162758958768024
1580,479,1,0.42534847388909136
568,893,1,0.73005350573443
1950,840,1,0.42673217477747066
739,706,1,0.3279467696732308
1747,609,1,0.4665182371280907
263,785,1,0.04306063867651653
1304,63,1,0.07338927655680748
1218,612,1,0.4894538005497376
533,376,1,0.31613089911986675
836,763,1,0.41614580038914456
1586,544,1,0.44510576017574943
132,649,1,0.45070702113020517
829,955,1,0.058521376434004305
1808,961,1,0.06373532107632078
1422,622,1,0.059742767061319015
428,350,1,0.019786494675704695
484,903,1,0.6110188736359963
565,304,1,0.056970927109249336
1805,478,1,0.4338918397553448
1726,320,1,0.5600829589165792
585,93,1,0.4067162267008991
1034,186,1,0.509869581260287
1883,543,1,0.6132509448242238
1661,301,1,0.6001032460291914
1391,229,1,0.38696083616217936
978,252,1,0.3614632958815395
366,786,1,0.4301064769037909
271,291,1,0.0380682533047391
916,222,1,0.043838378490622124
1195,988,1,0.012089497711790211
88,553,1,0.48161787784672283
255,893,1,0.046182185911438904
944,761,1,0.3631046192871561
1933,650,1,0.4682959326017277
1519,818,1,0.02186523216528234
3,74,1,0.5331738270262888
154,17,1,0.04351596747235392
1601,150,1,0.6296578535109061
1749,600,1,0.04680485865617461
1940,269,1,0.5347948317183848
803,999,1,0.444686147923288
1869,278,1,0.6787827977148561
481,107,1,0.05774256411015164
1860,885,1,0.5550634258147159
1555,802,1,0.5505410908818682
464,936,1,0.580350085036072
1236,529,1,0.4557910498999462
1124,584,1,0.04370375360747749
620,966,1,0.3879556106500792
1546,306,1,0.053776986192886275
1466,965,1,0.7593393806897366
625,700,1,0.03701225473424939
1700,342,1,0.238453699493401
674,413,1,0.4056066285402158
1655,97,1,0.6642602220033433
1812,250,1,0.5577882620011514
579,708,1,0.04708428214584067
1839,968,1,0.02276828021244841
246,966,1,0.3603421160526602
1667,166,1,0.34336755021896265
245,149,1,0.3330102283743481
1974,858,1,0.35832597032884433
217,531,1,0.4256954124404009
61,278,1,0.5033244930175956
352,4,1,0.6527612556551552
1730,615,1,0.07821196539036022
1913,545,1,0.535980791400608
1659,314,1,0.05131676214079839
976,846,1,0.3905957902100552
1856,311,1,0.3181169401019497
745,919,1,0.6494981059463164
356,716,1,0.04589811957920876
1356,670,1,0.5464124728122518
1226,339,1,0.05221739769288731
1289,94,1,0.442205693329874
1113,792,1,0.41758771181272264
1972,243,1,0.04457165276050672
145,717,1,0.04593401815660306
179,115,1,0.048247654280766605
775,238,1,0.4226531107278589
937,202,1,0.05077040257319332
271,212,1,0.45275608441363413
1535,526,1,0.29128657906642774
386,470,1,0.4488412942369921
1563,11,1,0.35293227959643747
1786,260,1,0.4049760370946671
1484,875,1,0.39810964291809237
1645,17,1,0.7648619670577138
635,241,1,0.26502448848806376
613,466,1,0.040314195142848494
1619,912,1,0.42565062596778647
1131,857,1,0.4292248287666366
158,645,1,0.3873821447047833
1293,683,1,0.38032194918676604
1142,562,1,0.42017903345876007
193,271,1,0.4401147655795891
322,945,1,0.7588706554598725
561,810,1,0.03711627199898494
1303,385,1,0.03352359026646441
205,726,1,0.4661959017745989
634,429,1,0.5842771258330207
928,182,1,0.059290148243482686
1724,650,1,0.5899270778202911
1087,158,1,0.47256916079981404
534,899,1,0.04459862687596905
253,195,1,0.43721709696150957
539,818,1,0.43903418108085834
1964,28,1,0.44198707851794605
446,960,1,0.5276533805664424
823,384,1,0.04517018546670173
801,88,1,0.477133415235965
1155,595,1,0.05897546397999734
570,771,1,0.47300230296956775
836,376,1,0.05833320213428585
1560,636,1,0.4593212110353199
993,754,1,0.05132619024685002
201,229,1,0.039510945156615275
145,180,1,0.07461693327129884
1280,971,1,0.3912076976399687
1232,810,1,0.5942863545090895
1874,25,1,0.22654442663596874
985,188,1,0.4974141752966495
1503,39,1,0.6343539289428028
434,845,1,0.5205381737203477
85,699,1,0.45567681994075093
781,708,1,0.03898999482969873
1030,553,1,0.3259076463847248
1261,198,1,0.05490395497487819
1748,513,1,0.32819933585378996
435,732,1,0.514511072861611
335,707,1,0.4246275307759046
1525,117,1,0.5139333724594013
1539,638,1,0.5734007667861616
1647,327,1,0.6925131335407871
1260,981,1,0.596510611577793
659,73,1,0.05155480803591096
643,416,1,0.4707719960711147
1655,99,1,0.4345978878830466
265,819,1,0.041865156059149346
417,431,1,0.04690130343788456
1992,704,1,0.05366647521816943
468,312,1,0.45783849518534814
1982,86,1,0.04750719266380295
1077,943,1,0.04453052264430626
1142,703,1,0.04629155230834483
1188,582,1,0.5684594160961113
986,131,1,0.04583715913406172
357,736,1,0.060501979145713196
1581,510,1,0.4386208748590308
1372,150,1,0.5054801534789974
1832,472,1,0.05765584346363973
633,789,1,0.03813289809566356
1110,779,1,0.07270011619896936
1048,294,1,0.019351627779458532
1048,608,1,0.8062686947800909
1333,688,1,0.4001782136619088
1777,652,1,0.42549464288707484
1958,412,1,0.015444700643956207
959,234,1,0.4524205913023243
1959,218,1,0.06879872486076226
204,917,1,0.026510605984441313
400,796,1,0.05905155458350678
618,867,1,0.36393898178909667
1652,143,1,0.41429836720214874
223,336,1,0.472164939621466
749,807,1,0.30070134795943204
1842,697,1,0.4806296151855351
918,683,1,0.45182702026683047
576,489,1,0.4008088309543523
1649,257,1,0.4392964402196891
1272,539,1,0.0470219967712169
1253,216,1,0.0504812234677166
825,178,1,0.045723600782882
1123,738,1,0.4740477124674801
142,212,1,0.3220745694188953
317,631,1,0.5991600947370922
738,578,1,0.05544822399143896
181,28,1,0.030525655161382954
1819,450,1,0.4968596213855503
279,433,1,0.05088609882417194
288,352,1,0.3818400873080658
413,110,1,0.070515600143813
554,791,1,0.4350548478001957
267,769,1,0.713740816903892
718,32,1,0.38387175567420906
1575,393,1,0.528566910579702
1455,538,1,0.49862970616895685
1504,939,1,0.3634135611311714
318,339,1,0.756509520102826
269,565,1,0.4985300520797257
1724,826,1,0.0343422760787517
968,295,1,0.04835973768551457
1442,194,1,0.5823920316731833
1048,847,1,0.34340048984088234
1018,227,1,0.3854753799098641
200,887,1,0.4226792518847086
1937,308,1,0.01605071539505426
26,631,1,0.4794590283203699
410,17,1,0.05282039613673678
1239,856,1,0.02650493227660565
169,452,1,0.41841305706471377
1000,432,1,0.3940194799827146
595,306,1,0.032108689253827385
1678,313,1,0.5306298269231979
1968,459,1,0.0510415681081859
180,199,1,0.36809949654893903
915,897,1,0.44565380869203913
1070,477,1,0.36012401134476646
1653,770,1,0.47650095745844634
1200,331,1,0.02401579467941027
22,604,1,0.6616021539428354
1411,16,1,0.49420417297636954
415,179,1,0.43131408111056796
1777,608,1,0.4430698859223334
1229,928,1,0.7056166638698943
1324,737,1,0.01970004987569702
776,138,1,0.36615487851393735
938,694,1,0.5691476980681653
487,269,1,0.35116600698266504
1490,24,1,0.341636194934845
736,500,1,0.4260301864663541
407,511,1,0.7073893206675956
1653,361,1,0.35796869532791
1900,405,1,0.03658195279569827
1484,254,1,0.4762973629396048
1331,807,1,0.05485438463281237
153,340,1,0.40715557019824905
73,786,1,0.48079709366416856
890,389,1,0.37781036013717756
1181,984,1,0.5487754212503769
710,785,1,0.2807667395774607
543,334,1,0.059125658691988506
1859,311,1,0.27318158023676536
946,523,1,0.03391320851818157
1329,784,1,0.04476490169178096
1612,296,1,0.042428112292868206
8,918,1,0.6465928086370374
255,637,1,0.5367837396998185
1527,114,1,0.04540990806621737
853,829,1,0.3085116341809777
1135,4,1,0.3481907338261423
1857,585,1,0.4385834276698025
192,66,1,0.4487346099267817
1008,978,1,0.3682889394169136
1344,832,1,0.0532758239956567
144,161,1,0.3640846193602965
938,493,1,0.35215221328936464
1093,899,1,0.41989566321570154
301,730,1,0.27113487461982394
1702,430,1,0.4107172712625683
737,410,1,0.38384033251090116
1417,986,1,0.04571723632998693
1756,671,1,0.05233049177811073
1092,882,1,0.054610438580644835
543,846,1,0.46776742445033975
608,485,1,0.38319761498967003
786,891,1,0.425616030506199
1671,336,1,0.340161124580984
1078,109,1,0.5267861062632762
59,636,1,0.7353539241068855
114,411,1,0.05501564266126015
1640,862,1,0.027876943116680424
535,581,1,0.4844934314996801
241,676,1,0.6441425566844131
989,634,1,0.5916845464893691
233,727,1,0.6119986484234916
505,371,1,0.45335669203242746
360,723,1,0.43604177127628535
16,149,1,0.06446052267721884
1138,142,1,0.5147791476313603
1183,237,1,0.533220140602755
1019,163,1,0.4248762401243175
121,549,1,0.5502452952035934
1719,13,1,0.3362525982430392
60,965,1,0.0510797183047112
1500,934,1,0.05833646353034171
1325,950,1,0.4833744881789101
711,412,1,0.042799179996222465
1688,229,1,0.3115842324662529
1645,17,1,0.7255352822438069
1185,770,1,0.5727008134363657
229,642,1,0.06263633146686377
707,41,1,0.5107519545751901
532,53,1,0.6145410241145427
1990,710,1,0.47194545393329285
1936,687,1,0.42890732372553053
836,894,1,0.036598810951037564
1854,276,1,0.3941229466814237
804,317,1,0.49897369531700136
177,51,1,0.0183021307542751
1947,81,1,0.4472559619001976
1631,25,1,0.01802503710911826
1120,155,1,0.38330657250204697
600,118,1,0.5823207618798166
1504,325,1,0.3757002037297836
1822,602,1,0.5516390182916424
520,514,1,0.05375107487308113
703,855,1,0.4461417903790936
1039,369,1,0.4911714021777159
1466,303,1,0.4195916319415769
188,426,1,0.42707181292310537
1342,28,1,0.5352376821431887
1563,810,1,0.36845205684300697
1319,107,1,0.43211240536534723
122,668,1,0.3196733898048697
254,208,1,0.8157348941772128
467,14,1,0.43676361233618893
368,468,1,0.32239506411969227
1840,986,1,0.45862264182594903
1074,785,1,0.02269411189599332
1954,345,1,0.04365246542318284
1020,241,1,0.01963801948117575
643,653,1,0.449346101849286
981,389,1,0.051789991674227154
709,460,1,0.7330813108588589
1745,59,1,0.73240047861425
1941,58,1,0.5397107931389195
1219,118,1,0.2725025034294037
806,800,1,0.6641334124991694
888,315,1,0.026160514848730707
1679,90,1,0.4257336885982882
1285,308,1,0.4717586199092158
1310,112,1,0.05697375236732096
1391,724,1,0.5120458646520132
852,313,1,0.6052895931150617
1039,451,1,0.3167446247851485
230,353,1,0.045757932705784925
1079,950,1,0.36382047945708385
1178,768,1,0.45813483926216875
127,885,1,0.047050556414851605
685,594,1,0.5947985448404357
1502,840,1,0.3405219773286683
1470,571,1,0.4225408388884001
1422,718,1,0.05025300157700813
1797,418,1,0.0637473083855474
3,70,1,0.047654101394418225
1292,729,1,0.06302007611219089
1207,962,1,0.06801537580104927
1677,206,1,0.41869022732482125
1006,880,1,0.04651012669172868
948,319,1,0.3341032078485938
679,895,1,0.4353795612405075
363,983,1,0.4169818323615935
387,626,1,0.4957957561150275
419,379,1,0.5468175881747431
825,930,1,0.4082118001503029
1485,265,1,0.012124852106791213
848,631,1,0.4316705118557307
615,801,1,0.05290955386275453
299,26,1,0.5798175513689492
130,612,1,0.22989254563492167
1696,377,1,0.030846133062530944
712,664,1,0.5543238137840947
970,543,1,0.40098867402768973
1641,773,1,0.5625057495275123
980,77,1,0.06567503485358897
1767,570,1,0.4142050693393633
1166,953,1,0.37305888287743916
66,289,1,0.6067204535348805
660,845,1,0.3818225757223861
1053,867,1,0.4500924163797589
1027,587,1,0.047924043605012706
1848,776,1,0.4325479930061349
608,601,1,0.2063826793482451
1460,299,1,0.5247296250241905
1381,281,1,0.5098597667486084
1365,390,1,0.045380194559020225
90,431,1,0.4677686762270427
1999,633,1,0.054450566947370674
1768,442,1,0.0658315072582316
1083,602,1,0.3833754950323809
1538,438,1,0.05700956721609195
936,423,1,0.5426290957432972
1417,864,1,0.382617242721893
565,425,1,0.03185180418528634
1937,149,1,0.01185122959996527
778,62,1,0.05913137549868879
1100,433,1,0.05000953057689086
1434,778,1,0.42795286937061683
172,444,1,0.5449020233538874
1574,519,1,0.3466668457959569
192,411,1,0.46585518319941666
1215,193,1,0.04980762751679756
467,987,1,0.6045974867510724
226,611,1,0.3955404262213094
530,410,1,0.036131802525587654
970,301,1,0.4832836877894662
470,250,1,0.023972809381838198
966,750,1,0.033158885425340276
149,712,1,0.5051933599706577
234,51,1,0.36531578474588655
1127,316,1,0.0483264145652092
1815,209,1,0.03432603356389605
26,813,1,0.36633994980415213
355,365,1,0.5659901121871209
1004,438,1,0.6921554052945779
276,922,1,0.3644386094696369
992,185,1,0.44020387232376856
1820,948,1,0.03463064247823453
1717,850,1,0.4355646122967778
1907,650,1,0.5097999483503497
1468,291,1,0.04476695738504158
378,638,1,0.0739946375020505
98,556,1,0.42283896213709193
56,598,1,0.05908740451287339
1919,470,1,0.4439185341527524
273,67,1,0.053923403913421056
1130,874,1,0.3495232310111195
1353,563,1,0.04553512260722607
414,13,1,0.5308477793569375
1224,994,1,0.31172629090272785
153,328,1,0.3383055960560279
176,669,1,0.4888394379987152
254,602,1,0.4729544999262078
782,940,1,0.05899402980376917
808,552,1,0.47987710240021453
92,555,1,0.041072723328483364
1735,384,1,0.3677060750277056
420,820,1,0.06735991119915215
513,836,1,0.43516141766766475
577,753,1,0.530848955476291
1074,258,1,0.415794245995192
785,163,1,0.4941712897236173
928,325,1,0.39137003505721424
95,149,1,0.5046289226146912
1333,838,1,0.04036797552240423
1457,851,1,0.030399141407910994
1029,589,1,0.4939389810719209
1695,944,1,0.034746933427530685
474,33,1,0.051135429133588726
361,668,1,0.4901188179559677
467,388,1,0.3794764884222376
858,168,1,0.5398011036754243
1623,517,1,0.45746822235123347
956,616,1,0.7191882367292534
1410,229,1,0.3198691437816053
640,5,1,0.05853204887103107
1901,276,1,0.05860589092867552
1409,389,1,0.42998994945886004
1253,560,1,0.04012165401090323
771,991,1,0.5334715117416918
976,139,1,0.39475959270778066
645,68,1,0.36148482379153873
1079,572,1,0.4236950971594864
534,765,1,0.6783763557072413
38,659,1,0.4728325894323686
1447,51,1,0.4072520535897671
693,752,1,0.424736623059376
1270,784,1,0.028253761273941323
328,830,1,0.059555782833182615
125,639,1,0.3329515732410172
400,197,1,0.5823788509813788
952,940,1,0.058193685606705126
686,160,1,0.7223566786111345
338,645,1,0.045564175519612886
1939,21,1,0.32878886619087583
1346,836,1,0.35869564485644884
1425,368,1,0.03966440236429776
1638,422,1,0.3709219868097902
592,771,1,0.47297288206956495
729,883,1,0.44698509598132
19,670,1,0.026067799718750055
950,860,1,0.4863624233443723
727,627,1,0.030509615338366353
40,31,1,0.0537445860361596
1711,287,1,0.5174661712606023
1975,856,1,0.3971370356700941
497,771,1,0.45151434368377713
1725,417,1,0.057504370074325926
1884,613,1,0.3752126304682394
1239,258,1,0.059593315054400624
589,76,1,0.07626399596858388
226,562,1,0.5153725820335253
861,298,1,0.4647767036216826
750,470,1,0.5535523120961447
1721,861,1,0.39588919434837033
636,870,1,0.47610755533925286
1601,130,1,0.3439102562713835
1130,210,1,0.3493869542855672
713,570,1,0.45875206541398056
1023,520,1,0.7265291051400073
1407,856,1,0.578423179076732
345,262,1,0.3658242048582903
510,681,1,0.05802915814476595
469,265,1,0.5153159391529446
521,492,1,0.5020757006448677
1737,76,1,0.0638023420813013
1767,322,1,0.3465445505734197
1072,515,1,0.6014101254142366
971,154,1,0.04840779231258496
444,958,1,0.05184663626127628
978,474,1,0.014916190517754882
619,64,1,0.056695928575125454
1851,468,1,0.35480267884253497
965,811,1,0.06326575217053515
1325,58,1,0.48845740151143585
1290,398,1,0.43725996141839135
641,863,1,0.04489103339708257
325,414,1,0.478675773037013
876,511,1,0.5744000818989695
1357,60,1,0.5167550402711907
1120,178,1,0.040749967949258836
821,386,1,0.055543952396932106
1455,55,1,0.322222057931299
1821,952,1,0.5348204993312773
1990,489,1,0.014061946347152151
171,374,1,0.5270413173322629
418,859,1,0.5915797558578919
1813,369,1,0.7632413738961175
1955,292,1,0.4042418883669843
1248,581,1,0.3159691236647734
820,951,1,0.05430055999876421
1602,668,1,0.4222175199495693
332,384,1,0.47789674560812684
890,62,1,0.3046712361094096
711,511,1,0.050092624597639766
1612,878,1,0.053715695619759515
1631,80,1,0.47617305482313277
1329,626,1,0.02945683919939076
169,312,1,0.03646279152850088
1778,938,1,0.3641842116656378
891,188,1,0.04206872868221888
650,535,1,0.05270555286229643
825,462,1,0.043276804396993586
697,950,1,0.035057112745475516
308,822,1,0.054419181313300244
1559,6,1,0.467638485811996
379,425,1,0.34167278176142946
504,374,1,0.3404994606016922
149,150,1,0.4071068411101316
1548,459,1,0.511945753676021
43,586,1,0.3701919551913628
1123,114,1,0.6290023447754113
1516,750,1,0.4756362385669255
724,535,1,0.05885082972760615
1303,659,1,0.047874971504461745
1188,988,1,0.04781649516083987
455,61,1,0.49784612291834385
1758,819,1,0.45615440484646635
596,534,1,0.4410825047953447
1860,199,1,0.04611922861039778
1646,839,1,0.42602400111137106
1669,217,1,0.05159172696745403
847,664,1,0.37222618823810166
1125,312,1,0.42945492331219515
955,82,1,0.7819992331019094
439,466,1,0.5920720502445838
1309,392,1,0.25490658830821483
1329,956,1,0.6290513284573019
1809,299,1,0.7728093339910962
1447,704,1,0.04425728174537369
1029,810,1,0.4200573475237188
1202,651,1,0.035939328878076916
1081,585,1,0.4733680754103882
572,712,1,0.4722062037561344
1953,64,1,0.3773033650828689
1397,709,1,0.5392045792033185
119,390,1,0.8320931197207808
429,929,1,0.036328831564607325
882,974,1,0.40663355819827657
1241,367,1,0.5631445480732866
492,612,1,0.2807059572900295
295,941,1,0.38899482108387823
862,766,1,0.4042970937487217
294,80,1,0.7774243950235906
637,83,1,0.016560323070271957
514,565,1,0.680774237982424
1270,183,1,0.3869885617848364
1506,860,1,0.31107722260341564
646,693,1,0.4442292809186149
540,301,1,0.3948390742825235
195,170,1,0.7376908612855912
1042,638,1,0.36887953957878805
331,763,1,0.39791560390191116
1474,585,1,0.043671234640893376
207,710,1,0.6542016259333344
1955,303,1,0.0589582472225003
1762,96,1,0.04569522582934365
13,922,1,0.4223179585293502
519,194,1,0.5156767203275875
517,345,1,0.6170958156075974
1952,515,1,0.05156169559378918
472,827,1,0.03372726304004543
132,688,1,0.30527746631242886
210,906,1,0.5137187865013593
749,829,1,0.33758951629211914
1915,864,1,0.4010760666447818
491,619,1,0.05428784401135857
526,815,1,0.5395746033972721
366,181,1,0.36926670903333564
103,589,1,0.06362549594910342
1225,828,1,0.5215108674353341
211,840,1,0.46314709009772337
875,924,1,0.5102233829456918
428,644,1,0.4597343371651797
1527,128,1,0.05375084856523295
1877,671,1,0.04811656180743708
1443,293,1,0.034773320928295604
423,437,1,0.8137534872725971
1055,479,1,0.40947308752233474
1294,972,1,0.6671276327646419
492,6,1,0.3474776329583027
1513,230,1,0.03507794000501616
659,460,1,0.6041831435176188
219,523,1,0.4043151198466201
1067,154,1,0.36801606979990426
494,980,1,0.6708182659980498
1773,9,1,0.07518130428364962
1342,857,1,0.053352404352065404
465,314,1,0.5128589760566168
983,865,1,0.01852901644536154
1657,608,1,0.3699004112971631
1251,236,1,0.05674866184314796
907,923,1,0.5340070523537679
1042,899,1,0.4187905880140117
1885,267,1,0.03477394299631021
1950,990,1,0.33467465377219835
913,206,1,0.5471010586685038
1178,651,1,0.3332676713597679
1736,950,1,0.4260360578441062
943,281,1,0.37871816571940103
588,385,1,0.5381007965376424
428,805,1,0.39357350297412047
751,5,1,0.558827052370309
285,998,1,0.45134651470533005
1707,493,1,0.042264177515177144
1214,612,1,0.3660898775145977
607,264,1,0.4464177641581547
371,380,1,0.056065949195578446
1813,320,1,0.019060773026239777
1925,384,1,0.42087216777378916
51,321,1,0.025012560155012
1175,323,1,0.57777044150396
461,113,1,0.02425735935472306
406,533,1,0.044645487422871694
996,113,1,0.28669859966690237
1538,833,1,0.04086622078021141
1424,41,1,0.32669739662121994
1962,472,1,0.4603226233955578
1479,727,1,0.4924555196437553
494,241,1,0.024553677207269687
311,271,1,0.5189032697341789
1226,268,1,0.4530387194640681
1535,574,1,0.3480239057858632
1911,562,1,0.025527944399655715
781,848,1,0.2921914691591651
22,548,1,0.8408012999218109
439,588,1,0.30038453009238125
1894,955,1,0.04095447558773545
1568,476,1,0.07305353582134172
635,776,1,0.41303756668812386
1822,473,1,0.8230141667814859
1460,631,1,0.4930833782016881
465,240,1,0.4941795873701147
1022,130,1,0.37400541128624876
1824,257,1,0.4320824430571227
1616,804,1,0.49598305245740687
162,178,1,0.6272332150915594
1848,738,1,0.4051209921151723
1203,643,1,0.07304547446301599
188,438,1,0.436337161375905
790,889,1,0.4758536263281433
1001,360,1,0.03710495319070988
1183,416,1,0.3717195926451125
641,217,1,0.05400180925725701
753,34,1,0.8474961107865405
1120,548,1,0.011733521537408028
1241,990,1,0.48905139260595193
1336,832,1,0.6839526879907412
1841,177,1,0.0439603461570943
1796,522,1,0.05353704636759113
870,411,1,0.44817841964571253
428,379,1,0.5701279621934382
1628,586,1,0.04743487015809658
643,960,1,0.5138897685844811
567,660,1,0.43062906428442327
1668,783,1,0.5817283523150684
233,239,1,0.4156628346350897
552,999,1,0.39112031047017726
1030,20,1,0.3281050533275799
1600,615,1,0.06427769403730862
1793,339,1,0.04802573237217476
1365,214,1,0.05678178278365669
1155,479,1,0.32583362998925963
15,183,1,0.31566430635648196
135,129,1,0.37568292792892133
1037,799,1,0.04781839932974139
1117,717,1,0.6490947215451027
775,584,1,0.3784126195292095
341,408,1,0.3827428396371644
1255,285,1,0.43354414736646707
847,103,1,0.4448559820326414
67,866,1,0.36919773996235505
1452,491,1,0.02999186992113463
929,976,1,0.43876134122791893
1529,463,1,0.07896277706802124
1007,976,1,0.39942369002607003
716,664,1,0.4442070784707913
569,96,1,0.6502817558063428
275,349,1,0.5572451831945439
1455,13,1,0.29033900957214215
1612,626,1,0.227417257035797
158,591,1,0.013209522937555215
904,656,1,0.05694665615722675
1690,818,1,0.44146770551109465
533,265,1,0.3341756922104446
306,731,1,0.3964007448897824
482,110,1,0.3882313757079294
862,301,1,0.3465159196413397
165,809,1,0.3804615938167821
491,148,1,0.29496059304710437
468,788,1,0.36916546477834655
1463,489,1,0.473472114285423
1410,314,1,0.03489134047255797
349,864,1,0.40089202281971087
339,513,1,0.49882782589315305
160,667,1,0.4608015636633321
33,156,1,0.6021535653498639
850,603,1,0.43226451420566453
1546,829,1,0.2571671942933441
1943,177,1,0.0700807791525968
1185,418,1,0.47526788849517476
181,153,1,0.03114574506445502
1945,552,1,0.44370971081055754
1793,291,1,0.4998222348836657
1100,733,1,0.02076850024090466
179,158,1,0.020794638453383092
1215,415,1,0.31316533510111955
1538,603,1,0.037232402912249635
27,453,1,0.6730660630277033
50,78,1,0.05003995217610454
11,564,1,0.050136585602664964
427,836,1,0.019318064765681393
1990,194,1,0.38385786386097526
1465,98,1,0.37742492824615803
564,40,1,0.6463884052769965
230,584,1,0.4480471567258038
408,419,1,0.469127469273506
764,487,1,0.6044063671689446
375,871,1,0.5011871944938636
1735,961,1,0.35508644234088005
1792,274,1,0.37979798855114705
726,364,1,0.38933456011749884
986,485,1,0.024519944303546096
839,446,1,0.41557177782613336
1460,525,1,0.4061539567345599
1073,10,1,0.05735225462309407
1511,489,1,0.03124482302022963
732,211,1,0.33899348016889846
967,982,1,0.6755237697820845
935,907,1,0.03271068428518272
1760,413,1,0.020744804683742058
1434,271,1,0.5193810868418125
1411,657,1,0.4275572858863186
1985,151,1,0.6676348971701662
111,664,1,0.3855079041047837
1766,890,1,0.5724459320671796
455,98,1,0.5404532219377637
738,595,1,0.021436597074968478
1593,275,1,0.03927046340419828
601,423,1,0.032215356024830076
1966,643,1,0.035936559373674994
1637,17,1,0.47636016450356744
1858,735,1,0.4388693530202673
1958,885,1,0.06488474643515027
1182,240,1,0.6776725089260482
1391,745,1,0.027236457520399437
709,982,1,0.4541192856444876
1174,13,1,0.4512426530885674
1934,572,1,0.05277244101913137
7,52,1,0.04473510827270963
491,182,1,0.7405806947205769
1559,913,1,0.6144092752517761
1221,496,1,0.06969688194581604
1679,961,1,0.6716532392244957
724,218,1,0.0485626974612224
211,60,1,0.4785788405500917
229,167,1,0.07895269078553396
1533,840,1,0.032477495063057506
850,922,1,0.4180274799173887
703,295,1,0.357382750741854
1573,56,1,0.028279365185591022
170,195,1,0.3833205869083486
144,356,1,0.2854497581316889
1399,242,1,0.5547243614406211
396,894,1,0.05673904751628216
1323,204,1,0.07627733031026226
177,812,1,0.33202165190895966
395,199,1,0.3515765692471122
1240,258,1,0.4800102707756115
865,210,1,0.4076426533045674
445,611,1,0.056658873570834725
689,402,1,0.0429404093771154
1793,145,1,0.5278713248800091
559,842,1,0.43311055541933513
349,500,1,0.5395335188513253
1239,944,1,0.5108557201603933
1982,492,1,0.01751696915229281
629,364,1,0.36252511961104655
604,496,1,0.5324160631710612
1155,617,1,0.3684694805855007
379,205,1,0.344854674885424
978,988,1,0.36628624095382656
131,528,1,0.5518627536623053
789,485,1,0.5991012975781302
88,812,1,0.43051515076994973
1171,497,1,0.4860258068670998
1656,129,1,0.7301665635819291
60,948,1,0.395652565895649
25,733,1,0.06774421171731519
1371,21,1,0.5865288287981575
149,83,1,0.49150469269945957
1822,707,1,0.8351124217035895
226,597,1,0.04495680956910368
147,771,1,0.021900939057444238
472,625,1,0.07877385481760567
381,294,1,0.36604228954166496
199,921,1,0.4823583075198178
443,923,1,0.38741669169529497
1364,505,1,0.5244409789895024
1691,413,1,0.4250993742057636
1705,505,1,0.4328555270865135
629,365,1,0.3281601615705314
788,545,1,0.04466017188481558
1458,674,1,0.5111857773783409
804,829,1,0.36757419189827356
1199,996,1,0.3807778952595629
791,486,1,0.5668275234503007
238,116,1,0.44697721507346305
588,48,1,0.393086912813829
1750,698,1,0.45172366677656206
38,122,1,0.4510604339027021
702,981,1,0.496435200776629
1930,717,1,0.5197380027785863
79,311,1,0.49800430859456485
1409,874,1,0.43091015371362296
355,252,1,0.4719124135436688
633,104,1,0.605517646170954
1106,272,1,0.5975146624621552
1621,902,1,0.03408810162715417
1584,131,1,0.25408482857920645
448,809,1,0.719961328405726
745,951,1,0.6418610232359283
1806,835,1,0.5249880634046755
522,805,1,0.043802447243655604
1051,158,1,0.6567853389276342
1699,244,1,0.5284782156726963
585,118,1,0.5542216603159843
1396,838,1,0.5342836949272664
714,764,1,0.0469831201823976
1544,895,1,0.6999503471996669
272,753,1,0.04509860599350513
1357,432,1,0.4582953920100923
990,942,1,0.430840306918981
1045,109,1,0.5360165980992727
70,57,1,0.047297392286067955
481,485,1,0.39682368965767373
1549,326,1,0.4995800060651377
1268,438,1,0.28419662747294616
1108,871,1,0.4308174661111802
1276,228,1,0.37595170440397463
1680,367,1,0.03446931378576084
864,508,1,0.35018291664964996
335,785,1,0.6635569309579225
18,528,1,0.43583820078068036
631,86,1,0.5844243708298423
712,457,1,0.5218880726992422
1165,278,1,0.42543686227725325
1261,600,1,0.36049529161335536
1012,656,1,0.41066049260832804
525,139,1,0.4643940765939211
535,42,1,0.4216551033256257
402,1,1,0.27250127532221946
1270,834,1,0.5150415348676749
723,972,1,0.5080387859788349
39,95,1,0.5120598511658544
317,519,1,0.6295890069475624
1695,474,1,0.43687793443359646
868,514,1,0.5296868109976667
195,547,1,0.576027127288876
622,346,1,0.035826740089338
1610,188,1,0.5244586219623508
1496,102,1,0.5734400568346647
119,225,1,0.7717176157506922
237,248,1,0.6424045772433256
676,797,1,0.4882222112365587
494,628,1,0.4518834955817628
1868,765,1,0.49315769662423903
282,5,1,0.025908731611157663
83,940,1,0.478444603489793
397,75,1,0.4244319489281295
1368,74,1,0.479628487222585
1186,371,1,0.3711894165550242
34,367,1,0.48048967805910425
271,980,1,0.04563591513999731
941,859,1,0.048391366504519105
1053,423,1,0.05948212884621183
1627,621,1,0.4888447855179771
1363,394,1,0.3086588345658586
1310,478,1,0.5226240642886115
1448,397,1,0.3119402349955327
1214,555,1,0.5852546478701033
1081,862,1,0.47208748321916516
1693,142,1,0.444396537167272
130,442,1,0.4853820515772991
26,561,1,0.4538240624708944
1366,345,1,0.5471439610446891
509,89,1,0.8137374963639477
1677,352,1,0.45228857842326764
120,184,1,0.478010310649183
912,143,1,0.5874572164443089
556,143,1,0.024636416968588856
285,756,1,0.042443483076517165
1806,609,1,0.5348953461453203
932,283,1,0.37781335254851495
465,320,1,0.5031276473225479
1164,831,1,0.4597883656579641
857,735,1,0.04922564546077342
1527,23,1,0.4022402699328133
1925,242,1,0.5259771099695513
1050,768,1,0.5761257488488709
1124,735,1,0.3610281939347265
1777,38,1,0.4202838585177176
105,570,1,0.044361564642999
866,586,1,0.5480956309401732
1873,516,1,0.6885582742697189
1820,512,1,0.02290932262649506
580,272,1,0.704131969949984
1075,222,1,0.031336884337953015
1008,682,1,0.45281778592359484
1230,676,1,0.04740378802457647
498,841,1,0.04886616288541044
1363,25,1,0.05104842881491125
543,209,1,0.03603287562690712
1034,80,1,0.44504250298724635
1092,735,1,0.4484856800195748
386,807,1,0.41941400152870906
1851,239,1,0.5117224861985057
981,252,1,0.45433874500194676
1922,270,1,0.04159861675214698
1682,959,1,0.6836587169999067
1196,499,1,0.8741163142777816
1632,203,1,0.04377494407059184
1079,737,1,0.4590763256298861
1567,395,1,0.2677229214488946
769,69,1,0.5460126204605028
1362,253,1,0.7303116099005176
1510,849,1,0.4555478747871458
946,71,1,0.49900628756250587
1676,619,1,0.4266957436286459
1986,65,1,0.4580502290028418
693,182,1,0.2998775346592737
1957,180,1,0.36863229095924227
879,916,1,0.04158064224836195
1536,118,1,0.3967864861129742
163,591,1,0.5221590528086447
639,676,1,0.8717505194845544
1181,918,1,0.3546910480163334
656,892,1,0.3744450244926535
788,846,1,0.05490120343568386
1583,341,1,0.19771279194770497
941,388,1,0.0377959345402364
1860,457,1,0.32980186772479086
1584,917,1,0.44582522130936986
887,667,1,0.5923610476580999
305,431,1,0.0208086735188507
1176,735,1,0.06440359778068044
1639,590,1,0.3491345920828436
584,227,1,0.2588898658132727
1862,809,1,0.4111963290841558
905,936,1,0.4200873212154717
293,938,1,0.7075318706909824
791,403,1,0.053423805852104364
1490,220,1,0.05806686637733969
559,234,1,0.4783129985139371
1456,617,1,0.036472528927861486
127,645,1,0.44540173453193177
35,836,1,0.05979603679435573
1189,44,1,0.4320328698852545
19,322,1,0.038848557279070814
1366,547,1,0.284085444654355
1483,994,1,0.0649110451432962
519,99,1,0.4501703957753747
902,346,1,0.4809491977735095
1434,985,1,0.4673858072627163
1848,782,1,0.44794434390379834
536,122,1,0.38004592723828456
1629,728,1,0.07353918714776381
593,135,1,0.7366980861306245
412,804,1,0.4339597819857747
100,780,1,0.04529983343574107
1127,365,1,0.026642690935314704
1788,373,1,0.5944479815541576
803,463,1,0.05212057059074874
1255,322,1,0.19841873371438906
724,294,1,0.6576846959162488
1793,185,1,0.4409181177997375
1538,646,1,0.4819304486119409
622,78,1,0.6294700006420785
1109,121,1,0.4458590544730159
1111,873,1,0.4089568373835869
1000,550,1,0.44480788299765384
447,603,1,0.406985959462664
398,854,1,0.48062616916539175
855,716,1,0.702408274472101
1954,862,1,0.04705047378281637
1249,501,1,0.5209367365542864
408,464,1,0.3795936027917869
1690,676,1,0.47450885039553364
1318,591,1,0.5443845293534576
330,861,1,0.053179412058639096
1591,881,1,0.0511887810923518
1482,412,1,0.7733174779952141
1791,91,1,0.4993614995581101
252,344,1,0.04166180129985852
1240,930,1,0.37664341975224336
1555,695,1,0.6270900016681985
498,932,1,0.6224673427393727
836,510,1,0.4821428229025383
1888,908,1,0.7346636494008177
1975,165,1,0.4559550211513154
1911,552,1,0.23545219222562266
506,96,1,0.028065837052818954
240,403,1,0.0385206889108674
1691,943,1,0.5048531135779876
1874,498,1,0.19206071102616024
570,7,1,0.04203530740480357
1210,266,1,0.03952623425918185
1731,753,1,0.3049472389465066
1389,223,1,0.054027721989131874
368,377,1,0.048258220092661674
622,604,1,0.5183142358612594
304,860,1,0.25058946014117567
155,539,1,0.05929005743181604
211,466,1,0.055821892802223834
287,377,1,0.03493590817261879
523,995,1,0.013921344723567194
50,82,1,0.26572506328768486
117,249,1,0.290977069284565
1483,80,1,0.04472702830319306
828,755,1,0.44763504113520586
849,159,1,0.5181695862575294
1049,859,1,0.029893602118942687
464,310,1,0.2791702606464419
995,276,1,0.5359302818320074
350,206,1,0.04164083896299715
647,97,1,0.7530341294428999
1283,384,1,0.47085070080266744
594,648,1,0.04898169525514669
1848,93,1,0.3580966429349999
823,449,1,0.4667435239415898
956,30,1,0.6480612023514447
71,273,1,0.2851699306000303
979,940,1,0.31913826815262153
1531,933,1,0.482549303604816
1970,467,1,0.3250558909170507
1780,249,1,0.025903633843029142
1404,95,1,0.5257622647513476
905,990,1,0.2869482697250982
748,443,1,0.3886117766616031
1616,995,1,0.5792122583309757
91,211,1,0.3144359669340059
1281,485,1,0.4279854529072861
135,730,1,0.5544172522826983
500,857,1,0.0437559391417419
1701,245,1,0.05231342288929216
1481,490,1,0.5727248557289225
1257,828,1,0.027072752465304092
1592,405,1,0.4444822559405729
438,863,1,0.4418174906308001
983,214,1,0.04987209119456598
1915,810,1,0.4416336615510165
1448,846,1,0.40622231324248026
590,340,1,0.0402467414708812
208,773,1,0.5631682656629098
1393,460,1,0.46597566918406597
251,255,1,0.05468891964303703
660,349,1,0.2592351020498522
558,205,1,0.048614194953309896
1365,415,1,0.03942674071087683
1336,950,1,0.05250575474422334
1465,176,1,0.5127340519403306
1167,608,1,0.3923283446039937
252,846,1,0.021821124888869455
1811,423,1,0.592438986303936
1606,241,1,0.057075384816396416
1565,54,1,0.40013105457984954
911,862,1,0.01379095135797298
1779,897,1,0.3905080784391019
534,430,1,0.5630642752035262
775,919,1,0.463066749882644
953,824,1,0.4967112873501317
885,90,1,0.28122353154046104
1961,468,1,0.4397799535748591
1546,183,1,0.0138082887140102
1522,147,1,0.46244861528314724
768,19,1,0.07492570554745769
1887,439,1,0.06388558951989842
1233,957,1,0.6805244327144393
620,746,1,0.5019344808867131
575,391,1,0.3583327275313766
1085,640,1,0.38105868689041245
1371,0,1,0.44599849713091816
474,400,1,0.49794540745162863
1542,550,1,0.058383833603289886
285,462,1,0.05897941030114757
784,280,1,0.05498922981510434
1023,632,1,0.4984391422672745
1542,434,1,0.5455582571946297
1165,871,1,0.40588465229347226
460,850,1,0.6472144341242134
1052,196,1,0.37400647923477087
1725,571,1,0.49516573777854134
167,455,1,0.531787432756857
819,815,1,0.06848597694957718
1754,118,1,0.04938101881779891
1156,915,1,0.4279472937325185
818,224,1,0.06643138919077599
1454,624,1,0.47455131173148174
628,766,1,0.04571301074201213
1528,539,1,0.4690483607658492
97,972,1,0.01577239005264374
680,667,1,0.3861054192541399
1973,550,1,0.6464161734534536
379,726,1,0.5486899202890733
133,161,1,0.3961936980272862
517,809,1,0.48252819371245487
568,779,1,0.6503954014219586
1771,234,1,0.3351641763627543
321,27,1,0.38307463760334437
1534,243,1,0.8808256150600641
1176,51,1,0.07675245913750806
1130,329,1,0.36259028178666985
1620,738,1,0.046727141170701834
1200,608,1,0.5157053227040486
484,749,1,0.4228526681269137
1983,76,1,0.37888873847742904
1230,287,1,0.6160619141157021
344,960,1,0.6393434061822684
330,98,1,0.030088657951932787
1180,956,1,0.06730172795266326
800,723,1,0.45966364901459145
361,575,1,0.849426254971136
1497,566,1,0.5217173122271567
1142,789,1,0.03281435335273533
210,853,1,0.6545275058168845
1101,584,1,0.5168591211248106
121,14,1,0.014180261144001373
1377,530,1,0.4282142453108162
92,436,1,0.49875594852777405
1554,178,1,0.053452599096732736
1320,798,1,0.531526639632544
299,419,1,0.4737690579412283
1005,90,1,0.5583304181357046
1139,870,1,0.8395074474428768
1246,742,1,0.9083269317537594
56,415,1,0.04705216885877607
1831,194,1,0.45374119692015774
1225,526,1,0.36570893022670103
431,550,1,0.42696565122991004
39,979,1,0.5220499234641827
1417,388,1,0.013947205963595884
1798,320,1,0.04732722896076551
845,540,1,0.04330439807894231
335,347,1,0.43269543977559843
513,539,1,0.4912329510698784
376,506,1,0.410533539501582
1611,692,1,0.0286255814533984
1330,131,1,0.048746152828874574
71,254,1,0.4914690631710147
1366,71,1,0.5538189157754559
1374,664,1,0.5040496100834829
1692,401,1,0.7596802594792954
1566,152,1,0.4956112656829483
536,779,1,0.5071407393274954
716,745,1,0.8826850177048091
419,117,1,0.7247565233064037
925,475,1,0.5622120746288031
1672,470,1,0.26998000610504497
1204,916,1,0.07924497163699301
646,188,1,0.5134989621104727
928,39,1,0.42435101188555946
1350,47,1,0.03456543734757741
1483,454,1,0.04820856935162761
1596,105,1,0.01135872113456747
1422,963,1,0.030832691954919
1670,754,1,0.7891549999211526
769,847,1,0.024244644427586472
1442,915,1,0.5785392009996261
938,876,1,0.39426695226443026
990,309,1,0.3966474877325458
1437,749,1,0.5142051567422109
810,227,1,0.339326606346379
695,229,1,0.36284864550867063
1734,202,1,0.4331168872344113
1399,972,1,0.46690276641728845
461,840,1,0.018273624702569352
344,999,1,0.04505935942738723
1647,852,1,0.5079223804066083
196,600,1,0.27502923459395556
39,578,1,0.5014192080289452
197,152,1,0.7716028680193799
291,910,1,0.45869953301432725
1321,823,1,0.40850462966285783
1136,778,1,0.4240175722029056
1809,622,1,0.381625378732557
140,736,1,0.5021731319508793
1654,636,1,0.05747952004529082
1422,30,1,0.04909392272090506
509,962,1,0.6246247906640233
1104,759,1,0.39218821510284907
1310,602,1,0.4458419509586249
1061,246,1,0.5042397736527492
1819,795,1,0.3574004344619218
1354,611,1,0.059991638774706126
1344,378,1,0.35491788396139856
375,383,1,0.6259479101096774
1884,245,1,0.29335052273978607
743,100,1,0.5692008064530751
854,660,1,0.40232295075804747
1314,796,1,0.6780866320211953
1333,422,1,0.3906620141931795
1433,252,1,0.40077638562618334
1064,248,1,0.47993331730377403
1764,197,1,0.264505676884083
1413,376,1,0.022744216203164615
1220,904,1,0.04450292060502852
753,175,1,0.04294842182575062
225,423,1,0.44865878525163966
353,136,1,0.04236317759387619
372,495,1,0.4736753072697945
905,408,1,0.2625523045387304
1665,485,1,0.3386906835008806
1160,900,1,0.055292642579973544
1897,459,1,0.5084623221663659
536,682,1,0.03972541091347677
1294,577,1,0.549272229796566
946,254,1,0.5798478116387273
237,432,1,0.6307969393472971
770,526,1,0.5507166788537116
784,264,1,0.3885769262383908
1316,787,1,0.43157314431072213
601,806,1,0.3305185210898601
1999,584,1,0.3964334679081482
427,323,1,0.06623067809465029
540,643,1,0.4753873953868051
1308,599,1,0.3662555078967058
912,472,1,0.5123526416870036
1226,655,1,0.413435330112214
412,436,1,0.48834990645788334
1448,679,1,0.2515113069548327
285,243,1,0.5345348300078642
493,436,1,0.037542525913075234
580,381,1,0.026310294732962834
641,919,1,0.5630280330416636
111,639,1,0.375435249098173
947,941,1,0.4301884003223682
810,575,1,0.5883108284840459
813,649,1,0.5597681647442823
1598,465,1,0.03690153285060667
842,288,1,0.5280923816690936
513,103,1,0.4984622751220808
1465,808,1,0.3670445931006566
1231,790,1,0.05270915623922821
374,408,1,0.049613682684265435
1723,594,1,0.4029196552084512
1892,875,1,0.4910708704501754
1616,299,1,0.5640899091474719
606,898,1,0.055341210771093434
1660,436,1,0.8467931520660411
1826,688,1,0.05287802094477877
1512,739,1,0.4170416042693794
1318,320,1,0.491625280183536
823,160,1,0.02259717119176762
776,970,1,0.037284572275146956
320,976,1,0.27595314273521176
1646,438,1,0.056158310739854535
1194,50,1,0.07440937866595086
523,531,1,0.2742588671369742
637,984,1,0.512848113908462
61,102,1,0.36507465670991557
1636,388,1,0.03192674497214521
231,29,1,0.7638800409205109
1086,571,1,0.6762566847210179
1962,416,1,0.011679240290869398
1618,920,1,0.2798344201332009
210,25,1,0.46103054611996075
717,111,1,0.4987479430296942
1898,345,1,0.30451323700062
1126,728,1,0.4010219130693861
107,817,1,0.4953852164737423
1531,549,1,0.35619352797664977
1658,898,1,0.6025226946978057
363,792,1,0.05870787275195981
200,172,1,0.3923169891476997
1982,368,1,0.6494586010128914
836,18,1,0.2908715760095428
1874,375,1,0.37384590175890364
15,833,1,0.4766916457416216
1688,30,1,0.352125415760697
276,371,1,0.46701351177857847
373,838,1,0.6423698520050352
1221,992,1,0.015745595001194462
1042,21,1,0.5503433586198108
451,289,1,0.5493324200108103
209,344,1,0.5054376844020976
334,556,1,0.0160939975020536
1782,975,1,0.3821156776316058
650,189,1,0.6399882096832928
598,128,1,0.03926337132008026
1416,926,1,0.27337033681620676
568,308,1,0.4080855894403631
940,269,1,0.07338722684544215
1271,374,1,0.7640833457185939
13,819,1,0.43842212679002485
1063,766,1,0.050960538333459565
517,55,1,0.5728239417412494
1779,370,1,0.34978012939454023
1711,46,1,0.44909789702000136
1561,151,1,0.07963547333345791
559,830,1,0.03218851807418593
862,214,1,0.37909515863655774
538,123,1,0.04035866981088826
1856,999,1,0.3422081045952912
1152,109,1,0.45525548466541127
1712,466,1,0.04484734943142338
153,235,1,0.19839143195486705
721,284,1,0.3877219872807944
1651,337,1,0.7572247033135251
681,567,1,0.4954041611273161
1325,213,1,0.013371012603085515
122,884,1,0.25857481034666324
1101,434,1,0.40617842138684535
1649,271,1,0.022433325779580078
479,140,1,0.4459573359675883
1213,776,1,0.7845232373383307
1143,353,1,0.05085371260223283
741,300,1,0.592890878022133
1234,555,1,0.378328905262415
1035,463,1,0.5040016020492156
694,467,1,0.46751705186744014
837,72,1,0.0282235560074613
1740,914,1,0.5412138453467481
1468,219,1,0.053276302070543534
304,899,1,0.05732459535287829
1719,157,1,0.4740102322466108
958,383,1,0.4599900066201574
966,142,1,0.4313977708610409
1676,975,1,0.5224025608249871
1438,381,1,0.40603342501122514
690,716,1,0.022594394077198474
458,240,1,0.061636638625512864
1048,658,1,0.05377464974911432
888,739,1,0.05722941808495223
1390,67,1,0.32979629096998764
20,892,1,0.5590354711747395
1130,70,1,0.5577150668086104
1971,166,1,0.01776147621061404
1048,564,1,0.6005815319075029
72,595,1,0.4337664766690706
421,489,1,0.3229677972441257
1640,816,1,0.45831867172583424
1558,289,1,0.05705076960640466
1651,60,1,0.025732571376896246
780,809,1,0.538635196362011
1433,67,1,0.0341028874143213
136,976,1,0.04358704892632392
640,150,1,0.01385251827128233
574,251,1,0.46428635634823284
1994,342,1,0.40792612409353585
1606,801,1,0.41614376144699666
994,252,1,0.061497681282891764
1856,41,1,0.49677257056705637
1251,113,1,0.37271929344858723
1388,628,1,0.35395544244007543
968,194,1,0.04659458365708912
68,151,1,0.04865416735138526
780,297,1,0.27236821505502046
364,57,1,0.49815017015188695
77,271,1,0.5251248376619192
341,622,1,0.27802498466252995
1402,638,1,0.6299955883196068
374,990,1,0.3915737483289253
1762,926,1,0.36777657035494504
1162,645,1,0.4644733121136484
158,909,1,0.05317871050971537
370,937,1,0.5337180704998743
1988,850,1,0.05462945972699296
1131,315,1,0.34757563112011836
1567,213,1,0.23153049572921333
1091,166,1,0.05733208115892536
1500,57,1,0.41947527813009644
1286,422,1,0.3191839687637737
910,58,1,0.026819252916770647
1005,269,1,0.571628558650735
1604,511,1,0.04329020350114224
344,63,1,0.0515275379831714
1387,42,1,0.41734532336779734
1213,253,1,0.04042806755173902
1956,836,1,0.46835756204460705
370,577,1,0.39212066728339773
1451,298,1,0.013877642354074961
1019,781,1,0.04275894428408909
50,839,1,0.25697132156161356
998,851,1,0.4623739477159954
655,152,1,0.0705538609516653
356,903,1,0.04261873034640427
1254,28,1,0.6323034434804814
1249,919,1,0.4598470310759616
1169,681,1,0.07077425938609742
1092,113,1,0.40518169150353756
902,755,1,0.01673092117583911
1241,370,1,0.6347298362312788
1923,881,1,0.40316342013508505
76,546,1,0.05935651685365735
1614,390,1,0.476594808264186
629,288,1,0.47721725351624034
678,520,1,0.46173487818278014
369,287,1,0.4695907267635465
1138,901,1,0.7641007715103425
1422,256,1,0.35912023623248157
1603,894,1,0.5200187322526874
872,39,1,0.03530279217189862
1,248,1,0.46222023246946126
89,920,1,0.5155204792109339
1511,957,1,0.792300540091485
1295,547,1,0.34278241388138714
1226,300,1,0.035223069562991476
808,632,1,0.04552351067243693
1437,882,1,0.4580300339850014
1344,931,1,0.5204012704533344
738,785,1,0.6078924964478979
433,843,1,0.03532293577312569
1272,394,1,0.04138184704431005
1312,230,1,0.5427503732919643
685,409,1,0.05628525483300652
67,79,1,0.2964963918178159
256,300,1,0.43178391588891296
1776,559,1,0.5079555991450386
28,320,1,0.35256867235500233
1435,312,1,0.4496677616304054
1123,721,1,0.04472784714002122
251,506,1,0.4758894732605743
1035,12,1,0.4505155849408221
1028,578,1,0.4638799210953314
